loan_id,origination_date,product_type,principal_amount,apr,term_months,monthly_payment,fico_band,borrower_monthly_income,dti_ratio,ltv_ratio,state
LN000001,2024-03-08,new_auto,20926.38,0.0717,48,502.76,700-739,8348.94,0.3432,0.8391,TX
LN000002,2024-04-04,new_auto,31751.7,0.1808,60,807.67,<580,8671.36,0.3172,0.9888,IL
LN000003,2023-12-11,refi_auto,43663.95,0.1248,84,782.04,620-659,5590.05,0.2726,1.2307,CA
LN000004,2024-01-23,new_auto,47832.24,0.1981,48,1450.71,<580,8783.8,0.345,1.2379,CA
LN000005,2023-10-24,used_auto,37070.43,0.0909,60,771.14,700-739,8577.49,0.1483,0.9026,CA
LN000006,2024-12-19,refi_auto,25865.93,0.0636,72,433.08,740-779,4133.76,0.3906,1.1016,AZ
LN000007,2024-12-05,used_auto,16043.52,0.0869,60,330.63,700-739,6590.53,0.201,1.2164,PA
LN000008,2024-08-03,new_auto,44110.74,0.1217,48,1165.29,620-659,9401.38,0.2604,0.8298,WA
LN000009,2024-07-05,used_auto,26594.7,0.1474,84,509.32,620-659,3971.55,0.3063,1.1352,OH
LN000010,2023-04-23,used_auto,35426.05,0.0609,60,686.37,740-779,6978.12,0.1843,0.8212,FL
LN000011,2024-07-20,used_auto,27841.52,0.0669,84,416.0,700-739,7686.29,0.2401,0.9131,TX
LN000012,2025-01-09,new_auto,49585.06,0.0875,72,887.66,700-739,3714.73,0.6041,1.0042,WA
LN000013,2024-01-18,used_auto,16396.64,0.1474,72,344.4,620-659,9701.69,0.1918,0.8895,FL
LN000014,2025-05-01,used_auto,32926.62,0.065,72,553.49,700-739,6806.57,0.1762,0.9633,OH
LN000015,2023-05-09,new_auto,34665.78,0.1224,84,616.4,620-659,9491.39,0.3338,1.0397,FL
LN000016,2024-12-07,refi_auto,15760.97,0.0808,84,246.28,700-739,10707.78,0.2512,1.1399,NY
LN000017,2024-08-25,used_auto,39569.29,0.0612,84,580.33,740-779,3792.23,0.3889,0.9521,PA
LN000018,2024-06-10,new_auto,11336.68,0.1389,60,263.14,620-659,3352.68,0.2184,0.9487,NY
LN000019,2023-04-07,used_auto,33343.99,0.1417,84,628.0,620-659,4792.58,0.4316,0.9832,CA
LN000020,2024-02-17,used_auto,27321.81,0.0909,48,681.07,700-739,8321.59,0.3901,0.8443,WA
LN000021,2025-06-14,refi_auto,19686.85,0.0957,84,322.47,660-699,3949.49,0.2851,1.0082,CA
LN000022,2023-06-20,refi_auto,33865.29,0.0915,48,845.15,660-699,10745.77,0.3055,1.1819,GA
LN000023,2025-03-14,new_auto,26848.89,0.0918,84,434.43,660-699,2817.67,0.601,1.2169,NC
LN000024,2024-08-16,used_auto,42333.75,0.1435,84,801.54,620-659,4069.33,0.4557,1.2359,WA
LN000025,2023-03-12,used_auto,10686.77,0.0825,60,217.97,700-739,3266.41,0.5312,1.1831,IL
LN000026,2024-11-04,refi_auto,26977.45,0.2082,60,727.1,<580,7547.14,0.1609,0.8369,IL
LN000027,2023-11-04,new_auto,20255.99,0.0851,72,360.22,700-739,4757.22,0.3428,1.1023,NC
LN000028,2023-12-24,used_auto,11409.53,0.1337,48,308.19,620-659,3400.74,0.3461,0.9193,CA
LN000029,2023-01-09,used_auto,15414.1,0.064,72,258.38,780+,7815.76,0.3621,1.0943,AZ
LN000030,2023-06-09,new_auto,39179.27,0.0782,60,791.04,740-779,4968.62,0.6337,1.1341,OH
LN000031,2023-02-22,new_auto,24115.37,0.1406,72,497.69,620-659,6944.35,0.2088,1.2087,CA
LN000032,2024-07-18,used_auto,10072.08,0.075,60,201.82,700-739,8024.33,0.1468,1.1336,WA
LN000033,2023-06-01,new_auto,11536.46,0.1165,60,254.59,660-699,7273.84,0.3424,1.0621,GA
LN000034,2023-04-16,new_auto,50252.13,0.1739,48,1460.19,580-619,10171.18,0.2283,0.9123,MI
LN000035,2025-03-30,refi_auto,27099.74,0.0686,60,534.82,740-779,10391.26,0.1401,0.8731,FL
LN000036,2023-10-01,new_auto,42618.53,0.049,84,600.37,780+,9378.33,0.3094,1.1648,FL
LN000037,2025-04-20,new_auto,48991.84,0.0758,60,983.56,740-779,4436.5,0.75,0.9573,NY
LN000038,2024-02-14,used_auto,26727.9,0.1284,48,714.92,620-659,10728.49,0.1612,1.0887,AZ
LN000039,2023-04-22,used_auto,52144.15,0.0425,72,821.76,780+,4264.26,0.75,0.9195,IL
LN000040,2024-12-26,used_auto,22742.83,0.1082,48,585.81,660-699,5958.6,0.3783,0.9146,GA
LN000041,2023-12-05,refi_auto,33307.24,0.2016,60,885.41,<580,5786.62,0.2487,1.0989,IL
LN000042,2024-07-21,used_auto,41828.45,0.129,72,837.46,620-659,8268.52,0.2364,1.1137,FL
LN000043,2023-01-01,used_auto,25819.83,0.1424,60,604.0,620-659,7847.22,0.2123,1.0466,OH
LN000044,2025-03-23,used_auto,35259.28,0.1396,84,659.98,620-659,6422.65,0.3965,1.03,WA
LN000045,2023-11-14,new_auto,32226.24,0.169,72,715.11,580-619,3565.78,0.75,0.9057,NY
LN000046,2025-01-05,new_auto,10172.04,0.0795,48,248.09,740-779,6534.41,0.3975,1.0591,WA
LN000047,2024-12-13,used_auto,14935.85,0.1106,48,386.46,660-699,9183.05,0.1381,1.1618,PA
LN000048,2024-09-01,used_auto,51121.09,0.0936,60,1070.14,660-699,9371.62,0.3136,1.2446,MI
LN000049,2025-01-31,refi_auto,36794.66,0.0606,84,538.58,780+,9610.67,0.2231,1.2037,NC
LN000050,2023-10-20,used_auto,47473.56,0.0983,84,783.95,660-699,7939.34,0.2252,0.8349,NY
LN000051,2024-02-29,new_auto,33387.15,0.1242,60,749.78,620-659,5940.89,0.2501,0.8963,GA
LN000052,2025-05-27,used_auto,10926.49,0.115,84,189.97,660-699,10219.68,0.1835,1.113,IL
LN000053,2023-08-14,new_auto,24532.66,0.1126,84,423.42,660-699,7213.41,0.3382,1.1599,NC
LN000054,2024-09-29,used_auto,9364.17,0.1301,84,170.4,620-659,8738.29,0.2769,1.2138,PA
LN000055,2024-01-24,used_auto,34526.42,0.1808,84,727.29,<580,3912.74,0.5477,0.8226,MI
LN000056,2024-07-06,new_auto,43777.8,0.1314,84,799.74,620-659,4868.63,0.2834,0.8087,TX
LN000057,2023-01-21,new_auto,38556.77,0.0624,48,909.76,780+,8984.71,0.3783,0.8897,IL
LN000058,2024-09-12,new_auto,39464.57,0.1669,60,974.23,580-619,6613.28,0.293,0.966,IL
LN000059,2024-11-24,used_auto,44556.22,0.0439,72,705.04,780+,3686.41,0.3151,0.9404,GA
LN000060,2024-09-06,used_auto,11571.83,0.1107,60,252.0,660-699,3635.59,0.6468,1.1826,CA
LN000061,2024-03-06,used_auto,9930.25,0.066,72,167.4,740-779,3365.45,0.5919,0.8057,NC
LN000062,2023-10-04,refi_auto,37872.5,0.1749,60,951.24,580-619,6370.99,0.4655,1.2345,IL
LN000063,2023-10-13,used_auto,30724.38,0.0631,72,513.7,740-779,5442.9,0.2671,1.2206,NC
LN000064,2023-12-30,used_auto,36685.59,0.1314,48,986.73,620-659,6853.31,0.3067,1.0194,OH
LN000065,2024-02-21,refi_auto,40955.64,0.0983,48,1035.4,660-699,7036.34,0.2637,0.9086,NC
LN000066,2024-12-09,new_auto,30376.38,0.0864,84,483.2,700-739,9302.05,0.117,0.8997,NY
LN000067,2024-04-09,used_auto,30243.24,0.1359,84,559.93,620-659,10972.38,0.1978,0.9583,OH
LN000068,2024-08-26,new_auto,41900.36,0.1295,60,952.29,620-659,4370.64,0.6812,0.9244,PA
LN000069,2023-10-08,refi_auto,47133.53,0.0739,72,812.44,700-739,4271.42,0.2911,1.0404,TX
LN000070,2024-05-05,used_auto,40778.62,0.0428,84,562.67,780+,3641.22,0.2718,0.928,NC
LN000071,2024-10-06,refi_auto,19866.48,0.1159,48,519.17,660-699,9541.35,0.1887,0.8333,AZ
LN000072,2025-03-20,new_auto,34453.46,0.1891,60,892.04,<580,3771.3,0.75,1.0728,IL
LN000073,2025-01-27,used_auto,29174.18,0.1333,84,535.98,620-659,5304.12,0.434,1.0743,CA
LN000074,2024-02-23,new_auto,17918.18,0.0588,60,345.41,780+,4766.89,0.4111,0.8704,NC
LN000075,2023-09-28,used_auto,9534.07,0.0736,72,164.2,700-739,8564.5,0.1825,1.1093,AZ
LN000076,2023-03-15,used_auto,17297.5,0.0684,60,341.21,700-739,8110.6,0.3378,1.172,TX
LN000077,2024-02-17,new_auto,43201.01,0.1671,72,954.08,580-619,6401.06,0.3726,0.9368,OH
LN000078,2023-08-23,used_auto,11780.77,0.0912,84,190.26,660-699,8823.18,0.2174,0.8116,AZ
LN000079,2024-06-15,used_auto,52686.96,0.08,72,923.77,740-779,7525.23,0.399,0.8788,AZ
LN000080,2023-11-25,new_auto,54856.44,0.1031,84,919.49,660-699,10746.25,0.219,0.9838,AZ
LN000081,2023-11-19,new_auto,27347.32,0.1649,84,550.83,580-619,9471.24,0.2282,1.0047,OH
LN000082,2023-07-12,refi_auto,26996.23,0.1354,48,731.5,620-659,8192.82,0.2838,0.986,PA
LN000083,2024-12-16,used_auto,37394.21,0.1128,60,818.27,660-699,4989.86,0.3019,0.9296,NC
LN000084,2023-08-19,refi_auto,36616.97,0.1572,60,885.02,580-619,5348.15,0.2459,0.9836,CA
LN000085,2024-04-28,new_auto,47110.73,0.105,72,884.69,660-699,6972.75,0.2705,1.1756,NY
LN000086,2024-02-29,new_auto,16958.69,0.108,60,367.03,660-699,9885.02,0.1391,1.1555,MI
LN000087,2025-06-05,used_auto,46565.83,0.0475,72,744.55,780+,9667.3,0.2504,1.097,FL
LN000088,2024-12-15,used_auto,23624.68,0.1129,84,408.12,660-699,6533.83,0.232,0.8849,NY
LN000089,2024-11-10,new_auto,44450.59,0.0663,84,662.87,700-739,8582.87,0.3318,0.9737,AZ
LN000090,2024-06-22,used_auto,9739.92,0.0541,72,158.72,780+,9931.54,0.2499,0.9981,NC
LN000091,2024-12-10,new_auto,48933.85,0.2091,48,1512.9,<580,6649.82,0.6083,0.9524,GA
LN000092,2024-05-14,refi_auto,48060.04,0.0908,84,775.19,700-739,10623.94,0.2404,1.1993,PA
LN000093,2024-10-10,new_auto,37664.57,0.2076,60,1013.87,<580,8923.48,0.2654,0.8443,WA
LN000094,2024-03-17,used_auto,40618.05,0.0661,48,965.32,780+,5459.87,0.2727,0.9613,FL
LN000095,2023-09-04,used_auto,40044.62,0.1254,60,901.74,620-659,3447.54,0.75,1.0789,NC
LN000096,2023-10-22,new_auto,29674.05,0.0466,72,473.23,780+,8268.09,0.3448,1.0094,AZ
LN000097,2025-05-15,new_auto,52426.07,0.0946,72,957.02,700-739,8039.3,0.2849,0.9125,OH
LN000098,2025-04-29,used_auto,30710.78,0.1271,72,611.8,620-659,7513.46,0.4253,0.9329,AZ
LN000099,2023-10-21,new_auto,48658.17,0.1133,48,1265.41,660-699,10267.06,0.3219,1.1748,NY
LN000100,2023-11-13,used_auto,37921.04,0.0836,60,775.45,700-739,7951.63,0.3978,1.0909,NC
LN000101,2024-07-06,used_auto,14176.35,0.2073,72,345.59,<580,8929.34,0.1268,0.8595,MI
LN000102,2025-04-03,refi_auto,47032.21,0.0727,84,716.07,700-739,10732.55,0.1645,1.1917,CA
LN000103,2025-03-20,new_auto,43445.12,0.0968,84,714.08,660-699,10731.61,0.2688,0.9646,GA
LN000104,2023-04-21,used_auto,29374.94,0.2002,72,703.95,<580,7593.39,0.3837,1.2231,AZ
LN000105,2024-12-18,new_auto,49559.04,0.1368,60,1144.95,620-659,8110.75,0.3628,1.0089,OH
LN000106,2024-02-02,new_auto,10131.3,0.0661,84,150.98,700-739,3752.19,0.2845,1.0419,NC
LN000107,2024-09-22,refi_auto,40734.75,0.1062,60,877.97,660-699,10060.39,0.2702,1.1752,GA
LN000108,2024-12-03,new_auto,40443.19,0.0455,84,563.11,780+,10594.55,0.2685,0.8447,MI
LN000109,2023-04-04,refi_auto,24857.67,0.0769,60,500.34,700-739,10739.3,0.2782,1.1709,AZ
LN000110,2023-03-12,used_auto,53641.39,0.1215,72,1052.89,620-659,4797.26,0.3606,1.0541,PA
LN000111,2023-05-29,new_auto,48875.69,0.1299,60,1111.82,620-659,9266.88,0.3046,0.9248,FL
LN000112,2023-11-28,used_auto,13166.54,0.091,60,273.96,700-739,2921.85,0.75,0.9071,TX
LN000113,2023-04-22,new_auto,42860.75,0.1658,48,1227.46,580-619,6705.22,0.498,1.031,NC
LN000114,2024-05-05,refi_auto,10038.16,0.1135,72,192.87,660-699,6555.95,0.4139,0.8274,GA
LN000115,2024-10-01,new_auto,41482.86,0.1033,48,1058.7,660-699,5441.32,0.3281,0.8568,AZ
LN000116,2024-12-19,used_auto,25902.51,0.0829,72,457.83,700-739,6520.47,0.3358,0.8446,CA
LN000117,2025-04-27,used_auto,44141.25,0.0716,60,877.39,740-779,6326.57,0.5107,0.9862,NC
LN000118,2023-03-10,used_auto,22689.77,0.0994,72,419.66,660-699,5869.27,0.1969,1.2153,CA
LN000119,2023-12-04,new_auto,12538.53,0.0722,60,249.58,740-779,7362.24,0.2635,1.0527,AZ
LN000120,2024-08-14,used_auto,39271.0,0.1725,48,1138.25,580-619,10740.87,0.2662,0.9582,PA
LN000121,2024-03-15,used_auto,18539.51,0.1232,72,365.54,620-659,3742.06,0.3684,0.9018,PA
LN000122,2023-01-30,used_auto,36837.94,0.0583,48,862.27,780+,7793.76,0.3476,1.1121,FL
LN000123,2023-05-26,used_auto,51312.26,0.1305,60,1168.83,620-659,9932.87,0.2834,0.9804,WA
LN000124,2023-11-29,new_auto,43067.25,0.0715,84,653.16,700-739,6519.9,0.2146,0.9402,IL
LN000125,2024-05-12,refi_auto,15312.26,0.0876,48,379.3,700-739,8326.54,0.1655,1.0979,IL
LN000126,2024-06-23,new_auto,43482.33,0.0934,84,707.12,660-699,3709.3,0.7007,1.0669,AZ
LN000127,2023-09-19,new_auto,54268.95,0.1216,60,1211.58,620-659,5271.64,0.3939,0.8618,OH
LN000128,2024-11-15,new_auto,43109.66,0.1253,84,773.28,620-659,7167.18,0.2343,1.0514,MI
LN000129,2024-12-27,refi_auto,9988.21,0.1806,48,293.72,<580,9869.3,0.1986,1.058,AZ
LN000130,2025-05-14,new_auto,8980.26,0.0997,84,148.94,660-699,9622.61,0.2673,0.8397,CA
LN000131,2023-03-20,used_auto,32626.24,0.1319,72,658.22,620-659,8915.6,0.1734,1.1506,PA
LN000132,2023-08-30,used_auto,17113.47,0.0883,72,307.04,700-739,8764.51,0.2862,1.1668,CA
LN000133,2025-02-11,new_auto,36312.75,0.1728,48,1053.07,580-619,4252.6,0.7415,1.0224,IL
LN000134,2023-03-11,used_auto,51435.25,0.0669,72,869.28,740-779,9886.82,0.2679,0.8679,NC
LN000135,2025-05-01,new_auto,20909.66,0.0917,48,522.03,660-699,5345.34,0.3585,0.8256,OH
LN000136,2023-02-12,refi_auto,48198.79,0.1985,84,1065.96,<580,6594.24,0.4072,1.1563,NC
LN000137,2025-05-07,used_auto,16847.25,0.0572,60,323.52,780+,10653.32,0.161,1.1649,MI
LN000138,2024-01-08,new_auto,38367.97,0.0402,84,524.8,780+,10926.09,0.1902,1.0744,MI
LN000139,2023-04-07,used_auto,44399.85,0.0594,48,1041.51,780+,9271.66,0.3091,0.8297,PA
LN000140,2023-12-25,new_auto,42015.48,0.0847,60,861.4,700-739,5533.57,0.4596,0.8636,OH
LN000141,2025-04-12,used_auto,26422.03,0.0569,48,616.77,780+,5338.57,0.3457,1.1562,FL
LN000142,2024-01-07,used_auto,42722.41,0.0856,48,1054.25,700-739,8097.4,0.2946,0.9628,OH
LN000143,2025-03-18,new_auto,52540.41,0.1346,60,1207.86,620-659,10999.81,0.1772,0.9331,CA
LN000144,2023-06-07,used_auto,42716.27,0.1058,72,803.91,660-699,9986.42,0.2567,1.0688,FL
LN000145,2024-03-30,used_auto,37362.8,0.1471,84,714.92,620-659,3158.28,0.6068,1.1238,IL
LN000146,2023-07-18,used_auto,29099.61,0.136,72,593.4,620-659,10717.89,0.2537,1.2068,MI
LN000147,2023-07-24,used_auto,28708.08,0.0881,84,459.12,700-739,6923.83,0.2571,0.8729,IL
LN000148,2023-03-27,new_auto,38135.41,0.1762,48,1112.67,580-619,8633.49,0.3067,0.8561,FL
LN000149,2024-02-29,refi_auto,14925.39,0.1331,60,341.97,620-659,9496.97,0.2831,1.2187,TX
LN000150,2024-10-27,used_auto,26149.81,0.0924,60,545.88,660-699,3031.14,0.75,1.1776,MI
LN000151,2023-03-23,new_auto,21483.33,0.0749,60,430.38,740-779,9022.5,0.2064,1.0769,TX
LN000152,2023-02-18,used_auto,33793.8,0.1418,84,636.66,620-659,3711.73,0.4501,0.9355,NY
LN000153,2023-09-05,used_auto,29484.34,0.0933,84,479.33,660-699,7693.26,0.119,1.0319,WA
LN000154,2024-01-05,used_auto,36896.05,0.1572,84,726.96,580-619,4335.97,0.599,1.0356,CA
LN000155,2024-01-18,used_auto,44961.38,0.0542,48,1044.0,780+,6001.72,0.4129,1.0861,OH
LN000156,2023-02-15,used_auto,11175.3,0.0572,48,261.02,740-779,9126.31,0.2497,0.9496,MI
LN000157,2023-05-19,used_auto,16229.19,0.0884,84,259.8,700-739,10842.72,0.1579,0.882,CA
LN000158,2024-02-12,refi_auto,9738.24,0.056,60,186.46,740-779,10063.48,0.1273,0.9395,PA
LN000159,2024-01-12,new_auto,38404.32,0.0986,48,971.45,660-699,9899.55,0.2123,0.856,GA
LN000160,2024-06-15,used_auto,50047.96,0.0506,60,945.84,780+,6868.87,0.3553,1.2159,OH
LN000161,2024-11-07,used_auto,11709.57,0.0681,60,230.82,740-779,7272.89,0.1839,0.836,OH
LN000162,2024-09-21,used_auto,28027.46,0.1407,72,578.58,620-659,6466.46,0.3986,1.2102,GA
LN000163,2023-02-01,refi_auto,52551.51,0.1223,84,934.15,620-659,5779.15,0.5358,1.1057,FL
LN000164,2024-08-03,used_auto,28594.12,0.0538,60,544.6,740-779,9183.83,0.1906,0.9723,TX
LN000165,2024-10-27,used_auto,52594.71,0.0762,48,1274.63,700-739,7506.16,0.3783,0.9791,OH
LN000166,2024-12-21,new_auto,42576.72,0.135,84,786.17,620-659,10291.05,0.1404,1.1487,NC
LN000167,2024-12-31,used_auto,40617.09,0.15,60,966.28,620-659,3805.63,0.75,1.0034,NC
LN000168,2023-11-04,used_auto,53475.38,0.0686,72,908.11,780+,8618.23,0.2922,0.9307,FL
LN000169,2025-03-20,refi_auto,37971.9,0.0738,60,758.72,740-779,3795.17,0.4218,0.8625,NC
LN000170,2025-01-04,used_auto,25338.82,0.2041,60,677.12,<580,7817.98,0.162,0.9392,WA
LN000171,2024-11-27,used_auto,27243.38,0.1072,60,588.54,660-699,10773.51,0.2229,1.0025,PA
LN000172,2025-06-08,refi_auto,44672.36,0.1092,60,969.5,660-699,9095.81,0.1818,1.0263,TX
LN000173,2025-05-16,used_auto,22293.85,0.0549,60,425.74,740-779,5637.39,0.5137,1.2027,CA
LN000174,2024-08-29,used_auto,33889.55,0.1238,72,669.26,620-659,7838.31,0.1626,1.0884,IL
LN000175,2024-10-18,used_auto,41869.74,0.1682,48,1204.26,580-619,9566.94,0.1742,0.8205,IL
LN000176,2023-11-06,new_auto,34890.45,0.1385,48,950.81,620-659,6883.91,0.3967,0.9304,NC
LN000177,2023-12-15,used_auto,27086.35,0.1336,48,731.51,620-659,4096.26,0.4995,1.009,IL
LN000178,2024-07-29,refi_auto,23007.87,0.1796,72,524.24,580-619,10798.07,0.1122,0.9667,CA
LN000179,2024-03-04,used_auto,20571.17,0.1274,48,549.22,620-659,3214.96,0.75,1.1889,NY
LN000180,2024-04-23,refi_auto,46233.46,0.067,72,781.59,780+,4356.64,0.3517,1.2482,NC
LN000181,2023-02-21,used_auto,12232.31,0.0508,84,173.35,780+,10726.83,0.0976,0.9588,OH
LN000182,2025-01-14,refi_auto,38750.22,0.1041,48,990.45,660-699,9746.81,0.2399,1.1971,MI
LN000183,2024-04-06,used_auto,26827.34,0.0671,60,527.55,740-779,5772.69,0.2707,0.9739,PA
LN000184,2024-01-10,refi_auto,39978.74,0.1236,48,1059.87,620-659,6030.01,0.5321,0.9526,FL
LN000185,2023-06-02,used_auto,31503.66,0.1214,60,703.01,620-659,8651.45,0.3319,1.0337,IL
LN000186,2023-12-11,new_auto,51774.33,0.0486,84,728.37,780+,10923.05,0.2522,0.9347,PA
LN000187,2024-08-20,used_auto,41310.77,0.059,48,968.29,740-779,5820.53,0.4898,1.241,OH
LN000188,2024-08-15,used_auto,40338.05,0.0508,84,571.65,740-779,4977.35,0.485,1.2374,IL
LN000189,2024-12-18,new_auto,30581.09,0.1357,84,565.85,620-659,4011.76,0.6141,0.8142,CA
LN000190,2025-06-12,used_auto,27682.67,0.1324,60,633.27,620-659,6165.09,0.4441,1.2142,WA
LN000191,2024-06-29,used_auto,32378.11,0.0668,84,483.62,740-779,7108.91,0.2214,0.8779,MI
LN000192,2024-07-25,used_auto,48779.76,0.0854,72,868.19,700-739,7802.63,0.2167,0.9109,OH
LN000193,2024-07-27,refi_auto,21987.88,0.1287,60,498.83,620-659,8459.97,0.2334,1.0159,WA
LN000194,2023-10-25,new_auto,39801.25,0.1314,84,727.1,620-659,9510.7,0.3393,1.1621,TX
LN000195,2023-10-05,used_auto,24279.09,0.1333,72,491.62,620-659,8928.18,0.1526,1.1726,PA
LN000196,2023-08-27,new_auto,36936.82,0.0826,60,753.55,700-739,3216.28,0.75,0.9016,TX
LN000197,2024-02-21,new_auto,30202.98,0.1704,60,751.27,580-619,2842.49,0.75,1.2181,AZ
LN000198,2023-04-02,refi_auto,30440.08,0.045,72,483.21,780+,5433.58,0.4241,1.2086,AZ
LN000199,2023-02-07,used_auto,41986.53,0.0931,60,877.9,700-739,6226.66,0.5012,1.2203,GA
LN000200,2023-04-20,new_auto,43203.15,0.0762,72,749.5,740-779,9989.29,0.1171,1.0556,MI
LN000201,2023-04-26,refi_auto,33535.12,0.1348,60,771.29,620-659,9778.69,0.2251,0.8868,MI
LN000202,2023-06-29,used_auto,20091.45,0.1556,72,430.97,580-619,9284.29,0.224,1.1408,IL
LN000203,2024-05-03,refi_auto,46868.52,0.0655,48,1112.57,740-779,6086.83,0.283,1.2418,MI
LN000204,2023-01-12,new_auto,26028.0,0.0524,72,422.08,780+,10623.09,0.1399,1.1253,OH
LN000205,2024-12-21,used_auto,10919.84,0.0685,72,185.39,700-739,4109.68,0.5097,1.2154,OH
LN000206,2025-02-04,used_auto,52209.87,0.076,60,1048.66,700-739,4596.85,0.3791,0.8689,IL
LN000207,2025-03-17,used_auto,50901.45,0.1127,60,1113.59,660-699,9047.25,0.3327,1.0681,CA
LN000208,2024-08-09,used_auto,25003.89,0.0925,48,625.2,700-739,3306.42,0.6745,1.0275,PA
LN000209,2024-04-01,new_auto,32456.05,0.1535,60,778.1,580-619,8678.73,0.2597,1.2045,TX
LN000210,2023-09-18,used_auto,29469.53,0.0917,84,476.68,660-699,8316.7,0.1869,0.8098,TX
LN000211,2024-04-28,used_auto,10128.62,0.0603,48,238.01,740-779,7237.54,0.1065,1.2024,TX
LN000212,2024-01-22,new_auto,14365.16,0.1392,84,268.57,620-659,5870.58,0.4479,1.0018,GA
LN000213,2023-05-11,refi_auto,49104.02,0.184,72,1131.09,<580,3772.79,0.75,0.9769,WA
LN000214,2025-04-23,used_auto,43540.43,0.0684,84,653.74,780+,8322.7,0.2705,1.0394,NY
LN000215,2023-01-17,new_auto,20955.54,0.1481,48,581.19,620-659,3064.18,0.75,1.0767,NY
LN000216,2024-07-06,new_auto,9578.08,0.1379,48,260.73,620-659,4806.82,0.1577,0.9975,NY
LN000217,2024-09-04,used_auto,14586.37,0.0798,60,295.62,740-779,9489.45,0.2429,0.9435,AZ
LN000218,2024-08-28,new_auto,49184.14,0.0796,60,996.34,740-779,6191.19,0.3233,1.0505,WA
LN000219,2023-11-23,used_auto,28078.43,0.0539,72,457.3,780+,10521.01,0.2219,1.1536,WA
LN000220,2023-05-28,new_auto,25693.63,0.1126,84,443.46,660-699,4775.94,0.2804,1.1859,NC
LN000221,2023-03-22,used_auto,53485.95,0.0557,60,1023.37,780+,5985.04,0.3316,0.9486,NC
LN000222,2023-03-16,new_auto,42055.48,0.0557,72,688.48,740-779,5892.78,0.4106,0.8178,NY
LN000223,2023-01-16,used_auto,39558.17,0.0565,60,758.35,740-779,9929.69,0.1904,1.2307,NY
LN000224,2024-02-11,refi_auto,13513.86,0.069,84,203.3,780+,10298.42,0.2072,1.1167,NY
LN000225,2024-04-22,used_auto,25891.1,0.081,72,455.22,700-739,5329.06,0.309,1.1973,CA
LN000226,2023-08-15,used_auto,43796.56,0.0596,60,845.9,740-779,5839.78,0.3693,1.0531,WA
LN000227,2024-08-06,new_auto,51933.64,0.1674,84,1053.52,580-619,5220.58,0.3611,0.9035,NY
LN000228,2023-06-22,used_auto,40187.79,0.0977,84,662.4,660-699,10725.37,0.2307,1.0208,WA
LN000229,2025-04-17,new_auto,41854.74,0.0646,48,991.81,740-779,7096.34,0.4563,0.8334,AZ
LN000230,2024-01-18,new_auto,14462.1,0.1989,48,439.24,<580,8598.79,0.0999,1.0276,TX
LN000231,2023-01-18,used_auto,36976.41,0.0795,84,575.4,700-739,2929.0,0.7328,0.9851,PA
LN000232,2023-04-09,used_auto,21474.36,0.0651,84,318.99,740-779,9410.58,0.2891,0.8482,PA
LN000233,2024-04-15,new_auto,32743.43,0.1745,72,736.66,580-619,9318.48,0.1406,1.2317,IL
LN000234,2023-04-06,used_auto,22098.81,0.1448,48,609.22,620-659,8160.63,0.355,1.1418,GA
LN000235,2023-12-06,used_auto,10637.4,0.0903,60,220.97,660-699,3478.03,0.7132,1.0902,IL
LN000236,2024-05-01,refi_auto,50055.19,0.0666,60,983.14,780+,4533.62,0.7264,1.1994,OH
LN000237,2023-08-01,new_auto,51502.49,0.207,48,1586.51,<580,4270.71,0.75,0.807,IL
LN000238,2024-02-03,used_auto,46582.41,0.1779,72,1056.92,580-619,4132.09,0.4806,1.1756,AZ
LN000239,2024-03-23,new_auto,43513.64,0.0432,48,988.74,780+,6906.5,0.5114,0.8242,NY
LN000240,2025-03-13,new_auto,44143.27,0.0786,84,684.95,740-779,10745.15,0.1678,1.0854,NC
LN000241,2024-12-31,used_auto,52233.71,0.103,84,875.26,660-699,3502.69,0.75,1.1591,CA
LN000242,2023-11-12,new_auto,41448.83,0.199,84,917.93,<580,5396.76,0.2876,0.8023,NC
LN000243,2023-04-02,new_auto,14227.83,0.0956,84,232.98,660-699,7367.28,0.2389,0.8465,MI
LN000244,2024-07-26,used_auto,44868.62,0.0909,48,1118.48,700-739,5193.15,0.4567,0.8381,NY
LN000245,2023-10-10,new_auto,25894.41,0.0692,72,440.48,700-739,5000.94,0.2323,0.8752,GA
LN000246,2023-11-08,used_auto,24972.87,0.1483,84,479.52,620-659,7669.21,0.1708,0.8481,TX
LN000247,2024-10-28,new_auto,37149.03,0.0631,72,621.12,780+,6409.83,0.3071,1.1706,IL
LN000248,2025-01-22,new_auto,52522.11,0.156,72,1127.77,580-619,4256.63,0.5647,0.9436,WA
LN000249,2024-07-31,refi_auto,44752.8,0.0748,72,773.35,700-739,9495.26,0.2146,0.8512,NY
LN000250,2025-05-01,used_auto,40040.49,0.0815,84,627.08,700-739,10532.39,0.1413,1.159,WA
LN000251,2025-01-02,used_auto,45367.14,0.2002,60,1202.46,<580,7993.36,0.2671,1.0964,GA
LN000252,2024-03-04,new_auto,54562.93,0.0644,84,808.64,740-779,7181.81,0.4512,1.1913,PA
LN000253,2023-06-20,refi_auto,40976.81,0.2044,48,1256.57,<580,3696.83,0.5958,1.0991,AZ
LN000254,2023-09-22,used_auto,38316.47,0.0844,72,680.07,700-739,10718.88,0.1891,0.8047,NY
LN000255,2024-12-08,used_auto,35284.36,0.1073,84,599.16,660-699,5867.78,0.3439,1.1058,PA
LN000256,2023-11-16,refi_auto,30690.24,0.1589,48,868.04,580-619,3751.77,0.75,0.8638,MI
LN000257,2023-02-15,new_auto,30697.52,0.1043,84,516.46,660-699,8720.35,0.2192,0.8302,WA
LN000258,2024-07-19,used_auto,38454.59,0.1703,60,956.32,580-619,10425.36,0.2864,1.0322,FL
LN000259,2025-01-25,used_auto,29716.55,0.1139,60,651.9,660-699,4328.37,0.5771,0.978,IL
LN000260,2023-03-06,used_auto,28188.98,0.0391,60,518.0,780+,4487.43,0.5734,1.1639,IL
LN000261,2024-10-16,refi_auto,16787.11,0.1598,84,333.24,580-619,3734.43,0.5915,1.0203,MI
LN000262,2023-11-01,used_auto,35589.22,0.0754,84,546.58,700-739,7862.37,0.3481,1.1177,IL
LN000263,2024-03-04,used_auto,22719.73,0.0722,48,546.37,700-739,4300.97,0.5747,1.0299,IL
LN000264,2023-11-19,used_auto,16730.42,0.1691,60,414.98,580-619,7350.28,0.2574,0.8631,NC
LN000265,2024-05-21,refi_auto,52736.57,0.0795,60,1068.05,700-739,9484.77,0.3783,1.0274,GA
LN000266,2023-02-03,used_auto,47474.91,0.0797,48,1158.33,700-739,7436.26,0.445,0.8992,OH
LN000267,2025-03-04,new_auto,44694.79,0.137,84,830.19,620-659,7307.75,0.2024,0.8514,PA
LN000268,2025-04-29,used_auto,46662.71,0.0512,84,662.16,740-779,7280.1,0.445,0.8461,AZ
LN000269,2023-05-01,new_auto,54967.7,0.0635,72,920.08,740-779,9870.04,0.1531,1.1894,NY
LN000270,2023-07-31,used_auto,40389.28,0.1458,84,769.9,620-659,4161.05,0.3548,0.893,TX
LN000271,2024-11-26,used_auto,36052.31,0.0701,72,614.83,700-739,5172.53,0.3099,1.1861,CA
LN000272,2023-09-13,used_auto,27345.02,0.1518,72,580.89,580-619,9909.79,0.1272,1.1897,FL
LN000273,2024-01-20,used_auto,43789.26,0.0703,84,661.54,740-779,3965.81,0.6185,1.0825,NC
LN000274,2024-05-14,used_auto,44137.56,0.1921,72,1037.11,<580,8496.57,0.3963,1.0046,MI
LN000275,2025-03-25,refi_auto,47816.86,0.0678,84,716.55,700-739,8005.69,0.3311,1.1825,PA
LN000276,2024-08-02,refi_auto,46767.84,0.1048,72,877.78,660-699,9592.42,0.2107,1.0601,NC
LN000277,2024-04-12,refi_auto,43825.94,0.0514,84,622.32,740-779,2933.51,0.75,0.8711,TX
LN000278,2024-11-01,used_auto,54797.62,0.0663,72,924.54,780+,4103.62,0.75,0.9233,MI
LN000279,2024-03-15,used_auto,50478.61,0.125,84,904.64,620-659,7929.96,0.3659,1.1399,AZ
LN000280,2023-12-18,new_auto,18030.8,0.1823,60,460.12,<580,7059.44,0.2605,0.8036,CA
LN000281,2024-01-12,used_auto,14212.23,0.0411,84,194.98,780+,3532.51,0.6704,0.8464,OH
LN000282,2023-06-18,used_auto,43398.42,0.154,60,1041.58,580-619,3360.98,0.75,1.0746,NC
LN000283,2025-02-09,new_auto,43168.64,0.1176,84,756.51,660-699,9851.69,0.1368,0.8452,CA
LN000284,2024-09-07,used_auto,53272.69,0.0744,60,1065.96,700-739,4831.85,0.5969,0.9117,IL
LN000285,2024-02-06,new_auto,52240.12,0.0508,72,843.26,740-779,4484.65,0.575,0.8849,OH
LN000286,2024-06-24,used_auto,45307.57,0.0722,84,688.7,700-739,3724.5,0.5874,1.0673,TX
LN000287,2025-02-27,refi_auto,14203.2,0.0648,84,210.77,780+,5796.38,0.3646,1.1432,CA
LN000288,2024-12-30,new_auto,20322.71,0.1812,48,598.25,<580,10579.18,0.1771,0.9289,PA
LN000289,2023-07-28,used_auto,26907.04,0.0692,60,531.78,740-779,5075.24,0.3179,1.0301,FL
LN000290,2023-09-02,used_auto,37811.83,0.09,48,940.95,700-739,5343.39,0.4311,1.229,TX
LN000291,2023-05-03,refi_auto,13451.37,0.1384,48,366.5,620-659,5336.18,0.4494,1.1333,TX
LN000292,2023-10-03,used_auto,15700.13,0.0786,72,274.2,740-779,4169.1,0.2287,1.1515,WA
LN000293,2024-10-04,used_auto,9379.74,0.0632,72,156.87,780+,7095.6,0.16,1.2388,CA
LN000294,2024-08-10,used_auto,10605.64,0.1158,60,233.67,660-699,5815.04,0.2055,0.8463,AZ
LN000295,2023-06-03,new_auto,31914.77,0.0513,48,736.86,740-779,4805.32,0.4526,0.9723,FL
LN000296,2023-11-24,refi_auto,33984.65,0.0664,84,506.96,780+,4641.03,0.3131,1.2121,OH
LN000297,2024-02-15,used_auto,13611.84,0.0702,48,326.08,740-779,4270.62,0.5844,1.2416,CA
LN000298,2024-07-31,refi_auto,44355.79,0.0483,48,1018.07,780+,7335.35,0.1957,0.8903,OH
LN000299,2023-06-04,new_auto,25308.86,0.0792,60,512.2,740-779,8806.2,0.2401,1.1582,TX
LN000300,2025-05-19,new_auto,33452.62,0.0581,48,782.72,780+,10598.12,0.1119,1.0958,WA
LN000301,2023-10-14,new_auto,32901.28,0.0571,84,476.08,740-779,10681.72,0.2823,0.8641,CA
LN000302,2024-06-01,new_auto,47738.7,0.1924,72,1122.54,<580,6559.36,0.483,1.0613,FL
LN000303,2025-03-31,used_auto,35819.1,0.0669,60,704.03,700-739,4741.53,0.3539,0.9418,GA
LN000304,2023-04-22,used_auto,22948.71,0.0582,48,537.06,740-779,10537.15,0.1173,1.1466,FL
LN000305,2023-09-29,used_auto,22759.56,0.1536,72,485.71,580-619,10710.0,0.1254,0.9387,CA
LN000306,2024-12-29,used_auto,22298.1,0.2011,48,679.85,<580,4563.17,0.6496,0.8667,NY
LN000307,2025-02-05,used_auto,10300.68,0.048,60,193.44,780+,3054.87,0.4855,1.0035,PA
LN000308,2023-07-22,used_auto,45783.15,0.1242,48,1215.11,620-659,3305.69,0.75,0.9,GA
LN000309,2023-07-22,used_auto,38300.2,0.1075,72,724.11,660-699,10322.91,0.1249,1.2487,AZ
LN000310,2024-08-10,new_auto,50538.66,0.1149,72,974.69,660-699,3804.73,0.75,0.8228,GA
LN000311,2024-04-01,used_auto,9385.67,0.0705,60,186.07,740-779,5702.33,0.4532,0.9237,FL
LN000312,2024-01-28,used_auto,19551.88,0.1889,84,421.2,<580,10038.78,0.1868,0.8395,FL
LN000313,2024-07-11,used_auto,45468.3,0.0975,48,1147.74,660-699,10913.11,0.2995,0.9616,NC
LN000314,2025-03-08,used_auto,23115.41,0.0981,48,584.16,660-699,5414.8,0.2707,1.2031,OH
LN000315,2023-09-30,refi_auto,32883.32,0.203,60,876.7,<580,10786.63,0.1388,1.0956,PA
LN000316,2025-05-09,refi_auto,10627.71,0.0799,60,215.44,740-779,7520.68,0.3693,0.9748,FL
LN000317,2023-05-26,used_auto,45891.88,0.1709,48,1326.35,580-619,8568.31,0.2918,1.0554,IL
LN000318,2024-09-08,used_auto,46088.85,0.0681,72,781.57,780+,4239.57,0.2984,0.8253,NY
LN000319,2025-06-08,used_auto,23591.5,0.1984,60,622.93,<580,5594.22,0.2526,1.1611,MI
LN000320,2024-01-18,new_auto,41120.73,0.1842,48,1216.96,<580,9741.14,0.3604,1.2323,WA
LN000321,2024-10-16,used_auto,12748.51,0.0481,60,239.47,780+,10802.06,0.2084,0.9966,NC
LN000322,2023-11-11,new_auto,53530.92,0.0858,72,953.8,700-739,4630.55,0.5722,0.8789,WA
LN000323,2023-07-06,new_auto,42255.05,0.0935,84,687.37,700-739,9776.21,0.2847,1.0554,IL
LN000324,2023-09-01,used_auto,36734.91,0.1392,48,1002.36,620-659,10480.84,0.1633,1.1354,MI
LN000325,2023-03-11,new_auto,49610.05,0.0417,72,780.01,780+,6462.37,0.2729,0.9123,MI
LN000326,2024-01-23,new_auto,8060.21,0.1316,84,147.33,620-659,10746.63,0.232,1.0219,MI
LN000327,2023-10-29,new_auto,30535.99,0.0909,60,635.21,700-739,4133.78,0.2897,1.1806,TX
LN000328,2023-04-06,refi_auto,11487.42,0.1251,84,205.93,620-659,4119.42,0.1871,1.2238,MI
LN000329,2023-12-06,used_auto,30688.63,0.0659,60,601.75,700-739,7780.0,0.2515,0.8241,NY
LN000330,2024-02-07,used_auto,34043.28,0.0668,72,575.19,780+,8216.9,0.1983,0.8432,IL
LN000331,2023-07-24,used_auto,10561.73,0.0651,48,250.52,700-739,5215.31,0.404,1.0701,CA
LN000332,2024-11-07,new_auto,21715.14,0.1825,48,640.72,<580,5328.5,0.3594,1.0201,OH
LN000333,2023-09-27,used_auto,16689.42,0.2066,72,406.17,<580,4329.98,0.2089,0.9979,NY
LN000334,2025-02-13,used_auto,15103.14,0.0709,48,362.29,740-779,3502.8,0.4335,1.0437,IL
LN000335,2024-02-09,new_auto,26193.99,0.1357,84,484.67,620-659,7496.26,0.1872,0.9345,WA
LN000336,2023-06-21,used_auto,32290.42,0.1971,60,850.3,<580,3786.31,0.75,0.8778,NY
LN000337,2024-09-01,new_auto,27898.62,0.0796,84,434.28,740-779,4455.74,0.5934,0.8665,OH
LN000338,2025-06-13,used_auto,45945.15,0.1226,84,817.46,620-659,7326.84,0.4234,1.0339,TX
LN000339,2023-04-13,used_auto,32560.41,0.0626,84,479.73,740-779,4027.07,0.528,1.0622,CA
LN000340,2024-08-08,new_auto,21446.36,0.0811,72,377.18,700-739,9998.73,0.1358,1.0947,IL
LN000341,2023-09-01,new_auto,26939.78,0.1085,84,459.15,660-699,3118.02,0.75,0.9492,TX
LN000342,2024-12-02,refi_auto,50160.47,0.0506,72,809.23,740-779,5349.78,0.5726,1.1862,CA
LN000343,2023-07-12,new_auto,22122.58,0.0613,72,367.99,780+,5009.24,0.3364,1.0905,NC
LN000344,2023-11-15,used_auto,42824.41,0.1428,72,888.86,620-659,9532.34,0.2541,0.8715,WA
LN000345,2023-03-01,new_auto,48010.88,0.1164,48,1255.84,660-699,4224.65,0.75,0.8903,NY
LN000346,2023-05-07,new_auto,24937.63,0.186,72,577.26,<580,9552.75,0.2186,1.0859,AZ
LN000347,2023-09-22,used_auto,35920.05,0.1853,84,766.16,<580,7612.42,0.2543,0.8736,WA
LN000348,2023-10-03,new_auto,9290.17,0.0515,60,175.96,740-779,9828.31,0.2035,1.105,AZ
LN000349,2025-03-31,new_auto,44674.27,0.113,48,1161.15,660-699,6687.6,0.277,0.8779,TX
LN000350,2023-09-16,used_auto,52321.23,0.1414,72,1082.04,620-659,6275.22,0.3682,0.9569,NY
LN000351,2025-05-09,used_auto,46742.61,0.1019,48,1189.78,660-699,2860.25,0.75,1.2349,MI
LN000352,2025-06-01,used_auto,21285.81,0.0855,84,337.63,700-739,3323.46,0.75,1.0883,OH
LN000353,2025-05-27,used_auto,49941.57,0.129,60,1133.77,620-659,7041.81,0.2929,0.8255,IL
LN000354,2024-02-02,new_auto,14576.69,0.0908,84,235.12,660-699,10979.25,0.1098,0.9884,WA
LN000355,2024-11-18,used_auto,34885.99,0.1857,60,896.73,<580,8427.81,0.3205,1.0141,MI
LN000356,2025-01-12,used_auto,47510.02,0.1163,60,1047.97,660-699,5209.03,0.4768,1.1334,PA
LN000357,2024-03-06,new_auto,39946.48,0.0601,48,938.33,740-779,4622.48,0.3958,1.1921,MI
LN000358,2023-03-14,used_auto,29796.75,0.0935,48,746.46,660-699,9904.43,0.2454,1.2249,NC
LN000359,2023-07-25,used_auto,48772.39,0.0505,72,786.61,780+,6187.48,0.5014,0.8679,MI
LN000360,2023-12-07,used_auto,50611.18,0.1037,72,947.09,660-699,9871.63,0.1767,0.8364,AZ
LN000361,2024-05-16,new_auto,10726.64,0.0526,60,203.71,780+,9041.78,0.1078,1.144,CA
LN000362,2024-01-18,used_auto,28182.26,0.1629,84,564.42,580-619,5943.19,0.1762,0.8897,TX
LN000363,2023-12-19,used_auto,32958.59,0.0395,48,743.44,780+,7938.83,0.213,1.1121,OH
LN000364,2024-09-02,used_auto,35667.52,0.155,48,1001.72,580-619,5245.26,0.3892,1.1275,PA
LN000365,2025-04-11,refi_auto,54787.2,0.1003,84,910.38,660-699,5745.86,0.3002,1.2266,GA
LN000366,2024-10-28,new_auto,54289.34,0.1863,48,1612.68,<580,7635.48,0.3123,0.965,TX
LN000367,2024-12-07,used_auto,44248.73,0.1087,48,1140.84,660-699,8228.15,0.362,0.8089,CA
LN000368,2024-03-06,used_auto,33722.27,0.1042,60,723.49,660-699,4485.06,0.5869,0.8042,AZ
LN000369,2023-05-01,used_auto,37271.5,0.171,84,763.83,580-619,9611.35,0.1451,1.1234,OH
LN000370,2024-02-24,new_auto,17336.39,0.156,72,372.25,580-619,9618.29,0.3029,0.9611,OH
LN000371,2023-04-24,used_auto,50786.76,0.1706,84,1039.63,580-619,5510.95,0.2623,1.1022,IL
LN000372,2023-10-31,new_auto,12233.89,0.0804,48,298.89,700-739,10219.19,0.2071,1.0055,OH
LN000373,2023-04-29,new_auto,16210.99,0.0912,72,293.18,660-699,5753.76,0.3792,0.9917,CA
LN000374,2023-10-02,refi_auto,8454.6,0.0542,60,161.18,740-779,5495.02,0.4603,1.2298,WA
LN000375,2025-03-30,used_auto,16594.86,0.192,84,360.56,<580,5029.03,0.32,1.1828,GA
LN000376,2024-08-27,used_auto,13313.66,0.0859,48,328.73,700-739,10848.87,0.2384,0.8467,NC
LN000377,2025-01-14,used_auto,16519.25,0.0614,72,274.86,740-779,7813.14,0.3293,1.196,FL
LN000378,2024-11-25,used_auto,49716.91,0.1032,48,1268.6,660-699,4945.23,0.4772,1.1171,PA
LN000379,2024-03-19,used_auto,34555.57,0.0793,72,604.69,740-779,7056.62,0.3569,1.0782,AZ
LN000380,2023-02-25,used_auto,39194.4,0.0692,60,774.62,740-779,9680.07,0.2482,1.2445,TX
LN000381,2023-10-12,new_auto,47895.74,0.0906,60,995.63,700-739,3413.89,0.7256,0.9084,TX
LN000382,2025-05-27,used_auto,25795.97,0.1145,48,672.36,660-699,6564.58,0.4319,1.0016,NC
LN000383,2025-04-25,new_auto,31376.55,0.1096,48,810.33,660-699,6108.21,0.2111,1.0471,CA
LN000384,2025-04-25,refi_auto,37964.29,0.0767,60,763.8,740-779,8167.69,0.2654,0.9534,TX
LN000385,2023-04-10,used_auto,23602.71,0.073,84,359.7,740-779,8676.6,0.1797,1.0036,AZ
LN000386,2023-06-18,new_auto,47004.54,0.1489,72,991.11,620-659,7291.06,0.3036,0.8478,NC
LN000387,2024-04-13,used_auto,41913.28,0.1532,60,1004.17,580-619,4337.86,0.75,0.9768,NY
LN000388,2024-05-31,new_auto,27480.11,0.0778,48,668.04,740-779,9131.59,0.2255,1.0963,FL
LN000389,2023-07-01,new_auto,42602.05,0.0556,84,613.41,780+,9678.29,0.2145,1.0287,WA
LN000390,2024-12-10,used_auto,14033.94,0.0766,72,243.74,700-739,6933.7,0.2149,1.2408,NY
LN000391,2024-06-08,refi_auto,53613.11,0.1336,60,1229.77,620-659,3933.08,0.75,1.1989,OH
LN000392,2023-12-20,used_auto,22753.81,0.0721,60,452.81,740-779,4447.29,0.5005,0.9308,AZ
LN000393,2024-08-19,used_auto,53833.44,0.1553,72,1153.86,580-619,8624.89,0.3742,1.053,IL
LN000394,2023-04-20,used_auto,39689.44,0.0658,72,668.69,780+,9995.31,0.1999,0.8057,TX
LN000395,2023-03-05,new_auto,10660.42,0.098,60,225.45,660-699,10864.97,0.1959,0.8659,WA
LN000396,2025-06-04,new_auto,33435.09,0.0608,84,489.72,740-779,3640.34,0.75,1.1328,NY
LN000397,2024-03-02,used_auto,19166.99,0.0735,72,330.01,740-779,8482.08,0.0983,0.9717,AZ
LN000398,2024-10-25,used_auto,8609.37,0.1275,84,155.45,620-659,9605.86,0.2666,1.1171,MI
LN000399,2023-07-11,used_auto,36359.19,0.0733,60,725.63,740-779,5212.26,0.2908,1.1072,FL
LN000400,2023-12-05,new_auto,9909.81,0.0584,72,163.49,740-779,3866.55,0.478,0.9148,NC
LN000401,2023-11-05,new_auto,15224.06,0.0597,48,357.33,740-779,9144.02,0.2333,1.1794,NC
LN000402,2023-06-13,used_auto,11425.4,0.0712,60,226.88,740-779,10647.3,0.1664,1.1538,GA
LN000403,2024-09-25,used_auto,24421.94,0.0915,72,442.04,700-739,5514.75,0.2698,1.2276,PA
LN000404,2024-09-20,used_auto,43350.29,0.1095,48,1119.36,660-699,8285.3,0.3017,1.207,IL
LN000405,2024-06-13,new_auto,49626.03,0.1314,48,1334.79,620-659,5964.18,0.4901,0.9273,MI
LN000406,2025-03-02,used_auto,30879.82,0.0989,60,654.43,660-699,5426.56,0.2277,0.8432,PA
LN000407,2024-07-04,used_auto,17906.73,0.0839,60,366.44,700-739,9892.6,0.1718,0.8468,WA
LN000408,2023-12-06,used_auto,28456.17,0.0635,48,672.87,780+,8924.5,0.1581,1.0067,TX
LN000409,2024-02-19,new_auto,45328.09,0.1967,60,1192.61,<580,10270.09,0.2424,1.003,GA
LN000410,2023-03-16,used_auto,13560.37,0.1202,48,357.23,620-659,8998.88,0.2273,1.1154,MI
LN000411,2025-04-21,new_auto,44983.92,0.048,48,1031.88,780+,5108.44,0.6794,0.9716,AZ
LN000412,2025-03-25,new_auto,18333.69,0.2024,72,441.7,<580,10673.1,0.1086,1.1048,WA
LN000413,2024-07-04,refi_auto,8524.06,0.0912,60,177.44,700-739,3810.53,0.1544,1.0685,PA
LN000414,2023-05-26,new_auto,43169.94,0.0661,72,727.95,780+,4536.24,0.6879,1.1832,FL
LN000415,2024-04-17,used_auto,19878.86,0.1234,48,526.81,620-659,9781.38,0.3045,1.2474,AZ
LN000416,2023-08-29,new_auto,11166.05,0.0679,84,167.38,700-739,10602.63,0.1276,1.1021,CA
LN000417,2024-08-02,new_auto,17094.43,0.1346,72,347.32,620-659,7854.01,0.1808,1.0629,IL
LN000418,2023-10-11,new_auto,28130.45,0.0901,60,584.08,660-699,9242.41,0.276,1.0884,MI
LN000419,2024-10-23,used_auto,49260.63,0.1639,72,1079.16,580-619,9153.09,0.2786,0.849,IL
LN000420,2023-03-19,new_auto,46842.85,0.2067,60,1258.58,<580,4958.52,0.7277,0.8344,TX
LN000421,2024-07-06,used_auto,46194.19,0.0674,60,909.04,740-779,10231.69,0.2465,1.0446,NC
LN000422,2024-01-08,new_auto,26447.42,0.0917,72,478.96,700-739,3897.83,0.5083,0.8407,PA
LN000423,2024-08-02,new_auto,53308.01,0.2095,60,1440.66,<580,9009.09,0.2386,0.8717,IL
LN000424,2023-09-28,refi_auto,42588.23,0.0795,72,745.67,700-739,3131.44,0.75,0.9043,MI
LN000425,2024-10-26,used_auto,32340.61,0.1437,84,612.69,620-659,6651.33,0.3026,0.8209,MI
LN000426,2024-01-23,refi_auto,37777.65,0.1582,72,815.73,580-619,7544.78,0.3274,0.9695,MI
LN000427,2024-05-13,refi_auto,11658.36,0.0725,60,232.23,700-739,7034.25,0.2002,1.1905,NC
LN000428,2023-07-11,new_auto,49455.61,0.0522,60,938.28,780+,3432.12,0.75,0.8952,FL
LN000429,2023-08-04,used_auto,13561.52,0.0969,72,249.12,660-699,8706.1,0.1962,1.0155,IL
LN000430,2023-05-31,used_auto,9054.96,0.1513,60,216.04,580-619,3904.74,0.4466,1.2009,TX
LN000431,2023-03-29,refi_auto,32282.11,0.1622,48,918.53,580-619,10003.77,0.2919,1.1696,NY
LN000432,2023-07-06,refi_auto,48763.21,0.0951,84,797.23,660-699,7726.88,0.3812,1.1692,IL
LN000433,2023-05-16,new_auto,42036.78,0.0753,84,645.39,700-739,7691.57,0.1556,0.9702,CA
LN000434,2024-09-06,used_auto,50738.94,0.2005,60,1345.68,<580,7765.19,0.2751,1.2057,TX
LN000435,2025-03-04,used_auto,43362.01,0.0418,60,802.1,780+,10196.27,0.2343,0.8005,AZ
LN000436,2024-01-26,used_auto,25407.74,0.0663,84,378.89,700-739,4681.79,0.5434,1.1553,MI
LN000437,2025-05-29,used_auto,43792.34,0.0859,48,1081.27,700-739,6289.01,0.3246,1.1446,CA
LN000438,2024-11-01,refi_auto,27206.4,0.1257,48,724.09,620-659,7539.49,0.1835,0.8032,NY
LN000439,2024-09-18,new_auto,25026.68,0.0696,72,426.2,700-739,4942.68,0.4058,1.0541,OH
LN000440,2023-11-11,used_auto,17573.6,0.0556,84,253.03,780+,4265.5,0.4415,1.0177,IL
LN000441,2023-06-15,used_auto,42581.77,0.1156,48,1112.16,660-699,8932.08,0.2793,1.1147,CA
LN000442,2023-04-04,used_auto,23906.58,0.1365,48,649.09,620-659,4118.05,0.75,0.8024,FL
LN000443,2024-02-15,used_auto,12142.61,0.0979,72,223.67,660-699,3456.33,0.2045,0.9729,IL
LN000444,2024-11-03,new_auto,53285.9,0.0667,60,1046.85,700-739,8050.39,0.2997,0.8908,PA
LN000445,2024-11-01,new_auto,36177.2,0.1355,60,833.36,620-659,7844.56,0.3463,0.9619,TX
LN000446,2024-12-21,new_auto,20969.03,0.051,84,297.36,780+,6124.7,0.1858,0.8069,CA
LN000447,2023-07-19,used_auto,42128.52,0.0558,72,689.87,780+,5649.3,0.5105,0.9018,NC
LN000448,2023-04-30,used_auto,20272.05,0.0512,48,467.95,780+,7380.77,0.2676,0.953,PA
LN000449,2025-02-14,refi_auto,46217.93,0.0562,84,666.79,780+,10721.65,0.2151,1.1465,MI
LN000450,2025-03-18,used_auto,29653.86,0.0566,48,691.81,780+,6752.16,0.2457,0.9722,NY
LN000451,2024-02-13,new_auto,22839.34,0.0937,48,572.38,700-739,8546.71,0.1816,0.9293,AZ
LN000452,2025-02-03,new_auto,34063.92,0.0554,72,557.17,740-779,5699.01,0.5132,0.9211,AZ
LN000453,2023-09-13,new_auto,42644.28,0.046,60,796.96,780+,9956.49,0.1659,0.8912,IL
LN000454,2023-02-13,used_auto,13634.29,0.0924,84,221.03,660-699,7833.38,0.2939,1.0437,NC
LN000455,2023-10-14,new_auto,50211.7,0.1164,72,972.27,660-699,6824.6,0.5184,1.2122,GA
LN000456,2025-05-31,used_auto,10544.96,0.144,84,199.95,620-659,10505.17,0.0639,0.9563,AZ
LN000457,2024-08-17,used_auto,13657.3,0.0655,72,229.9,740-779,8451.53,0.0776,0.8948,CA
LN000458,2023-07-08,used_auto,20205.94,0.1365,60,466.5,620-659,5009.15,0.594,0.9544,NC
LN000459,2024-08-12,used_auto,43353.2,0.101,84,721.96,660-699,5092.96,0.298,0.859,AZ
LN000460,2025-01-26,new_auto,20687.61,0.1271,84,373.09,620-659,9821.73,0.1226,1.16,FL
LN000461,2024-08-04,new_auto,27811.47,0.094,72,506.86,660-699,9239.73,0.1696,1.053,TX
LN000462,2023-09-24,used_auto,10821.71,0.1144,84,187.81,660-699,9679.57,0.0826,1.1351,MI
LN000463,2023-07-23,used_auto,46070.75,0.1003,84,765.54,660-699,3794.15,0.75,1.2334,IL
LN000464,2024-04-02,used_auto,16203.33,0.0884,72,290.79,700-739,5465.74,0.3318,1.1486,CA
LN000465,2024-09-19,new_auto,37690.47,0.0943,60,790.28,660-699,8052.76,0.4015,0.9898,IL
LN000466,2024-10-22,refi_auto,11718.26,0.1003,72,217.27,660-699,5398.4,0.2331,0.9204,GA
LN000467,2025-01-15,used_auto,48551.9,0.1309,84,885.63,620-659,6194.71,0.2728,0.8104,NY
LN000468,2024-04-29,refi_auto,40932.76,0.0674,60,805.51,700-739,6055.77,0.2338,1.2216,PA
LN000469,2024-02-04,used_auto,32627.19,0.2099,48,1010.15,<580,4952.11,0.3537,1.0947,OH
LN000470,2023-11-30,used_auto,28828.54,0.1238,60,646.82,620-659,3034.28,0.75,1.1872,NC
LN000471,2024-09-03,refi_auto,51938.31,0.1065,60,1120.22,660-699,10750.25,0.2842,0.8797,NC
LN000472,2023-04-02,used_auto,34507.27,0.0807,72,606.2,700-739,10253.17,0.2015,0.9022,NC
LN000473,2024-05-18,used_auto,15318.72,0.1203,60,340.99,620-659,5619.86,0.3155,0.8037,NC
LN000474,2024-03-23,used_auto,45504.34,0.1379,48,1238.69,620-659,7295.34,0.2815,1.197,GA
LN000475,2025-02-21,used_auto,38361.57,0.1449,60,902.38,620-659,4956.44,0.4502,0.9078,IL
LN000476,2023-10-24,used_auto,21379.81,0.0723,72,366.87,740-779,6185.81,0.4275,0.8821,CA
LN000477,2023-01-23,used_auto,20790.3,0.0837,60,425.24,700-739,5429.28,0.2137,1.2364,FL
LN000478,2023-12-17,new_auto,13876.84,0.0522,48,320.96,780+,4709.05,0.2235,1.0221,GA
LN000479,2023-02-27,used_auto,54904.28,0.1339,48,1483.59,620-659,5508.04,0.6789,1.2282,OH
LN000480,2025-02-25,new_auto,30096.9,0.0558,72,492.85,740-779,9501.46,0.2857,0.8549,WA
LN000481,2024-11-12,used_auto,28819.16,0.1421,48,790.57,620-659,4433.27,0.6335,0.8423,NY
LN000482,2024-05-07,used_auto,22669.14,0.0997,48,574.62,660-699,8906.74,0.2452,0.855,AZ
LN000483,2025-03-24,used_auto,10448.11,0.14,48,285.51,620-659,4734.92,0.3465,0.8068,OH
LN000484,2023-09-12,used_auto,19425.2,0.0941,84,316.59,700-739,8444.93,0.1252,1.1469,FL
LN000485,2025-03-21,used_auto,23905.84,0.1191,48,628.48,660-699,3290.16,0.7436,1.1156,CA
LN000486,2024-12-06,new_auto,54138.76,0.1737,72,1215.58,580-619,9405.31,0.2744,0.8868,GA
LN000487,2024-08-03,new_auto,50237.16,0.1046,84,845.99,660-699,7384.0,0.3304,1.0205,FL
LN000488,2023-09-27,new_auto,30014.55,0.091,60,624.51,700-739,3364.79,0.4058,0.9331,PA
LN000489,2024-09-27,new_auto,37987.22,0.1014,60,809.74,660-699,10040.05,0.2563,0.9638,NY
LN000490,2024-09-19,new_auto,53456.67,0.1446,60,1256.63,620-659,7097.37,0.3876,1.0482,OH
LN000491,2023-02-02,used_auto,13191.81,0.1357,48,357.65,620-659,3158.97,0.75,0.8804,NY
LN000492,2023-09-20,new_auto,9495.41,0.1693,84,193.66,580-619,8194.95,0.2136,1.1156,TX
LN000493,2024-04-24,used_auto,11331.08,0.1179,60,250.85,660-699,8177.14,0.3294,1.1744,AZ
LN000494,2024-06-25,used_auto,52097.46,0.1925,72,1225.34,<580,9312.85,0.1883,1.0776,TX
LN000495,2023-07-17,used_auto,11662.96,0.0565,48,272.04,740-779,3630.05,0.3251,0.9734,PA
LN000496,2024-11-21,used_auto,52532.66,0.0818,84,823.5,700-739,8918.09,0.3262,1.0595,NC
LN000497,2024-09-06,used_auto,12892.81,0.0738,84,196.99,740-779,6938.48,0.2945,1.0403,NC
LN000498,2023-11-28,refi_auto,33853.82,0.0689,72,575.39,780+,6181.21,0.3832,1.1718,IL
LN000499,2023-01-01,used_auto,25627.96,0.1365,72,523.29,620-659,5752.07,0.3335,1.2319,WA
LN000500,2023-11-19,new_auto,8766.22,0.1841,72,201.98,<580,2853.86,0.75,0.8967,TX
LN000501,2023-09-29,refi_auto,46649.86,0.0776,60,940.54,740-779,3573.15,0.6586,0.8702,MI
LN000502,2023-11-29,new_auto,20043.46,0.048,84,281.41,780+,7466.33,0.1553,0.8347,NC
LN000503,2024-08-13,used_auto,40410.97,0.1673,48,1160.42,580-619,7680.9,0.2892,1.1289,GA
LN000504,2023-08-21,new_auto,44232.37,0.1904,84,956.83,<580,6215.48,0.5255,1.1914,WA
LN000505,2024-08-01,used_auto,8537.42,0.0883,84,136.62,700-739,3243.85,0.5211,0.9437,FL
LN000506,2023-04-03,used_auto,15200.28,0.1402,84,285.02,620-659,10762.53,0.2175,1.0589,NY
LN000507,2023-03-29,used_auto,14956.58,0.1001,84,248.37,660-699,7485.81,0.1011,0.9796,GA
LN000508,2024-09-22,used_auto,14127.63,0.094,60,296.02,660-699,6800.46,0.3134,0.8882,WA
LN000509,2023-07-15,new_auto,20514.08,0.0779,48,498.79,700-739,3722.74,0.4858,0.9644,MI
LN000510,2023-05-30,used_auto,44175.02,0.0951,72,807.51,660-699,7853.01,0.4312,0.999,NC
LN000511,2023-06-01,used_auto,17385.21,0.1912,48,520.92,<580,3721.45,0.2797,1.227,OH
LN000512,2024-07-13,used_auto,13230.07,0.1935,48,398.03,<580,5521.39,0.4394,0.8953,PA
LN000513,2023-09-19,used_auto,37282.97,0.0798,48,909.84,740-779,5888.17,0.561,1.0371,FL
LN000514,2023-10-05,new_auto,40736.75,0.1881,84,875.65,<580,8169.01,0.1584,0.9749,AZ
LN000515,2023-04-12,used_auto,48621.27,0.0506,84,688.58,740-779,4695.58,0.4102,1.2395,MI
LN000516,2024-06-26,used_auto,12136.97,0.096,84,198.99,660-699,7397.64,0.2929,0.8179,OH
LN000517,2024-05-28,used_auto,15379.25,0.1004,72,285.22,660-699,5714.1,0.2363,1.2482,OH
LN000518,2023-12-16,used_auto,49297.83,0.0767,48,1195.88,740-779,10541.92,0.3495,0.9015,GA
LN000519,2023-11-16,new_auto,25963.73,0.0938,60,543.77,700-739,6222.13,0.3542,0.9919,IL
LN000520,2024-06-20,used_auto,17717.59,0.1242,60,397.89,620-659,9873.22,0.1497,1.1173,FL
LN000521,2023-05-02,refi_auto,44192.35,0.1097,60,960.19,660-699,5403.47,0.4786,1.2269,FL
LN000522,2025-04-21,refi_auto,42172.74,0.143,84,797.32,620-659,10681.81,0.1746,1.1355,AZ
LN000523,2024-09-12,new_auto,44618.07,0.0422,60,826.15,780+,3014.83,0.75,1.0776,IL
LN000524,2024-09-11,used_auto,18852.88,0.0658,48,447.79,700-739,8442.76,0.2246,1.026,NC
LN000525,2023-01-16,used_auto,48050.08,0.0647,60,939.48,740-779,4143.05,0.4435,0.9839,OH
LN000526,2025-06-06,new_auto,39552.94,0.0451,60,737.57,780+,3342.32,0.75,1.2435,IL
LN000527,2025-01-07,new_auto,29504.61,0.0974,84,485.86,660-699,9164.96,0.2426,1.1709,MI
LN000528,2023-02-13,refi_auto,34880.92,0.1061,48,894.92,660-699,7069.32,0.3237,1.1722,NY
LN000529,2025-03-03,used_auto,42552.99,0.1067,48,1093.0,660-699,4356.77,0.5646,1.198,OH
LN000530,2024-05-27,used_auto,36817.31,0.0916,60,767.13,660-699,6601.35,0.3921,0.8407,CA
LN000531,2024-08-27,used_auto,50033.42,0.1664,84,1012.09,580-619,6191.19,0.3883,0.8805,WA
LN000532,2024-04-05,refi_auto,12238.44,0.0487,60,230.23,780+,8690.67,0.1038,0.8514,AZ
LN000533,2023-12-10,used_auto,26052.11,0.1137,60,571.26,660-699,5905.16,0.3063,1.1457,IL
LN000534,2024-04-01,refi_auto,15619.83,0.0433,48,354.99,780+,6240.57,0.2301,1.1459,OH
LN000535,2025-04-06,new_auto,14183.84,0.0711,72,242.57,700-739,2900.1,0.5991,1.0244,TX
LN000536,2023-09-08,used_auto,18193.07,0.0848,84,287.93,700-739,6163.24,0.14,1.07,PA
LN000537,2025-05-24,used_auto,46545.71,0.1262,60,1050.03,620-659,4015.7,0.719,0.8165,TX
LN000538,2023-10-19,used_auto,22026.75,0.0926,48,550.86,700-739,3692.88,0.75,0.8726,IL
LN000539,2025-02-25,used_auto,34897.28,0.0819,84,547.23,700-739,8944.55,0.1945,0.8161,OH
LN000540,2023-10-09,refi_auto,46552.44,0.1428,48,1278.66,620-659,5201.23,0.3797,1.1126,MI
LN000541,2023-03-31,used_auto,40703.99,0.0834,48,1000.21,700-739,7485.21,0.4749,1.038,NC
LN000542,2024-09-30,used_auto,45044.69,0.0712,84,682.49,740-779,7792.53,0.2283,1.0364,MI
LN000543,2024-12-26,used_auto,31330.66,0.0609,84,459.05,780+,6838.54,0.1835,1.0742,OH
LN000544,2024-02-29,new_auto,9127.38,0.0578,48,213.44,780+,8847.24,0.1209,1.0769,GA
LN000545,2023-11-04,new_auto,45884.05,0.1864,60,1181.19,<580,8458.14,0.2531,0.8305,PA
LN000546,2023-06-29,used_auto,13350.33,0.075,84,204.77,700-739,8740.05,0.2242,0.8131,NY
LN000547,2025-06-04,new_auto,39606.23,0.1175,48,1038.13,660-699,8094.35,0.3085,1.0822,PA
LN000548,2023-11-20,used_auto,46265.83,0.0668,48,1101.04,780+,9647.87,0.2238,1.1262,PA
LN000549,2023-12-14,new_auto,40218.19,0.089,72,722.96,700-739,3342.95,0.4342,1.1783,GA
LN000550,2023-11-19,used_auto,34836.14,0.0767,48,845.07,700-739,9889.67,0.2931,1.1174,WA
LN000551,2023-06-29,used_auto,31361.56,0.1871,84,672.27,<580,9601.55,0.181,1.0363,CA
LN000552,2023-12-15,new_auto,17498.63,0.0928,48,437.78,660-699,9352.01,0.3025,0.8693,NC
LN000553,2023-05-16,used_auto,44450.06,0.0543,48,1032.33,740-779,9541.54,0.3664,1.1045,NY
LN000554,2025-06-11,used_auto,41542.84,0.0657,48,986.53,740-779,5350.05,0.2773,1.1817,CA
LN000555,2023-08-03,refi_auto,12845.83,0.113,72,246.49,660-699,2984.34,0.75,1.0875,MI
LN000556,2024-09-29,new_auto,33016.96,0.1432,48,907.55,620-659,5035.76,0.3285,0.8515,PA
LN000557,2023-06-25,new_auto,24464.95,0.0996,60,519.33,660-699,10534.88,0.2552,1.0583,CA
LN000558,2023-02-25,refi_auto,33407.12,0.1215,48,882.2,620-659,6660.03,0.4157,0.8477,CA
LN000559,2024-12-31,new_auto,36017.7,0.1078,84,612.55,660-699,7853.79,0.2164,1.1678,AZ
LN000560,2023-04-10,new_auto,51370.85,0.0729,60,1024.25,740-779,3561.91,0.75,1.1144,NC
LN000561,2024-01-08,used_auto,44025.19,0.1341,60,1010.97,620-659,3978.52,0.75,0.9161,GA
LN000562,2023-12-26,refi_auto,23525.41,0.1458,72,492.09,620-659,6516.92,0.1471,1.0139,NC
LN000563,2023-04-20,new_auto,44093.25,0.1081,60,954.52,660-699,6965.19,0.3226,1.1214,MI
LN000564,2024-05-08,new_auto,22199.55,0.0788,84,344.68,700-739,4756.32,0.2693,0.8716,GA
LN000565,2023-06-27,new_auto,40620.81,0.1929,84,884.75,<580,7451.13,0.2735,1.1124,AZ
LN000566,2025-04-21,used_auto,41459.71,0.0901,48,1031.92,700-739,7655.74,0.3201,1.0498,NC
LN000567,2023-08-11,refi_auto,11271.56,0.1533,84,219.6,580-619,5484.75,0.3717,0.8277,FL
LN000568,2024-09-22,refi_auto,37898.24,0.039,60,696.24,780+,8219.23,0.2546,0.9312,IL
LN000569,2023-12-19,new_auto,49238.99,0.099,72,909.71,660-699,10331.71,0.3262,1.123,CA
LN000570,2023-01-01,used_auto,31989.92,0.0904,72,577.27,700-739,3311.77,0.75,1.2356,WA
LN000571,2023-11-22,refi_auto,13155.82,0.0735,48,317.17,700-739,4728.98,0.4783,0.9774,WA
LN000572,2024-01-04,used_auto,33620.58,0.1099,84,575.49,660-699,3940.36,0.5577,1.1795,GA
LN000573,2024-11-04,refi_auto,39493.11,0.154,48,1107.15,580-619,8116.79,0.2247,1.1982,GA
LN000574,2024-09-30,new_auto,14449.35,0.0632,84,213.31,780+,10127.38,0.2116,1.2186,FL
LN000575,2025-05-17,used_auto,46543.36,0.1015,60,992.35,660-699,4323.49,0.6297,1.0601,WA
LN000576,2024-01-13,used_auto,27309.38,0.1364,72,557.48,620-659,3074.39,0.3385,1.0175,CA
LN000577,2023-04-01,refi_auto,11762.97,0.0869,72,210.23,700-739,6612.48,0.1183,1.2005,NY
LN000578,2023-01-12,used_auto,53139.32,0.0923,72,963.94,660-699,7826.92,0.4282,1.0408,NC
LN000579,2023-02-06,refi_auto,34976.37,0.0999,72,647.79,660-699,10676.77,0.2626,0.9301,WA
LN000580,2024-11-03,used_auto,42167.67,0.0559,48,982.4,780+,7960.26,0.3334,1.0578,OH
LN000581,2023-10-15,used_auto,21480.34,0.0525,48,497.11,740-779,9781.85,0.1542,0.8596,OH
LN000582,2025-03-12,new_auto,13242.82,0.0552,60,253.08,740-779,8205.08,0.1787,0.8789,WA
LN000583,2025-05-07,new_auto,32787.28,0.121,48,865.03,620-659,10732.23,0.24,1.1698,NC
LN000584,2024-10-19,used_auto,26008.85,0.0698,60,514.76,740-779,4529.03,0.5587,0.9553,OH
LN000585,2023-08-28,new_auto,15877.22,0.062,72,264.63,740-779,6705.38,0.4102,1.2151,GA
LN000586,2024-11-25,used_auto,20343.38,0.0809,84,317.99,700-739,2897.28,0.75,1.002,MI
LN000587,2025-05-28,used_auto,9927.83,0.0665,72,167.6,780+,10640.71,0.1426,1.2131,OH
LN000588,2024-11-19,new_auto,12619.01,0.1096,84,215.8,660-699,6581.09,0.3193,0.9088,IL
LN000589,2023-01-13,used_auto,39852.75,0.0798,72,698.36,740-779,7290.42,0.3537,1.1743,GA
LN000590,2023-02-28,new_auto,28959.28,0.1866,72,671.35,<580,4865.55,0.2356,1.0787,IL
LN000591,2025-02-21,used_auto,52672.98,0.0841,48,1296.06,700-739,3508.37,0.75,0.9692,AZ
LN000592,2024-04-09,refi_auto,50112.08,0.0859,72,893.13,700-739,5215.46,0.5265,0.8341,OH
LN000593,2024-01-27,used_auto,39376.22,0.0731,72,677.2,740-779,4128.12,0.3004,1.1497,GA
LN000594,2024-02-07,new_auto,52913.47,0.0979,84,872.7,660-699,3369.07,0.75,0.8903,FL
LN000595,2023-03-16,new_auto,33409.71,0.0779,48,812.34,700-739,10283.4,0.2709,0.8465,CA
LN000596,2024-02-04,new_auto,28956.46,0.0919,60,603.76,700-739,8153.5,0.1233,0.817,OH
LN000597,2025-04-11,new_auto,26392.53,0.1501,84,509.44,580-619,6720.74,0.2675,1.1275,CA
LN000598,2023-12-08,new_auto,52845.3,0.0895,84,848.89,700-739,3793.87,0.6396,1.2462,AZ
LN000599,2024-04-15,new_auto,54859.74,0.1394,72,1128.66,620-659,7183.94,0.5071,0.8362,OH
LN000600,2024-12-06,new_auto,9848.57,0.0765,60,198.05,700-739,5250.74,0.2773,0.848,MI
LN000601,2024-05-15,refi_auto,28585.24,0.0957,48,719.11,660-699,4383.36,0.6165,1.0668,GA
LN000602,2023-12-12,used_auto,22463.35,0.196,84,493.43,<580,10725.91,0.0867,0.9527,WA
LN000603,2025-01-28,new_auto,45933.87,0.2,84,1020.02,<580,10508.74,0.3173,1.0415,IL
LN000604,2024-12-19,new_auto,42566.61,0.1347,48,1151.91,620-659,6664.0,0.5359,0.8206,AZ
LN000605,2025-04-17,new_auto,10348.03,0.1592,48,292.84,580-619,6540.71,0.1633,1.066,CA
LN000606,2024-11-25,used_auto,36934.54,0.1519,60,882.36,580-619,6294.93,0.4873,1.242,GA
LN000607,2023-05-04,refi_auto,35070.45,0.1241,60,787.41,620-659,9066.67,0.2749,0.951,OH
LN000608,2025-03-21,used_auto,40725.9,0.1666,84,824.28,580-619,4797.89,0.522,0.86,AZ
LN000609,2024-08-30,used_auto,8734.63,0.0796,48,213.07,700-739,2859.24,0.75,1.118,OH
LN000610,2023-09-02,used_auto,44310.45,0.1108,60,965.19,660-699,3973.32,0.4936,1.0027,FL
LN000611,2023-01-05,new_auto,16460.02,0.08,48,401.84,700-739,7942.97,0.3177,0.9565,PA
LN000612,2024-04-20,new_auto,32919.35,0.1229,72,648.55,620-659,9874.39,0.326,1.0284,AZ
LN000613,2023-02-25,new_auto,17104.79,0.0889,84,274.25,700-739,6879.62,0.1491,1.2152,AZ
LN000614,2023-06-30,new_auto,19814.94,0.1085,84,337.72,660-699,3155.2,0.75,1.2162,FL
LN000615,2024-11-24,used_auto,13455.06,0.0769,84,207.64,740-779,7660.19,0.1729,0.8894,MI
LN000616,2024-04-27,new_auto,18705.76,0.1271,84,337.35,620-659,9933.07,0.1574,0.8993,IL
LN000617,2023-07-18,refi_auto,14812.24,0.1178,84,259.74,660-699,4260.1,0.3477,1.006,AZ
LN000618,2024-03-04,new_auto,23786.89,0.091,48,593.07,660-699,5100.95,0.2426,1.0095,FL
LN000619,2024-02-26,new_auto,21872.59,0.0547,60,417.49,740-779,7540.6,0.2697,0.9034,PA
LN000620,2023-09-11,refi_auto,35804.3,0.1151,72,690.89,660-699,2918.93,0.6964,1.1927,MI
LN000621,2025-01-21,new_auto,51591.55,0.1184,48,1354.55,660-699,6225.73,0.2974,1.2461,PA
LN000622,2023-01-13,used_auto,30525.66,0.2039,48,935.26,<580,6510.02,0.2864,1.0513,WA
LN000623,2024-04-15,refi_auto,14237.46,0.0589,48,333.65,740-779,2930.63,0.75,0.8728,IL
LN000624,2024-12-21,new_auto,29377.52,0.0732,84,448.0,740-779,4316.56,0.6407,1.0821,AZ
LN000625,2024-09-19,used_auto,26089.33,0.2007,48,794.88,<580,5232.04,0.545,1.1141,PA
LN000626,2024-11-21,new_auto,40179.26,0.0836,72,711.56,700-739,8833.24,0.1395,1.2254,MI
LN000627,2024-07-28,new_auto,25182.77,0.0576,72,414.5,780+,5804.75,0.386,1.1172,WA
LN000628,2024-12-20,new_auto,23741.69,0.0662,84,353.93,740-779,8846.52,0.2723,1.192,NY
LN000629,2024-05-12,used_auto,23061.8,0.0769,84,355.89,740-779,5072.59,0.1765,0.9554,PA
LN000630,2024-12-10,new_auto,41361.79,0.0853,72,735.96,700-739,6506.22,0.2991,1.103,CA
LN000631,2023-10-10,refi_auto,12103.51,0.1317,60,276.45,620-659,5164.66,0.5385,0.8492,CA
LN000632,2023-05-16,used_auto,49124.68,0.0806,48,1200.66,700-739,5203.99,0.7175,1.0436,NC
LN000633,2024-06-16,used_auto,38300.17,0.0987,48,969.0,660-699,2980.7,0.75,1.1757,AZ
LN000634,2024-03-31,used_auto,38820.74,0.1136,84,672.08,660-699,7665.53,0.3399,1.1789,NC
LN000635,2025-05-15,new_auto,45099.37,0.1252,72,893.94,620-659,4659.61,0.4533,0.9297,TX
LN000636,2025-05-09,new_auto,52942.05,0.1686,60,1311.76,580-619,8636.86,0.2709,1.2379,WA
LN000637,2024-01-14,used_auto,15213.79,0.0721,48,365.8,700-739,10948.94,0.1854,0.9984,FL
LN000638,2023-11-05,used_auto,39281.0,0.1493,60,933.05,620-659,5857.9,0.4303,0.8732,CA
LN000639,2024-07-13,used_auto,31472.6,0.0434,84,435.14,780+,10408.05,0.1132,1.2366,PA
LN000640,2023-12-13,used_auto,30273.8,0.0987,60,641.29,660-699,9356.52,0.2826,1.215,WA
LN000641,2024-04-01,used_auto,9883.8,0.1703,48,285.35,580-619,5326.27,0.2946,1.1784,MI
LN000642,2023-03-27,new_auto,38141.69,0.1975,60,1005.22,<580,9206.52,0.3359,0.8881,PA
LN000643,2023-02-27,used_auto,53008.31,0.0793,84,824.35,740-779,4394.49,0.4377,1.0723,AZ
LN000644,2024-04-01,new_auto,48128.79,0.1011,72,894.3,660-699,2899.96,0.708,0.9386,PA
LN000645,2024-03-10,used_auto,28878.36,0.2098,84,658.43,<580,5166.8,0.5479,1.2367,WA
LN000646,2023-12-10,new_auto,35597.46,0.0416,60,658.15,780+,5286.5,0.6115,1.0364,CA
LN000647,2025-02-12,used_auto,25661.3,0.0392,72,400.54,780+,6199.01,0.3264,1.1196,FL
LN000648,2024-04-19,used_auto,21604.77,0.1347,72,439.07,620-659,9643.6,0.1563,1.0517,NY
LN000649,2023-07-03,new_auto,20345.82,0.2087,84,462.52,<580,3818.25,0.6096,0.9295,NC
LN000650,2024-08-18,used_auto,9336.8,0.0619,84,137.25,780+,10953.53,0.0624,1.1355,NC
LN000651,2023-09-23,refi_auto,37515.81,0.0793,48,914.64,700-739,5860.26,0.4995,0.8079,FL
LN000652,2023-12-31,new_auto,29669.07,0.0858,72,528.64,700-739,4139.13,0.3693,0.9888,TX
LN000653,2023-11-27,used_auto,52006.9,0.1354,60,1197.74,620-659,9070.45,0.3214,0.8752,MI
LN000654,2023-01-14,used_auto,22150.4,0.0706,72,378.28,740-779,3585.83,0.5729,1.1705,FL
LN000655,2023-07-12,used_auto,30790.25,0.1002,60,654.5,660-699,3639.83,0.3831,0.8995,PA
LN000656,2023-05-15,used_auto,32705.68,0.081,48,799.98,700-739,6222.24,0.5167,0.8525,TX
LN000657,2023-05-02,new_auto,25040.72,0.1145,72,482.42,660-699,4212.1,0.3686,1.135,NY
LN000658,2025-03-13,used_auto,40338.22,0.1592,60,979.23,580-619,3867.79,0.4013,1.1109,CA
LN000659,2024-04-25,used_auto,43594.7,0.1813,48,1283.56,<580,3068.9,0.75,1.0669,CA
LN000660,2023-07-24,new_auto,22177.35,0.0393,48,500.05,780+,9215.44,0.3173,0.8924,FL
LN000661,2024-05-27,new_auto,14841.18,0.0874,72,265.61,700-739,10580.09,0.1352,0.8723,WA
LN000662,2023-06-25,used_auto,11211.84,0.0896,48,278.79,700-739,7136.48,0.3158,1.2339,PA
LN000663,2023-04-20,used_auto,51438.91,0.2076,84,1165.92,<580,5805.0,0.4931,0.9978,FL
LN000664,2023-04-23,refi_auto,27932.32,0.0654,84,415.32,740-779,3725.33,0.75,0.8556,PA
LN000665,2024-04-12,used_auto,41122.35,0.1667,48,1179.58,580-619,3474.43,0.75,0.9732,IL
LN000666,2023-03-13,used_auto,47531.24,0.0568,84,687.09,740-779,5182.83,0.5728,0.885,NC
LN000667,2023-05-03,used_auto,8600.93,0.0592,48,201.68,780+,6050.23,0.2895,1.1044,FL
LN000668,2024-09-01,used_auto,53945.83,0.1122,60,1178.84,660-699,3330.63,0.75,0.9524,GA
LN000669,2023-12-31,used_auto,42084.42,0.1584,72,909.19,580-619,9001.68,0.3412,1.2245,NC
LN000670,2024-05-24,refi_auto,54413.59,0.0803,60,1104.09,700-739,9097.6,0.1915,0.9128,NY
LN000671,2024-09-11,new_auto,12681.36,0.0666,48,301.67,700-739,6884.71,0.1105,0.8806,AZ
LN000672,2024-05-17,new_auto,37291.93,0.1428,84,704.63,620-659,9300.4,0.1665,1.0979,PA
LN000673,2024-04-05,new_auto,48404.6,0.1364,48,1314.0,620-659,10923.83,0.3342,0.8536,MI
LN000674,2023-11-16,used_auto,9691.11,0.0553,72,158.47,740-779,10054.54,0.0915,0.9938,WA
LN000675,2024-02-05,used_auto,34736.2,0.1047,84,585.13,660-699,6702.47,0.4274,1.028,OH
LN000676,2025-05-07,refi_auto,36996.16,0.1006,72,686.5,660-699,5427.96,0.2116,0.8203,MI
LN000677,2024-02-26,used_auto,9264.29,0.1167,72,179.53,660-699,5920.7,0.257,1.2464,MI
LN000678,2023-12-12,new_auto,19027.24,0.1894,48,568.31,<580,10265.19,0.1084,0.9372,FL
LN000679,2023-11-21,new_auto,29662.74,0.2059,84,669.27,<580,4986.27,0.5215,1.0646,GA
LN000680,2023-12-14,new_auto,12593.11,0.0797,60,255.16,700-739,5554.93,0.3171,1.1442,FL
LN000681,2023-02-18,used_auto,28491.58,0.0799,48,695.43,700-739,9691.12,0.2347,0.9293,OH
LN000682,2023-10-07,used_auto,18616.64,0.0613,48,438.32,780+,8685.2,0.243,1.0663,CA
LN000683,2024-03-19,used_auto,28073.98,0.0754,48,679.32,700-739,8142.6,0.2141,1.1619,AZ
LN000684,2024-10-04,new_auto,26908.14,0.0837,84,424.37,700-739,8306.79,0.2443,1.1964,WA
LN000685,2025-05-23,new_auto,31462.57,0.1098,84,538.39,660-699,4997.07,0.4686,1.164,GA
LN000686,2023-11-04,used_auto,10814.44,0.045,84,150.32,780+,4011.5,0.2197,1.1084,GA
LN000687,2024-12-04,refi_auto,50823.48,0.109,84,867.55,660-699,4988.87,0.3807,0.8723,IL
LN000688,2024-10-24,new_auto,15048.23,0.1208,72,294.82,620-659,6606.11,0.2916,0.9963,TX
LN000689,2025-01-09,new_auto,9369.67,0.1437,72,194.93,620-659,8201.1,0.1198,1.1836,NC
LN000690,2024-01-08,new_auto,50135.76,0.0594,72,829.48,740-779,9910.81,0.324,0.9832,AZ
LN000691,2023-05-04,new_auto,52328.62,0.0867,60,1077.89,700-739,4735.54,0.5773,1.0251,PA
LN000692,2025-04-06,used_auto,44430.45,0.0808,84,694.27,700-739,10053.43,0.1609,0.855,MI
LN000693,2023-08-08,used_auto,26327.68,0.1425,60,616.02,620-659,10471.1,0.1428,0.8481,OH
LN000694,2024-05-01,new_auto,35705.6,0.1047,72,669.97,660-699,8536.87,0.1544,1.0456,AZ
LN000695,2024-09-12,new_auto,44860.84,0.1243,84,802.27,620-659,8668.5,0.3472,0.8095,TX
LN000696,2024-12-18,used_auto,52219.87,0.0707,60,1035.74,740-779,4874.46,0.4682,1.0875,MI
LN000697,2023-09-19,used_auto,33140.8,0.0461,84,462.36,780+,5985.46,0.4785,0.9768,OH
LN000698,2025-02-24,used_auto,19066.64,0.1863,60,490.73,<580,10310.3,0.2211,1.1958,AZ
LN000699,2025-01-04,new_auto,48722.9,0.1147,84,846.34,660-699,6662.95,0.3234,1.1785,GA
LN000700,2025-01-25,used_auto,46746.84,0.06,48,1097.85,780+,5685.22,0.4965,1.166,MI
LN000701,2024-10-05,new_auto,10448.64,0.1092,84,178.47,660-699,9286.36,0.0945,0.9803,OH
LN000702,2023-11-24,new_auto,15417.65,0.1355,60,355.16,620-659,9745.08,0.2323,1.1567,NC
LN000703,2023-07-06,used_auto,20251.95,0.1106,72,386.1,660-699,9356.14,0.1307,0.9865,GA
LN000704,2023-04-02,refi_auto,49564.05,0.0457,48,1131.8,780+,10369.52,0.285,1.082,NC
LN000705,2023-06-24,used_auto,15931.53,0.132,84,291.56,620-659,7723.22,0.1321,1.2311,IL
LN000706,2023-07-28,used_auto,28452.46,0.1776,84,594.01,580-619,9583.51,0.2172,0.901,NY
LN000707,2025-04-23,used_auto,20511.53,0.0614,84,301.02,780+,3867.63,0.6684,1.07,OH
LN000708,2023-09-12,new_auto,16477.38,0.0738,48,397.48,740-779,5179.58,0.2652,1.078,MI
LN000709,2024-01-28,used_auto,12029.72,0.0791,72,210.39,700-739,10790.07,0.1376,0.8955,WA
LN000710,2024-09-12,used_auto,11433.61,0.1067,48,293.68,660-699,5529.47,0.2189,1.2087,AZ
LN000711,2024-11-18,used_auto,43167.37,0.0404,72,676.15,780+,6937.24,0.2759,1.2399,MI
LN000712,2023-05-16,refi_auto,9932.87,0.1554,60,239.13,580-619,6930.72,0.3875,1.1951,CA
LN000713,2023-10-15,used_auto,14664.4,0.1235,48,388.69,620-659,10823.84,0.1743,1.238,WA
LN000714,2025-01-24,used_auto,50431.26,0.0979,72,928.95,660-699,7039.18,0.325,0.8742,NC
LN000715,2023-02-06,new_auto,48092.58,0.0697,84,725.14,740-779,3236.42,0.4487,0.9034,NC
LN000716,2024-05-11,used_auto,28512.2,0.1499,84,550.03,620-659,3134.49,0.5533,1.1191,NC
LN000717,2025-02-06,used_auto,48743.33,0.0937,48,1221.56,660-699,4470.62,0.5025,1.1757,PA
LN000718,2023-03-20,used_auto,39167.47,0.0564,48,913.4,740-779,7113.33,0.3612,0.9874,NY
LN000719,2025-05-07,used_auto,49706.28,0.0508,48,1146.5,740-779,6032.19,0.4717,1.228,MI
LN000720,2023-12-04,new_auto,47042.86,0.1698,84,960.82,580-619,7952.53,0.2456,1.0961,TX
LN000721,2023-11-27,refi_auto,23271.03,0.0869,60,479.57,700-739,4533.21,0.2177,1.0896,TX
LN000722,2023-04-02,used_auto,36307.7,0.0528,72,589.46,740-779,4259.69,0.7307,1.1895,TX
LN000723,2025-04-05,new_auto,44636.15,0.0585,60,859.83,740-779,3788.94,0.6175,0.9946,OH
LN000724,2024-05-02,used_auto,24875.08,0.0419,72,391.33,780+,7003.76,0.2668,1.1984,OH
LN000725,2023-12-16,used_auto,43555.06,0.0893,60,902.65,700-739,6359.67,0.3522,0.8182,NC
LN000726,2024-05-04,used_auto,41540.87,0.0929,48,1039.48,700-739,5183.76,0.4633,1.2082,OH
LN000727,2023-02-16,new_auto,50436.47,0.1752,84,1045.92,580-619,5222.95,0.2969,0.8344,PA
LN000728,2023-01-17,used_auto,12440.77,0.1698,72,276.62,580-619,5714.75,0.3438,1.1459,CA
LN000729,2024-08-24,used_auto,44950.32,0.0753,48,1087.48,740-779,3482.98,0.75,0.9339,WA
LN000730,2023-09-23,used_auto,37319.09,0.098,60,789.25,660-699,4530.76,0.3005,1.242,AZ
LN000731,2024-11-04,used_auto,8274.81,0.1535,60,198.38,580-619,8177.57,0.197,0.9823,WA
LN000732,2025-04-03,used_auto,37069.47,0.0942,72,675.95,700-739,8463.43,0.3775,1.1038,OH
LN000733,2024-10-27,new_auto,16967.7,0.2045,60,453.8,<580,9843.9,0.1335,1.0919,NY
LN000734,2023-04-30,used_auto,45130.54,0.0957,72,826.33,660-699,9111.71,0.1704,0.9898,FL
LN000735,2024-08-06,used_auto,28927.5,0.0536,48,670.91,780+,9850.33,0.2394,0.8906,GA
LN000736,2024-07-21,new_auto,37629.26,0.2014,84,838.78,<580,9758.65,0.2931,1.0681,OH
LN000737,2024-08-13,used_auto,32127.72,0.2017,84,716.73,<580,4701.63,0.2659,0.8086,MI
LN000738,2024-12-15,new_auto,38470.11,0.0917,48,960.44,700-739,6857.27,0.4996,0.956,GA
LN000739,2024-09-08,new_auto,17033.46,0.1903,60,442.14,<580,6962.61,0.3066,1.1082,WA
LN000740,2025-03-26,new_auto,21789.52,0.0863,84,346.5,700-739,9631.26,0.2313,1.1306,NC
LN000741,2024-09-12,used_auto,37226.59,0.0585,48,871.71,740-779,8269.86,0.1881,0.8898,NC
LN000742,2023-09-25,used_auto,54707.06,0.1591,60,1327.75,580-619,7366.01,0.533,0.9615,MI
LN000743,2024-07-29,new_auto,48394.7,0.0801,48,1181.68,700-739,5569.42,0.329,0.902,NY
LN000744,2024-09-10,refi_auto,44889.63,0.1131,72,861.58,660-699,10149.81,0.3093,1.1932,AZ
LN000745,2025-05-28,new_auto,52474.58,0.174,48,1525.04,580-619,10792.21,0.3377,1.0743,CA
LN000746,2024-03-28,new_auto,12954.32,0.0689,60,255.84,740-779,10270.08,0.0975,0.9315,PA
LN000747,2025-02-26,refi_auto,15251.9,0.1009,60,324.73,660-699,3808.46,0.3069,1.2363,TX
LN000748,2024-10-06,used_auto,24042.04,0.1352,48,651.21,620-659,4981.33,0.5269,0.9868,AZ
LN000749,2024-04-14,used_auto,32893.56,0.1436,60,771.53,620-659,9374.5,0.222,0.9842,PA
LN000750,2023-12-13,used_auto,9398.86,0.0544,48,218.33,740-779,8684.53,0.2023,0.8313,MI
LN000751,2023-03-01,used_auto,28401.4,0.1018,48,722.79,660-699,8213.44,0.3085,1.2061,AZ
LN000752,2023-11-08,used_auto,49163.23,0.0682,84,737.69,780+,6096.42,0.4323,1.0491,WA
LN000753,2024-07-11,refi_auto,8371.4,0.0584,60,161.22,740-779,8542.42,0.1806,0.8923,IL
LN000754,2024-07-04,used_auto,40781.14,0.0766,84,628.74,740-779,9158.28,0.324,0.8379,MI
LN000755,2023-12-15,used_auto,49354.15,0.1056,72,928.33,660-699,4552.62,0.539,0.9405,AZ
LN000756,2024-06-01,new_auto,45440.14,0.1678,60,1123.94,580-619,9624.28,0.2278,0.9902,CA
LN000757,2023-11-02,used_auto,20208.55,0.0652,48,479.43,740-779,3191.41,0.7243,0.8561,IL
LN000758,2025-01-02,used_auto,54198.68,0.0742,60,1083.97,740-779,5672.76,0.3719,1.1532,IL
LN000759,2024-04-10,used_auto,32424.33,0.0724,72,556.55,700-739,7034.9,0.1962,1.1503,CA
LN000760,2024-01-14,used_auto,27366.49,0.1528,84,532.39,580-619,10085.78,0.1963,1.0008,AZ
LN000761,2024-12-06,used_auto,32390.41,0.0768,72,562.86,700-739,7591.29,0.3113,1.2484,NC
LN000762,2025-06-02,used_auto,15653.61,0.0652,84,232.6,740-779,8631.43,0.1063,1.117,PA
LN000763,2023-04-23,new_auto,30247.71,0.1724,72,676.95,580-619,10357.92,0.1292,1.1835,CA
LN000764,2025-03-21,new_auto,32570.54,0.0935,72,592.78,660-699,10926.36,0.1519,1.0187,FL
LN000765,2023-05-06,used_auto,10286.6,0.1768,72,232.76,580-619,4567.77,0.533,1.02,PA
LN000766,2025-01-07,refi_auto,27626.03,0.1072,84,468.97,660-699,10182.36,0.2542,1.0139,IL
LN000767,2024-10-01,new_auto,37913.63,0.1729,84,781.16,580-619,4021.66,0.6919,0.8402,AZ
LN000768,2024-10-23,used_auto,50311.49,0.0752,48,1216.95,700-739,10656.25,0.3355,1.1312,CA
LN000769,2023-07-17,used_auto,34883.76,0.0739,72,601.29,740-779,7400.56,0.1721,1.0517,IL
LN000770,2024-06-28,used_auto,52992.76,0.0807,84,827.81,700-739,6921.64,0.1833,1.0962,FL
LN000771,2024-08-26,new_auto,17672.83,0.0639,84,261.49,780+,3494.11,0.5253,0.9442,TX
LN000772,2023-04-28,refi_auto,23977.96,0.0954,48,602.86,660-699,9849.12,0.1727,0.9157,CA
LN000773,2024-09-21,new_auto,16585.44,0.088,60,342.68,700-739,5315.71,0.3083,0.8761,MI
LN000774,2025-04-27,used_auto,22007.14,0.123,60,492.88,620-659,6185.15,0.2597,0.969,CA
LN000775,2024-07-20,new_auto,36059.22,0.1871,84,772.97,<580,10584.73,0.1668,0.9433,GA
LN000776,2023-09-10,new_auto,37776.44,0.2074,48,1164.5,<580,5007.11,0.7358,1.1038,PA
LN000777,2023-06-22,new_auto,34707.54,0.0784,60,701.09,700-739,9219.63,0.1534,1.0432,NY
LN000778,2024-10-30,used_auto,50840.16,0.0786,48,1237.82,700-739,9463.68,0.3965,1.0793,FL
LN000779,2025-05-10,refi_auto,30662.75,0.1979,84,677.03,<580,10993.78,0.2666,0.8957,PA
LN000780,2024-07-23,new_auto,33102.2,0.1221,48,875.12,620-659,6041.5,0.2558,0.8628,OH
LN000781,2023-10-07,new_auto,31726.55,0.0631,72,530.46,780+,8008.39,0.3853,1.1185,NY
LN000782,2023-01-03,new_auto,17899.32,0.0938,72,326.03,700-739,2930.17,0.75,1.0909,IL
LN000783,2024-10-26,refi_auto,39617.2,0.1024,84,662.62,660-699,9052.21,0.2482,1.1543,AZ
LN000784,2024-01-02,new_auto,47107.94,0.2001,48,1433.76,<580,5694.56,0.636,1.1724,GA
LN000785,2025-01-30,used_auto,40760.42,0.1503,84,787.23,580-619,5837.94,0.2761,0.8042,TX
LN000786,2024-01-07,used_auto,41332.3,0.0557,72,676.64,740-779,9429.0,0.1658,1.2411,TX
LN000787,2023-10-12,refi_auto,41227.5,0.1263,60,930.26,620-659,10870.96,0.2516,0.8499,IL
LN000788,2023-09-23,new_auto,17107.2,0.1122,60,373.83,660-699,3335.96,0.3165,0.8293,IL
LN000789,2023-09-16,refi_auto,42258.25,0.0582,48,988.95,740-779,10934.0,0.2665,1.0398,AZ
LN000790,2024-02-21,used_auto,52080.85,0.0842,48,1281.74,700-739,9801.65,0.2441,1.18,OH
LN000791,2024-03-06,used_auto,31292.01,0.1655,48,895.66,580-619,10047.18,0.1781,0.9251,PA
LN000792,2023-03-18,new_auto,17146.58,0.0925,48,428.73,660-699,10920.17,0.1213,1.1103,NY
LN000793,2024-10-03,new_auto,10953.67,0.1388,48,298.67,620-659,6735.72,0.3677,1.0666,MI
LN000794,2023-03-16,new_auto,30258.1,0.0788,48,736.99,740-779,9537.4,0.2391,0.9065,IL
LN000795,2025-05-18,used_auto,37391.39,0.0824,48,917.05,700-739,10791.11,0.3089,0.9698,WA
LN000796,2023-02-27,new_auto,51198.44,0.1933,72,1206.54,<580,7808.06,0.3274,0.8458,PA
LN000797,2023-01-11,used_auto,26879.1,0.1985,84,594.46,<580,4711.52,0.491,1.0969,NC
LN000798,2024-06-13,used_auto,49357.09,0.1086,72,935.93,660-699,8137.56,0.3469,0.8117,MI
LN000799,2023-12-30,new_auto,8577.56,0.0864,60,176.56,700-739,10215.83,0.0836,1.029,GA
LN000800,2024-10-29,used_auto,16738.4,0.0941,48,419.8,660-699,3296.03,0.4568,0.9961,MI
LN000801,2024-06-14,refi_auto,44448.3,0.1244,72,879.18,620-659,7747.3,0.2478,1.2366,IL
LN000802,2023-07-26,new_auto,19157.21,0.0896,48,476.36,700-739,6260.9,0.2086,0.8902,CA
LN000803,2023-11-03,used_auto,40654.73,0.1195,72,793.75,660-699,9786.47,0.2492,0.951,GA
LN000804,2023-08-24,new_auto,49176.96,0.1473,84,941.52,620-659,4599.13,0.2935,0.9004,NC
LN000805,2025-04-25,new_auto,42525.55,0.0936,72,774.17,700-739,9419.62,0.2124,0.9801,TX
LN000806,2024-01-04,new_auto,9410.83,0.0935,72,171.27,660-699,6411.35,0.3057,1.2107,TX
LN000807,2023-07-02,new_auto,21352.74,0.0456,72,339.54,780+,8694.46,0.171,1.0495,NY
LN000808,2023-08-04,used_auto,50800.5,0.1806,60,1291.66,<580,5907.17,0.5796,0.8499,OH
LN000809,2023-05-14,used_auto,25500.46,0.0951,84,416.91,660-699,10002.78,0.096,0.865,NY
LN000810,2025-05-24,used_auto,25590.0,0.138,60,592.78,620-659,10352.31,0.2581,1.0643,PA
LN000811,2024-05-15,new_auto,19617.07,0.1389,72,403.07,620-659,9957.38,0.2688,1.2358,NY
LN000812,2024-06-05,used_auto,45176.87,0.0684,60,891.15,740-779,6970.63,0.4223,1.0903,MI
LN000813,2024-02-15,used_auto,23125.69,0.1012,84,385.35,660-699,8668.33,0.2162,0.9208,AZ
LN000814,2024-03-11,used_auto,9720.41,0.0456,60,181.48,780+,6507.06,0.1686,0.8984,GA
LN000815,2023-08-24,refi_auto,25583.05,0.0815,60,520.57,700-739,8963.31,0.1751,1.0335,IL
LN000816,2024-01-27,used_auto,23809.58,0.1935,84,519.44,<580,6153.41,0.4371,0.9427,TX
LN000817,2023-03-22,new_auto,38331.68,0.1608,48,1087.9,580-619,5215.05,0.497,1.046,OH
LN000818,2025-02-02,new_auto,11353.39,0.0401,60,209.14,780+,5536.81,0.3783,0.9125,AZ
LN000819,2025-03-12,new_auto,36389.6,0.0541,72,593.0,740-779,2869.98,0.5756,1.17,GA
LN000820,2023-08-03,used_auto,43616.89,0.0394,60,802.09,780+,9896.82,0.1721,1.1255,NC
LN000821,2024-03-15,used_auto,33972.92,0.1341,84,625.63,620-659,5593.41,0.2171,1.1806,WA
LN000822,2023-01-10,used_auto,48088.37,0.0909,60,1000.34,660-699,7535.57,0.2233,1.2245,NC
LN000823,2024-08-24,used_auto,23971.65,0.0626,84,353.19,740-779,9055.3,0.2509,0.9348,TX
LN000824,2024-08-10,new_auto,14539.33,0.0943,72,265.19,700-739,7459.17,0.3249,1.2112,GA
LN000825,2024-10-16,new_auto,26359.9,0.055,60,503.5,780+,6693.18,0.2431,1.2329,OH
LN000826,2024-01-31,new_auto,33986.62,0.181,84,716.32,<580,3020.08,0.5146,1.2101,OH
LN000827,2024-02-25,new_auto,32646.6,0.1336,72,661.57,620-659,7051.96,0.2041,1.1869,GA
LN000828,2025-06-10,new_auto,33213.29,0.1643,48,948.6,580-619,5989.74,0.557,0.8929,NY
LN000829,2023-10-10,used_auto,39245.25,0.1248,72,777.08,620-659,7617.43,0.2996,1.1082,NY
LN000830,2024-04-16,new_auto,11006.59,0.192,60,286.73,<580,7112.02,0.3781,1.1957,NC
LN000831,2024-02-05,used_auto,21531.85,0.0914,84,347.96,700-739,5643.61,0.461,1.1566,IL
LN000832,2024-08-05,used_auto,27507.48,0.0554,84,395.81,740-779,6554.19,0.4272,0.8825,CA
LN000833,2023-03-10,refi_auto,19265.68,0.1161,72,372.75,660-699,10036.96,0.1949,1.1,WA
LN000834,2025-02-23,refi_auto,50710.61,0.0623,48,1196.29,740-779,10961.59,0.161,0.8474,MI
LN000835,2024-01-26,new_auto,17746.49,0.0913,48,442.72,660-699,3400.2,0.6972,1.1374,MI
LN000836,2024-04-20,refi_auto,26643.69,0.0503,48,613.95,740-779,8614.62,0.1526,1.1016,NC
LN000837,2023-06-24,new_auto,38880.06,0.1114,84,668.59,660-699,3950.1,0.7275,1.1787,TX
LN000838,2023-06-07,new_auto,13835.11,0.0872,60,285.32,700-739,3436.2,0.6883,1.1048,NC
LN000839,2024-06-19,new_auto,9618.91,0.1103,60,209.28,660-699,6424.88,0.1112,1.0857,AZ
LN000840,2025-02-24,used_auto,12831.28,0.0857,84,203.65,700-739,3229.81,0.1901,1.1476,NY
LN000841,2024-11-27,used_auto,19211.4,0.0417,84,264.1,780+,3029.14,0.2298,1.1692,AZ
LN000842,2025-04-15,refi_auto,12540.35,0.2051,60,335.81,<580,8736.89,0.0953,1.0306,MI
LN000843,2024-01-01,used_auto,37359.65,0.148,84,716.73,620-659,10499.17,0.1317,0.8962,MI
LN000844,2024-09-30,used_auto,22863.29,0.1617,84,456.33,580-619,4604.79,0.5003,0.9253,MI
LN000845,2025-05-20,refi_auto,27321.55,0.203,84,611.65,<580,10861.44,0.1138,1.0413,IL
LN000846,2023-12-07,refi_auto,36193.76,0.1794,84,759.44,580-619,8358.78,0.3946,1.1122,FL
LN000847,2024-04-04,refi_auto,22944.45,0.0905,84,369.74,700-739,3353.61,0.2411,1.2104,GA
LN000848,2023-11-13,used_auto,31660.74,0.1111,48,819.98,660-699,4707.37,0.5472,1.2036,NY
LN000849,2024-10-19,used_auto,37129.01,0.0518,72,601.07,740-779,6889.56,0.2098,0.9691,TX
LN000850,2023-02-10,used_auto,54461.91,0.1333,72,1102.78,620-659,3900.99,0.5643,1.1541,PA
LN000851,2024-07-06,used_auto,46197.4,0.0725,60,920.22,740-779,9744.87,0.2103,0.909,TX
LN000852,2024-03-28,used_auto,19671.89,0.0596,60,379.95,780+,7786.12,0.208,0.9447,AZ
LN000853,2024-07-16,refi_auto,11289.29,0.1858,60,290.25,<580,10493.85,0.0921,0.8782,NY
LN000854,2023-10-20,new_auto,42074.49,0.1293,60,955.82,620-659,4808.38,0.3627,0.912,IL
LN000855,2024-04-27,used_auto,20777.46,0.1134,48,540.44,660-699,10598.31,0.1634,0.97,NC
LN000856,2025-02-16,used_auto,28371.23,0.0947,84,463.26,660-699,2962.45,0.5747,1.1843,OH
LN000857,2024-05-07,new_auto,42152.47,0.0727,84,641.77,700-739,5307.95,0.3137,1.053,CA
LN000858,2024-05-18,used_auto,17198.64,0.1175,48,450.8,660-699,2905.24,0.672,1.1264,GA
LN000859,2023-02-09,refi_auto,53613.15,0.0502,84,758.27,780+,5324.05,0.6256,0.8321,CA
LN000860,2024-12-27,used_auto,17128.73,0.1031,72,320.01,660-699,9124.42,0.2601,0.9569,NC
LN000861,2025-04-12,used_auto,10712.12,0.0766,84,165.15,700-739,8832.45,0.1244,0.8155,MI
LN000862,2023-09-11,used_auto,40781.16,0.0844,72,723.82,700-739,7764.57,0.4123,0.8663,IL
LN000863,2024-08-23,used_auto,15587.09,0.0685,48,372.17,700-739,8084.06,0.345,0.979,CA
LN000864,2024-01-27,new_auto,27878.41,0.1149,72,537.66,660-699,8473.06,0.2407,1.0399,IL
LN000865,2025-04-13,used_auto,49190.82,0.1418,48,1348.66,620-659,3696.05,0.75,1.1589,FL
LN000866,2023-03-13,new_auto,43169.64,0.141,48,1181.84,620-659,10893.61,0.3101,0.8007,WA
LN000867,2023-07-06,used_auto,21551.99,0.1029,60,461.0,660-699,5872.14,0.4104,0.8891,PA
LN000868,2025-06-11,used_auto,46275.41,0.0446,48,1054.41,780+,8949.31,0.3614,0.8863,GA
LN000869,2023-12-17,refi_auto,13132.19,0.1091,48,338.83,660-699,5203.63,0.3017,0.9245,TX
LN000870,2025-03-19,used_auto,39621.82,0.068,48,945.12,700-739,4981.86,0.6918,1.0994,TX
LN000871,2024-03-15,used_auto,8341.31,0.1981,72,198.88,<580,10443.45,0.157,0.9517,MI
LN000872,2023-12-31,refi_auto,54973.92,0.1145,72,1059.09,660-699,8253.64,0.2777,0.8258,MI
LN000873,2024-12-17,new_auto,48915.45,0.0621,60,950.46,740-779,3010.58,0.5384,1.0388,NY
LN000874,2025-04-12,used_auto,38967.18,0.1043,84,655.59,660-699,8213.87,0.1294,1.0871,MI
LN000875,2025-01-26,used_auto,10150.45,0.2042,72,245.61,<580,8359.02,0.1387,1.018,IL
LN000876,2025-01-21,new_auto,52136.98,0.0782,84,807.95,740-779,10892.35,0.284,1.2073,GA
LN000877,2024-11-20,new_auto,14728.59,0.1356,48,399.24,620-659,3848.46,0.6632,0.9356,PA
LN000878,2025-02-10,used_auto,50131.2,0.0677,84,750.99,780+,8233.67,0.2042,0.8952,AZ
LN000879,2023-09-21,new_auto,54687.99,0.0659,72,921.65,700-739,10201.72,0.2948,0.8992,AZ
LN000880,2024-08-12,refi_auto,13785.61,0.0941,84,224.68,660-699,3541.62,0.6061,1.1924,IL
LN000881,2024-03-23,new_auto,50777.85,0.2023,84,1134.63,<580,8162.14,0.3996,1.2348,NY
LN000882,2025-05-23,new_auto,12120.98,0.1227,60,271.28,620-659,8905.87,0.1041,0.9655,MI
LN000883,2024-01-09,used_auto,8078.89,0.0409,60,149.11,780+,9746.37,0.2775,0.9438,AZ
LN000884,2023-05-29,new_auto,39195.91,0.0567,48,914.6,780+,6041.56,0.4136,1.0073,OH
LN000885,2023-02-05,used_auto,29421.87,0.068,60,579.82,740-779,8925.89,0.3191,1.1725,IL
LN000886,2024-01-21,used_auto,40364.2,0.1282,84,730.36,620-659,7974.83,0.2012,0.9312,TX
LN000887,2023-07-03,new_auto,46910.58,0.0453,60,875.19,780+,8543.34,0.1628,1.1894,NC
LN000888,2024-11-25,new_auto,46305.57,0.0774,60,933.16,740-779,10926.72,0.2323,0.9518,NC
LN000889,2024-07-15,used_auto,26379.97,0.0548,72,430.75,780+,5115.39,0.5594,1.1155,GA
LN000890,2023-06-17,new_auto,45190.04,0.206,48,1389.64,<580,9768.44,0.343,1.0059,IL
LN000891,2024-01-06,used_auto,21680.83,0.1543,60,520.69,580-619,9395.74,0.1438,1.0931,WA
LN000892,2023-02-27,new_auto,44918.46,0.0758,84,690.75,740-779,10593.26,0.1917,1.1787,CA
LN000893,2024-02-18,used_auto,52417.97,0.0935,72,953.99,660-699,7665.82,0.4549,1.0821,NY
LN000894,2025-03-25,new_auto,30965.42,0.2006,60,821.43,<580,8152.94,0.2511,1.1113,AZ
LN000895,2023-04-30,used_auto,48650.1,0.0845,72,863.72,700-739,7985.13,0.2809,0.8052,CA
LN000896,2023-07-05,used_auto,50698.49,0.1567,84,997.47,580-619,5044.54,0.6021,1.1575,GA
LN000897,2024-07-04,used_auto,28381.85,0.1071,48,729.55,660-699,5466.88,0.4939,1.188,FL
LN000898,2025-04-18,used_auto,26508.44,0.1145,84,460.19,660-699,3324.24,0.75,1.0425,AZ
LN000899,2024-04-02,used_auto,53387.01,0.1769,60,1346.69,580-619,9868.43,0.332,0.8024,MI
LN000900,2024-06-02,new_auto,17692.81,0.1548,72,378.74,580-619,9781.89,0.0875,1.241,OH
LN000901,2025-03-12,used_auto,27883.41,0.1184,48,732.09,660-699,4836.36,0.2551,1.2256,OH
LN000902,2024-11-09,used_auto,35122.36,0.0859,72,625.98,700-739,7770.61,0.2766,1.1096,TX
LN000903,2023-05-12,new_auto,22086.33,0.145,60,519.65,620-659,7737.58,0.1803,0.9616,WA
LN000904,2024-03-11,new_auto,19983.47,0.0765,60,401.85,700-739,6080.49,0.162,0.9144,WA
LN000905,2024-06-07,new_auto,37589.71,0.1581,60,910.32,580-619,8658.45,0.2945,1.0915,IL
LN000906,2023-05-08,used_auto,22868.94,0.1736,84,472.12,580-619,3012.46,0.7303,0.8349,PA
LN000907,2025-03-28,used_auto,11100.09,0.1692,72,246.44,580-619,10255.81,0.2299,0.8658,NY
LN000908,2025-06-15,new_auto,54035.81,0.1267,48,1440.81,620-659,9218.42,0.2292,1.0369,OH
LN000909,2023-06-24,used_auto,12490.41,0.0755,72,216.26,700-739,7322.65,0.2667,1.2035,MI
LN000910,2024-06-09,used_auto,24223.13,0.0612,84,355.26,780+,6710.27,0.1544,0.8043,WA
LN000911,2025-03-07,new_auto,25803.63,0.1721,48,747.37,580-619,10331.22,0.2472,0.9666,NY
LN000912,2024-03-14,used_auto,29515.97,0.0782,72,514.92,700-739,9347.44,0.2161,0.9241,PA
LN000913,2023-04-03,refi_auto,46259.09,0.0482,48,1061.55,780+,10569.13,0.2229,0.9407,AZ
LN000914,2025-04-07,used_auto,52408.75,0.185,48,1553.23,<580,3493.6,0.7391,1.2183,TX
LN000915,2024-06-29,used_auto,31908.07,0.0609,84,467.51,780+,6882.0,0.3451,1.1045,WA
LN000916,2023-09-08,new_auto,16938.65,0.1749,48,493.07,580-619,8656.11,0.2817,1.1374,WA
LN000917,2025-02-21,refi_auto,54960.89,0.0933,48,1376.33,700-739,7780.46,0.5011,1.1035,PA
LN000918,2024-01-18,new_auto,25251.39,0.043,72,398.52,780+,10610.37,0.1629,0.9706,CA
LN000919,2023-01-03,used_auto,47091.14,0.1155,48,1229.71,660-699,5178.53,0.52,0.9191,WA
LN000920,2023-02-28,used_auto,51383.65,0.0929,48,1285.77,700-739,10470.4,0.3485,1.1818,MI
LN000921,2023-04-14,used_auto,22022.48,0.1832,72,506.28,<580,10099.61,0.1303,0.9595,GA
LN000922,2023-09-14,new_auto,32172.97,0.0946,48,807.67,660-699,10287.49,0.1189,1.1463,NY
LN000923,2023-06-15,used_auto,25131.3,0.1168,72,487.15,660-699,3691.3,0.5017,1.1777,FL
LN000924,2024-03-07,used_auto,24884.13,0.1161,60,548.64,660-699,3707.46,0.4249,0.8602,WA
LN000925,2024-11-29,new_auto,39311.63,0.1185,72,765.49,660-699,3774.1,0.5939,1.023,WA
LN000926,2023-05-10,used_auto,44675.86,0.162,84,892.45,580-619,3877.62,0.75,1.1567,FL
LN000927,2024-05-06,new_auto,40168.57,0.0916,72,727.25,660-699,6323.25,0.386,0.8036,OH
LN000928,2024-12-18,new_auto,28160.74,0.1385,60,653.06,620-659,4845.63,0.5654,1.1889,NY
LN000929,2025-05-25,used_auto,30272.96,0.0885,48,751.19,700-739,8549.39,0.2639,0.8815,IL
LN000930,2024-09-23,new_auto,13661.68,0.077,72,237.54,700-739,10921.27,0.2455,0.9918,NY
LN000931,2024-03-13,new_auto,27142.97,0.1892,60,702.91,<580,4618.56,0.4418,0.8276,AZ
LN000932,2023-01-01,new_auto,25088.08,0.2083,84,569.72,<580,4825.14,0.6091,0.8818,TX
LN000933,2023-12-09,new_auto,21409.9,0.0734,48,516.07,700-739,6333.44,0.2323,1.0211,OH
LN000934,2025-03-08,used_auto,40099.19,0.1731,60,1003.26,580-619,5515.94,0.5501,0.9626,IL
LN000935,2024-09-08,used_auto,38561.67,0.0713,84,584.45,700-739,3515.3,0.3466,1.0833,CA
LN000936,2024-07-13,refi_auto,49549.94,0.2045,60,1325.21,<580,8578.21,0.4385,0.8337,IL
LN000937,2023-09-16,used_auto,54513.3,0.0961,60,1147.81,660-699,3159.25,0.6234,1.0477,PA
LN000938,2024-05-30,refi_auto,29078.66,0.0605,84,425.49,780+,3355.21,0.5208,1.2191,TX
LN000939,2024-02-12,new_auto,53471.89,0.1587,48,1511.85,580-619,9314.0,0.3691,1.1333,NC
LN000940,2023-07-31,refi_auto,53662.31,0.07,84,809.91,700-739,7412.49,0.279,1.0732,FL
LN000941,2025-05-22,used_auto,35829.3,0.1803,84,753.68,<580,6931.31,0.3952,0.9165,NY
LN000942,2023-10-12,new_auto,13597.86,0.1267,60,307.1,620-659,5193.12,0.4071,1.2239,FL
LN000943,2024-09-11,used_auto,38193.42,0.1275,60,864.14,620-659,7183.68,0.1764,0.9564,MI
LN000944,2023-02-28,refi_auto,49547.36,0.1279,60,1122.04,620-659,6148.41,0.4663,0.9461,AZ
LN000945,2025-06-07,used_auto,18306.14,0.079,60,370.31,740-779,4899.1,0.1643,1.0958,IL
LN000946,2024-08-18,used_auto,25953.11,0.1696,60,644.44,580-619,9498.15,0.1611,0.921,AZ
LN000947,2023-07-05,used_auto,15315.15,0.057,84,221.54,740-779,5822.85,0.4476,0.8422,NC
LN000948,2023-07-01,refi_auto,16876.42,0.1347,60,388.06,620-659,8110.03,0.1029,0.8733,GA
LN000949,2024-06-23,new_auto,14745.55,0.0778,84,228.21,700-739,10254.87,0.2694,0.8451,FL
LN000950,2023-02-14,used_auto,36354.8,0.0613,48,855.96,740-779,3702.29,0.3473,1.1737,FL
LN000951,2024-07-09,new_auto,14703.87,0.1388,48,400.92,620-659,9297.68,0.0884,1.1562,WA
LN000952,2023-09-07,refi_auto,11993.36,0.0542,84,171.89,740-779,9486.81,0.1316,1.0155,TX
LN000953,2025-05-06,new_auto,33549.81,0.0656,48,796.56,700-739,3643.09,0.5076,1.0302,GA
LN000954,2024-12-01,refi_auto,9128.04,0.1628,60,223.34,580-619,5697.14,0.2202,1.2148,GA
LN000955,2023-03-20,used_auto,50375.89,0.0798,48,1229.35,700-739,4641.08,0.75,0.9268,IL
LN000956,2024-09-06,used_auto,51461.0,0.0925,48,1286.73,660-699,7756.95,0.268,1.0387,FL
LN000957,2024-11-08,new_auto,39361.85,0.074,72,678.67,700-739,5656.76,0.2311,1.2123,MI
LN000958,2023-05-31,used_auto,41431.41,0.0413,48,937.89,780+,9866.05,0.3537,1.15,MI
LN000959,2023-05-29,used_auto,45451.98,0.1793,48,1333.49,580-619,3727.95,0.7173,1.127,CA
LN000960,2025-03-23,new_auto,44074.16,0.1306,84,803.23,620-659,6275.42,0.4348,0.9863,AZ
LN000961,2024-07-03,used_auto,38735.85,0.0974,84,637.87,660-699,7304.58,0.3043,1.0217,NY
LN000962,2025-05-21,used_auto,27826.52,0.1073,60,601.28,660-699,8565.37,0.1773,0.8013,TX
LN000963,2023-05-23,used_auto,14278.86,0.0933,72,259.73,660-699,5759.04,0.439,1.1504,OH
LN000964,2023-05-22,used_auto,33920.52,0.1179,84,594.99,660-699,4788.48,0.5881,0.8251,CA
LN000965,2023-03-17,used_auto,25740.66,0.0398,84,351.61,780+,5847.81,0.3924,1.0982,NC
LN000966,2024-03-02,refi_auto,9418.73,0.061,48,221.63,740-779,4809.38,0.135,1.174,FL
LN000967,2024-10-22,used_auto,14585.28,0.0658,72,245.73,740-779,6655.51,0.3359,0.9998,WA
LN000968,2024-11-27,new_auto,10820.04,0.1993,60,286.24,<580,6927.02,0.1025,1.1747,NC
LN000969,2024-06-18,used_auto,51200.06,0.0801,60,1038.4,700-739,6274.1,0.2842,1.2379,GA
LN000970,2024-09-11,new_auto,17957.62,0.0576,60,345.17,780+,6016.79,0.4246,1.2392,CA
LN000971,2023-07-19,used_auto,22719.91,0.0693,84,342.13,740-779,4151.56,0.6045,1.091,OH
LN000972,2023-08-05,new_auto,36349.94,0.1754,48,1059.06,580-619,4764.15,0.3814,0.8479,IL
LN000973,2023-02-15,refi_auto,16823.96,0.1861,48,499.58,<580,4770.75,0.2278,1.0566,IL
LN000974,2024-02-12,used_auto,10258.3,0.0418,72,161.34,780+,2869.53,0.4691,0.9271,PA
LN000975,2024-05-29,used_auto,42107.34,0.1492,48,1170.17,620-659,5516.81,0.6421,1.0266,FL
LN000976,2024-10-02,used_auto,30416.79,0.2061,48,935.51,<580,5178.98,0.3222,1.0084,CA
LN000977,2024-06-12,new_auto,18135.42,0.0594,60,350.1,780+,9104.37,0.1213,1.2337,WA
LN000978,2024-03-17,used_auto,44125.9,0.0784,60,891.34,700-739,5579.97,0.3735,1.1852,TX
LN000979,2023-04-10,used_auto,26218.81,0.0453,48,598.23,780+,10655.73,0.2107,1.2475,TX
LN000980,2023-10-30,refi_auto,33715.39,0.1791,48,988.8,580-619,6891.08,0.3467,0.8764,FL
LN000981,2025-06-16,used_auto,24608.32,0.1821,84,520.25,<580,4915.14,0.3991,0.9152,NC
LN000982,2024-09-26,new_auto,13826.41,0.0821,48,338.91,700-739,5780.47,0.2369,0.9841,AZ
LN000983,2025-06-17,used_auto,47707.28,0.1786,72,1084.33,580-619,3484.62,0.6868,1.0025,AZ
LN000984,2024-08-06,refi_auto,10681.76,0.2037,48,327.16,<580,4067.41,0.2357,0.9691,GA
LN000985,2024-04-21,new_auto,49085.47,0.0701,72,837.09,740-779,6620.2,0.4004,1.2051,CA
LN000986,2024-09-10,used_auto,51120.64,0.2077,84,1159.01,<580,4435.66,0.5145,0.9428,NC
LN000987,2024-08-04,used_auto,13373.34,0.1336,60,306.75,620-659,10577.98,0.0971,0.8961,TX
LN000988,2023-01-24,used_auto,10932.81,0.0633,84,161.45,780+,10824.2,0.0952,0.8952,AZ
LN000989,2025-06-11,new_auto,16276.96,0.0943,72,296.89,660-699,6121.56,0.2211,1.1205,GA
LN000990,2023-11-01,used_auto,20194.02,0.0899,48,502.43,700-739,10138.64,0.182,1.2335,FL
LN000991,2024-08-07,refi_auto,30636.39,0.1361,60,706.68,620-659,10717.84,0.1929,1.2107,GA
LN000992,2025-01-30,used_auto,50007.63,0.056,60,957.51,740-779,5454.61,0.6467,1.2225,WA
LN000993,2024-02-21,new_auto,50135.55,0.078,84,776.44,740-779,9887.27,0.1443,1.2365,OH
LN000994,2023-02-07,new_auto,29176.27,0.09,60,605.65,700-739,8001.2,0.3014,1.0603,NY
LN000995,2024-11-26,new_auto,40732.97,0.0732,84,621.16,740-779,4572.33,0.3243,0.886,IL
LN000996,2024-10-26,used_auto,25098.34,0.0481,72,402.0,780+,6917.1,0.3919,1.1147,NC
LN000997,2023-07-01,used_auto,46924.74,0.1028,72,875.96,660-699,3729.72,0.4458,0.9928,PA
LN000998,2025-05-27,used_auto,25933.48,0.0904,84,417.77,700-739,7999.68,0.2953,1.2221,CA
LN000999,2024-07-11,used_auto,12879.17,0.0585,84,187.22,780+,3650.14,0.6129,1.0807,CA
LN001000,2023-04-28,used_auto,45875.92,0.085,84,726.51,700-739,4537.34,0.625,1.0482,NY
LN001001,2025-01-28,refi_auto,24478.84,0.0738,84,374.02,740-779,6186.06,0.4169,1.1167,GA
LN001002,2024-11-20,used_auto,18525.02,0.1885,72,431.46,<580,5320.65,0.5295,1.2092,NY
LN001003,2023-11-22,refi_auto,9535.71,0.1808,72,217.92,<580,9694.31,0.1815,1.1336,MI
LN001004,2025-03-31,used_auto,28210.93,0.1667,84,571.15,580-619,4379.82,0.5454,1.1728,IL
LN001005,2023-04-12,refi_auto,26349.35,0.1118,84,453.66,660-699,10214.21,0.195,0.9968,WA
LN001006,2023-04-06,used_auto,37677.73,0.0735,72,648.72,740-779,9666.17,0.1447,0.9451,CA
LN001007,2024-04-09,new_auto,44191.51,0.1846,48,1308.77,<580,7488.71,0.2356,1.1304,AZ
LN001008,2025-04-06,used_auto,19266.93,0.0919,72,349.12,700-739,4389.4,0.5919,1.1268,GA
LN001009,2024-04-15,used_auto,20923.35,0.078,48,508.84,740-779,8034.77,0.2717,0.8465,IL
LN001010,2024-02-05,new_auto,20313.75,0.1554,48,570.92,580-619,6852.81,0.2577,1.1772,CA
LN001011,2024-10-10,new_auto,11458.07,0.1188,48,301.06,660-699,4524.43,0.3591,1.2004,NC
LN001012,2024-09-20,new_auto,8476.59,0.0554,48,197.29,740-779,3761.1,0.3593,0.9561,IL
LN001013,2025-02-18,new_auto,42859.75,0.0928,60,895.53,700-739,7770.11,0.3185,1.0331,FL
LN001014,2023-10-02,used_auto,50232.9,0.1209,60,1119.69,620-659,4602.04,0.6781,1.2229,OH
LN001015,2024-02-14,refi_auto,24382.01,0.1065,72,459.73,660-699,6629.76,0.3981,0.9962,NY
LN001016,2023-06-19,new_auto,47763.68,0.1415,84,899.05,620-659,3643.74,0.75,1.0644,NY
LN001017,2024-03-15,used_auto,49494.29,0.0517,72,801.01,780+,9490.32,0.271,1.0733,NY
LN001018,2024-02-24,used_auto,37736.83,0.0669,60,741.73,700-739,10093.49,0.3219,0.9139,OH
LN001019,2025-03-20,refi_auto,52667.77,0.0809,84,823.25,700-739,3045.51,0.5316,0.9452,FL
LN001020,2023-12-03,new_auto,38876.87,0.1012,72,722.58,660-699,3802.89,0.4795,0.8049,NY
LN001021,2024-07-28,used_auto,50240.97,0.1068,84,851.82,660-699,5125.64,0.3353,0.8979,OH
LN001022,2023-07-22,refi_auto,45949.05,0.0701,84,693.72,740-779,8393.48,0.2444,1.166,NY
LN001023,2024-01-28,used_auto,10199.22,0.1882,48,303.99,<580,3817.56,0.283,0.9471,NY
LN001024,2024-02-17,new_auto,38252.33,0.0907,48,953.18,700-739,10275.47,0.1926,1.1787,TX
LN001025,2023-11-05,refi_auto,9838.65,0.0583,48,230.29,780+,6653.13,0.3691,0.9868,OH
LN001026,2024-04-10,new_auto,11749.06,0.1432,84,222.26,620-659,7821.03,0.1902,1.1134,NC
LN001027,2023-04-18,refi_auto,13706.41,0.0612,48,322.65,740-779,3040.16,0.2723,0.8047,MI
LN001028,2024-12-05,used_auto,18638.04,0.0526,72,302.42,740-779,9492.41,0.1986,0.8022,TX
LN001029,2024-01-24,used_auto,13207.77,0.1484,48,366.51,620-659,4962.56,0.4594,1.1562,OH
LN001030,2024-02-28,refi_auto,35422.3,0.0686,72,601.54,700-739,9867.54,0.2694,1.1995,AZ
LN001031,2023-08-20,new_auto,32796.68,0.1073,84,556.91,660-699,10806.07,0.1541,1.1289,CA
LN001032,2023-03-21,new_auto,11891.33,0.1368,60,274.72,620-659,8207.74,0.2793,0.8927,CA
LN001033,2024-08-27,new_auto,8617.02,0.0455,84,119.98,780+,4340.92,0.1728,0.8939,PA
LN001034,2024-01-08,new_auto,52385.92,0.1113,60,1142.4,660-699,9752.02,0.182,0.8585,GA
LN001035,2025-06-09,refi_auto,32132.81,0.0624,60,624.81,780+,3362.84,0.5815,1.1088,IL
LN001036,2024-05-02,new_auto,49181.22,0.0874,60,1014.73,700-739,2936.02,0.75,0.92,AZ
LN001037,2024-06-04,used_auto,13561.33,0.0815,72,238.77,700-739,6338.08,0.1531,1.026,MI
LN001038,2023-10-10,new_auto,12597.2,0.1995,84,279.36,<580,4390.24,0.2497,0.8795,PA
LN001039,2023-02-06,used_auto,13131.67,0.0665,60,257.86,700-739,10663.57,0.107,0.8239,IL
LN001040,2025-06-19,new_auto,12748.5,0.1268,84,229.71,620-659,6013.65,0.1418,1.1303,WA
LN001041,2023-07-09,new_auto,44929.2,0.1304,72,902.86,620-659,8588.0,0.2255,0.8014,PA
LN001042,2023-12-07,used_auto,42737.27,0.0646,60,835.4,780+,4195.91,0.6517,0.875,NC
LN001043,2025-02-17,new_auto,30306.23,0.16,60,736.99,580-619,10789.84,0.2851,0.8768,TX
LN001044,2024-11-27,refi_auto,35408.47,0.0796,60,717.28,700-739,6675.06,0.1823,0.8078,OH
LN001045,2024-05-17,used_auto,15863.32,0.0544,48,368.49,740-779,3619.94,0.7009,0.9511,WA
LN001046,2024-06-14,used_auto,39180.2,0.0976,84,645.59,660-699,2911.2,0.6256,1.1196,AZ
LN001047,2023-05-26,refi_auto,35999.95,0.0534,48,834.61,740-779,4012.78,0.5326,0.8991,MI
LN001048,2024-01-22,new_auto,42827.58,0.1192,72,835.51,660-699,4491.72,0.3188,1.2143,AZ
LN001049,2024-11-26,new_auto,37463.91,0.1663,84,757.62,580-619,10896.12,0.2831,0.8787,MI
LN001050,2025-05-04,used_auto,27612.83,0.0688,72,469.18,780+,4362.7,0.4915,1.1158,IL
LN001051,2024-12-02,used_auto,34633.13,0.1738,72,777.82,580-619,5164.95,0.641,1.0245,FL
LN001052,2023-01-16,new_auto,53433.56,0.1087,60,1158.31,660-699,5289.89,0.4145,1.1599,NC
LN001053,2023-02-21,new_auto,35874.37,0.1816,72,821.46,<580,2841.74,0.7025,1.1753,OH
LN001054,2025-01-20,refi_auto,44907.38,0.1651,60,1104.27,580-619,10620.22,0.2894,0.8642,NY
LN001055,2024-02-13,refi_auto,21667.7,0.091,72,391.65,660-699,4839.57,0.472,0.9738,CA
LN001056,2024-11-30,refi_auto,36060.82,0.0442,84,499.91,780+,8367.17,0.1923,1.0602,NY
LN001057,2024-01-20,used_auto,17377.59,0.1291,72,348.01,620-659,7446.65,0.2861,1.0456,GA
LN001058,2024-02-25,used_auto,40624.27,0.1951,72,961.56,<580,6640.71,0.3467,0.9892,NC
LN001059,2024-06-08,used_auto,53002.11,0.1926,60,1382.5,<580,7844.71,0.312,0.9092,MI
LN001060,2025-02-20,used_auto,34582.01,0.1588,84,684.51,580-619,3832.67,0.6676,1.0083,PA
LN001061,2024-05-08,new_auto,10570.56,0.1149,48,275.72,660-699,5534.56,0.1608,0.9308,WA
LN001062,2024-05-22,new_auto,42802.23,0.1102,48,1106.66,660-699,8552.9,0.309,1.0529,FL
LN001063,2024-09-30,used_auto,48056.02,0.129,72,962.15,620-659,8696.96,0.3935,1.1625,WA
LN001064,2024-06-01,new_auto,15192.04,0.1464,48,420.04,620-659,4827.09,0.2171,0.8111,NC
LN001065,2025-04-21,refi_auto,22096.42,0.1045,60,474.39,660-699,9526.22,0.2862,1.046,IL
LN001066,2023-06-24,refi_auto,37006.45,0.078,48,899.97,700-739,4315.42,0.7185,1.0959,PA
LN001067,2024-02-05,used_auto,30379.44,0.0587,48,711.65,740-779,10664.55,0.2059,1.1005,GA
LN001068,2024-08-17,new_auto,27594.13,0.0777,48,670.68,700-739,5124.06,0.2605,0.9752,OH
LN001069,2023-10-11,used_auto,38888.0,0.1933,72,916.44,<580,10694.93,0.2193,1.1254,TX
LN001070,2023-06-28,used_auto,48224.46,0.0541,72,785.86,780+,10200.91,0.2295,1.0309,AZ
LN001071,2024-02-08,used_auto,34467.94,0.1638,60,845.17,580-619,5082.39,0.5751,0.9363,CA
LN001072,2024-06-22,used_auto,25696.57,0.0532,60,488.7,780+,7523.52,0.3893,1.1489,OH
LN001073,2023-08-26,new_auto,52894.15,0.1604,84,1051.79,580-619,3354.07,0.4522,1.1298,CA
LN001074,2023-08-31,used_auto,39928.15,0.0747,60,799.51,700-739,10846.89,0.2746,1.1297,CA
LN001075,2023-02-08,new_auto,49946.22,0.0617,84,733.72,780+,10363.48,0.1225,0.9127,WA
LN001076,2024-10-14,used_auto,36507.07,0.2052,60,977.81,<580,5433.51,0.5365,0.9699,IL
LN001077,2025-04-08,new_auto,31081.84,0.0854,60,638.29,700-739,4449.78,0.3135,1.1662,NY
LN001078,2024-02-22,new_auto,53112.12,0.1829,48,1568.23,<580,9442.07,0.4166,0.9618,IL
LN001079,2024-05-27,new_auto,16709.3,0.0869,84,266.22,700-739,4359.12,0.2575,1.1724,MI
LN001080,2023-03-22,refi_auto,48110.82,0.114,84,833.93,660-699,6305.6,0.3269,0.8319,FL
LN001081,2025-04-28,new_auto,13542.59,0.0569,72,222.46,740-779,2984.85,0.75,0.9305,OH
LN001082,2024-09-17,used_auto,49004.8,0.0947,72,894.81,660-699,3413.17,0.75,1.1839,PA
LN001083,2023-02-03,used_auto,33659.26,0.1468,84,643.49,620-659,10482.8,0.3062,1.094,MI
LN001084,2024-11-10,new_auto,49737.32,0.0918,60,1036.82,660-699,7286.12,0.4188,1.2159,TX
LN001085,2025-01-27,new_auto,52555.89,0.1471,48,1454.96,620-659,5635.93,0.3568,0.9873,IL
LN001086,2023-12-25,refi_auto,30502.26,0.0429,48,692.68,780+,3653.3,0.5981,0.9014,GA
LN001087,2024-09-14,used_auto,49193.14,0.0968,48,1240.12,660-699,3016.1,0.75,0.8883,GA
LN001088,2023-05-22,used_auto,33967.31,0.0666,84,507.03,700-739,8502.61,0.2179,0.9921,CA
LN001089,2023-04-05,refi_auto,54179.12,0.101,60,1153.81,660-699,5613.63,0.6366,0.9072,IL
LN001090,2025-04-12,used_auto,43370.75,0.2042,48,1329.51,<580,10925.7,0.1613,1.1239,TX
LN001091,2023-05-13,new_auto,16487.89,0.1813,72,377.27,<580,7739.81,0.3535,1.2491,IL
LN001092,2025-05-29,used_auto,38859.74,0.0923,60,811.01,660-699,6858.42,0.4124,0.9606,NY
LN001093,2024-05-30,new_auto,25245.88,0.1065,60,544.51,660-699,7120.12,0.2153,1.114,CA
LN001094,2024-06-17,refi_auto,41158.58,0.1987,72,982.77,<580,3443.26,0.75,1.1786,NY
LN001095,2025-02-21,used_auto,13769.16,0.1417,60,321.6,620-659,3094.11,0.4004,0.9981,NC
LN001096,2025-05-25,new_auto,47307.28,0.0471,84,662.21,780+,5263.39,0.6052,0.8269,IL
LN001097,2023-02-23,new_auto,25981.64,0.1033,60,556.26,660-699,4486.99,0.3035,0.994,AZ
LN001098,2024-08-28,used_auto,24346.81,0.1208,72,477.0,620-659,10366.13,0.2772,1.1646,NY
LN001099,2025-04-06,new_auto,46974.25,0.063,84,693.0,740-779,9217.42,0.3402,1.1386,CA
LN001100,2023-09-24,refi_auto,51826.22,0.0736,84,791.35,700-739,6275.45,0.442,1.1461,FL
LN001101,2023-09-13,used_auto,54652.81,0.0461,48,1248.98,780+,5101.74,0.6176,0.9235,PA
LN001102,2024-09-14,used_auto,9814.49,0.1282,72,196.09,620-659,8205.69,0.2824,1.1646,TX
LN001103,2023-02-07,used_auto,23086.5,0.1579,60,558.85,580-619,6439.23,0.1548,0.804,MI
LN001104,2023-03-07,used_auto,18238.6,0.0918,48,455.43,660-699,5066.85,0.4338,0.9413,NC
LN001105,2024-11-02,used_auto,20978.78,0.1761,60,528.28,580-619,4664.84,0.2813,1.1921,TX
LN001106,2023-03-04,used_auto,16660.01,0.1352,84,307.81,620-659,7555.1,0.1059,1.1228,WA
LN001107,2023-04-22,refi_auto,8757.55,0.0643,72,146.92,780+,7231.62,0.0892,0.9056,CA
LN001108,2024-03-12,new_auto,11640.16,0.0961,72,213.36,660-699,9598.93,0.22,0.8321,OH
LN001109,2023-10-29,new_auto,45043.73,0.16,84,894.66,580-619,10158.62,0.2086,1.2241,IL
LN001110,2025-01-02,used_auto,21671.01,0.1845,48,641.69,<580,3671.1,0.4105,0.9409,WA
LN001111,2024-10-26,used_auto,24170.48,0.0964,48,608.86,660-699,8187.89,0.1635,1.1432,CA
LN001112,2025-03-28,refi_auto,54639.01,0.056,84,787.76,780+,7219.53,0.2015,1.1953,TX
LN001113,2023-09-06,used_auto,32455.79,0.0745,60,649.58,700-739,9655.27,0.1755,0.9098,MI
LN001114,2023-12-27,new_auto,53702.65,0.1408,84,1008.76,620-659,8808.95,0.3798,0.9628,PA
LN001115,2023-05-09,refi_auto,38706.51,0.1082,84,659.09,660-699,9247.69,0.1692,1.1725,PA
LN001116,2024-02-23,refi_auto,39682.94,0.14,72,817.7,620-659,9326.02,0.2111,0.8531,GA
LN001117,2023-05-04,new_auto,31227.41,0.1164,60,688.97,660-699,10178.95,0.2964,0.807,GA
LN001118,2023-06-20,used_auto,51715.88,0.1423,60,1209.51,620-659,9929.56,0.3468,0.8108,CA
LN001119,2023-10-28,refi_auto,51175.28,0.1771,72,1158.82,580-619,3845.11,0.75,0.9086,CA
LN001120,2023-12-30,used_auto,23822.1,0.1083,48,613.73,660-699,10951.9,0.1016,1.1324,NC
LN001121,2024-08-26,used_auto,42812.78,0.0521,84,609.35,780+,8540.93,0.3071,1.1257,PA
LN001122,2024-08-25,refi_auto,35897.0,0.1911,84,778.01,<580,5910.87,0.3625,1.0289,OH
LN001123,2023-05-27,new_auto,21975.38,0.0492,84,309.77,780+,5139.11,0.3025,1.1408,TX
LN001124,2023-10-19,used_auto,54492.65,0.0563,72,893.61,740-779,7516.13,0.3523,0.8448,FL
LN001125,2023-04-19,new_auto,28629.09,0.1766,72,647.48,580-619,10501.48,0.1541,1.0728,NY
LN001126,2024-07-06,new_auto,17721.63,0.0902,60,368.04,700-739,3024.27,0.75,1.2319,PA
LN001127,2024-03-31,new_auto,47127.71,0.0508,60,891.09,740-779,5111.07,0.6606,0.9919,PA
LN001128,2025-06-04,used_auto,51145.77,0.1715,48,1479.79,580-619,6444.12,0.4393,0.9184,FL
LN001129,2023-06-10,used_auto,13473.74,0.0496,48,310.05,780+,8903.08,0.1347,0.8335,PA
LN001130,2024-03-19,used_auto,42569.52,0.1102,48,1100.64,660-699,8595.84,0.2551,1.2161,CA
LN001131,2024-08-23,used_auto,22923.78,0.0642,48,542.79,780+,10583.3,0.2195,0.9107,GA
LN001132,2023-07-23,new_auto,17196.88,0.0531,84,245.57,780+,9473.72,0.2385,0.9272,AZ
LN001133,2024-12-28,refi_auto,48286.37,0.0615,48,1137.33,780+,6361.41,0.4114,1.075,FL
LN001134,2023-07-04,used_auto,36828.78,0.1989,60,973.48,<580,8029.26,0.3037,1.0956,OH
LN001135,2023-08-13,refi_auto,39394.86,0.0647,84,584.42,740-779,7702.31,0.283,0.9329,CA
LN001136,2024-04-20,refi_auto,43905.02,0.0516,84,623.86,780+,5468.26,0.4537,0.8521,MI
LN001137,2024-12-04,new_auto,26710.2,0.0688,84,401.56,700-739,9688.99,0.2789,1.0705,NY
LN001138,2023-11-22,new_auto,18109.99,0.2055,84,408.17,<580,3298.59,0.75,0.9177,GA
LN001139,2023-02-16,used_auto,26737.94,0.1174,72,519.12,660-699,6781.14,0.2066,1.0863,OH
LN001140,2024-09-11,new_auto,49154.23,0.1061,48,1261.13,660-699,10572.6,0.2847,0.9484,PA
LN001141,2024-11-01,used_auto,45713.41,0.1827,72,1049.61,<580,10280.27,0.3051,1.0488,TX
LN001142,2024-01-18,used_auto,17326.67,0.0947,84,282.92,660-699,9849.73,0.1206,1.1606,MI
LN001143,2025-03-21,used_auto,19689.08,0.0904,48,490.34,660-699,8992.0,0.2278,1.0257,NC
LN001144,2024-01-22,new_auto,9139.49,0.1989,60,241.58,<580,3076.98,0.7447,1.1658,AZ
LN001145,2024-03-01,used_auto,49201.22,0.1159,48,1285.77,660-699,3405.9,0.75,1.1431,TX
LN001146,2023-11-28,used_auto,36428.98,0.1846,84,775.51,<580,4393.13,0.5709,0.9405,GA
LN001147,2024-03-15,new_auto,20880.34,0.0961,72,382.73,660-699,10747.95,0.1908,0.9695,CA
LN001148,2024-01-17,used_auto,21092.22,0.1285,60,478.29,620-659,5935.75,0.5161,1.1274,PA
LN001149,2023-11-15,used_auto,35160.34,0.0507,60,664.65,740-779,6466.1,0.3269,0.849,MI
LN001150,2023-05-25,used_auto,11930.82,0.1668,60,294.46,580-619,9891.59,0.1791,0.9125,GA
LN001151,2025-01-28,used_auto,41982.52,0.082,60,855.28,700-739,3283.25,0.713,0.9853,MI
LN001152,2024-05-15,new_auto,40382.89,0.068,48,963.28,740-779,4998.79,0.3648,1.0531,PA
LN001153,2023-03-25,refi_auto,19079.75,0.1038,84,320.51,660-699,7018.34,0.3718,1.2467,CA
LN001154,2023-02-09,new_auto,13982.28,0.0904,48,348.22,660-699,4162.82,0.411,1.2374,GA
LN001155,2023-10-29,used_auto,32655.69,0.0942,84,532.39,660-699,6075.13,0.2609,0.996,WA
LN001156,2024-12-02,used_auto,32556.56,0.0575,72,535.72,780+,7423.25,0.1752,0.9306,NY
LN001157,2025-01-07,refi_auto,25448.91,0.0681,84,381.73,740-779,6595.62,0.4308,1.2172,FL
LN001158,2023-11-16,used_auto,30271.91,0.1595,60,735.35,580-619,4032.86,0.3181,1.2396,WA
LN001159,2024-10-13,used_auto,33273.38,0.1299,48,892.48,620-659,7924.78,0.3281,0.83,PA
LN001160,2023-11-10,new_auto,8664.09,0.0448,72,137.45,780+,9530.19,0.2568,1.063,MI
LN001161,2023-10-14,used_auto,19973.22,0.0812,60,406.13,700-739,3435.3,0.3323,1.1288,FL
LN001162,2023-10-11,new_auto,45453.57,0.1376,84,845.79,620-659,5507.31,0.5346,1.0665,WA
LN001163,2023-05-31,used_auto,30250.12,0.044,60,562.58,780+,10910.52,0.1066,1.1615,FL
LN001164,2024-04-28,refi_auto,23196.88,0.1769,48,677.66,580-619,3923.19,0.7274,0.9914,MI
LN001165,2023-11-21,used_auto,19316.33,0.1318,84,353.29,620-659,8591.21,0.1786,1.1774,PA
LN001166,2024-05-16,used_auto,18053.27,0.185,72,416.87,<580,8633.05,0.3087,1.0522,WA
LN001167,2025-02-28,used_auto,34221.54,0.0631,72,572.17,740-779,4259.7,0.6756,1.1849,AZ
LN001168,2023-01-11,used_auto,36997.79,0.1163,60,816.09,660-699,5936.15,0.2712,1.1364,NY
LN001169,2023-01-14,used_auto,8263.88,0.0993,48,209.32,660-699,10270.53,0.2555,1.0263,IL
LN001170,2023-02-01,used_auto,38158.68,0.1319,72,769.83,620-659,5048.23,0.2567,1.0575,WA
LN001171,2023-04-17,refi_auto,37715.28,0.0537,84,539.65,780+,8949.48,0.2642,1.0455,TX
LN001172,2025-05-16,used_auto,41525.59,0.1112,60,905.35,660-699,9941.49,0.1604,0.9888,CA
LN001173,2023-01-18,used_auto,10929.3,0.1829,72,251.07,<580,10863.91,0.0993,1.0763,MI
LN001174,2025-05-07,used_auto,22874.57,0.0713,72,391.42,740-779,7033.99,0.4067,0.9814,AZ
LN001175,2023-07-23,new_auto,46777.23,0.08,72,820.16,700-739,3488.54,0.6294,0.924,WA
LN001176,2024-04-22,new_auto,43100.94,0.1151,48,1124.67,660-699,5351.55,0.5153,0.853,IL
LN001177,2024-10-03,new_auto,51722.82,0.0526,48,1197.24,740-779,4296.51,0.416,0.9429,TX
LN001178,2024-11-28,used_auto,18223.72,0.0612,48,428.99,740-779,9993.03,0.2906,0.9385,AZ
LN001179,2023-05-24,refi_auto,43128.2,0.0611,72,717.0,780+,3237.35,0.75,0.8801,IL
LN001180,2023-04-05,new_auto,16847.53,0.1465,60,397.71,620-659,10830.08,0.1263,0.9978,NC
LN001181,2024-07-04,used_auto,44301.42,0.1057,60,953.75,660-699,3101.19,0.75,0.9736,IL
LN001182,2025-04-29,used_auto,24305.31,0.1443,72,506.44,620-659,4501.07,0.5434,1.0267,WA
LN001183,2024-10-08,new_auto,44350.22,0.0577,84,643.01,740-779,4938.94,0.6218,1.0327,FL
LN001184,2023-01-09,used_auto,23180.57,0.1069,48,595.63,660-699,5443.45,0.2252,0.9615,FL
LN001185,2023-01-23,new_auto,38450.42,0.093,72,698.83,660-699,5311.46,0.4002,0.8838,NC
LN001186,2024-09-07,used_auto,35070.36,0.063,84,517.39,740-779,6683.29,0.2175,1.1255,MI
LN001187,2024-03-07,used_auto,9886.06,0.1179,60,218.86,660-699,9058.02,0.2871,1.0281,GA
LN001188,2024-06-20,refi_auto,26835.26,0.0509,60,507.52,740-779,10363.3,0.2758,1.2344,NY
LN001189,2025-03-31,used_auto,14558.81,0.0589,48,341.18,780+,10756.67,0.1322,1.1446,MI
LN001190,2023-07-28,new_auto,8039.63,0.0944,60,168.61,660-699,5270.52,0.1414,0.9063,GA
LN001191,2024-07-17,new_auto,40181.54,0.2054,72,975.08,<580,2840.55,0.6075,0.845,AZ
LN001192,2023-05-12,new_auto,30198.38,0.1013,84,503.36,660-699,8591.04,0.3006,0.8431,MI
LN001193,2024-11-16,new_auto,44343.24,0.0769,84,684.31,740-779,7694.9,0.2936,0.9561,WA
LN001194,2024-09-17,new_auto,49622.64,0.0443,60,923.54,780+,5826.89,0.3555,1.1705,IL
LN001195,2024-01-29,refi_auto,38342.13,0.0541,60,730.79,740-779,3162.83,0.5675,0.8418,AZ
LN001196,2023-06-17,new_auto,22621.33,0.1703,84,462.68,580-619,3085.58,0.75,0.9898,GA
LN001197,2023-06-14,used_auto,29851.37,0.0675,48,711.37,700-739,8178.12,0.2447,1.1631,MI
LN001198,2025-01-29,used_auto,40256.04,0.1503,84,777.49,580-619,6264.15,0.2071,0.9912,AZ
LN001199,2023-04-25,used_auto,50685.91,0.1651,84,1021.5,580-619,8638.59,0.3795,1.2373,FL
LN001200,2023-09-22,used_auto,26023.18,0.0592,60,502.13,780+,2857.05,0.75,1.1184,NY
LN001201,2024-01-11,used_auto,48993.64,0.103,84,820.97,660-699,5110.05,0.2913,1.0203,TX
LN001202,2023-10-28,used_auto,19859.36,0.0491,72,319.01,780+,9088.04,0.0848,0.9203,MI
LN001203,2023-09-12,used_auto,21991.12,0.0911,48,548.4,660-699,5729.4,0.1796,1.1324,FL
LN001204,2024-09-24,new_auto,42159.01,0.199,84,933.65,<580,10120.28,0.2069,1.0061,NY
LN001205,2024-09-15,refi_auto,51816.52,0.0636,84,765.94,780+,3133.26,0.6014,0.8172,WA
LN001206,2024-02-15,refi_auto,25949.91,0.0944,48,651.2,700-739,5569.74,0.4402,0.9359,TX
LN001207,2023-07-16,used_auto,41914.92,0.1423,48,1150.23,620-659,9662.2,0.2591,0.8524,IL
LN001208,2023-08-09,new_auto,32159.86,0.1456,60,757.67,620-659,8492.91,0.149,1.058,GA
LN001209,2023-10-07,used_auto,16728.53,0.135,48,452.95,620-659,7757.91,0.3679,1.1052,TX
LN001210,2023-04-10,new_auto,27473.27,0.0939,72,500.55,660-699,6592.02,0.4004,1.0857,NY
LN001211,2024-02-03,used_auto,18389.71,0.1383,84,342.9,620-659,7620.9,0.2807,0.9479,NC
LN001212,2024-06-29,new_auto,24008.01,0.0494,84,338.65,780+,4044.58,0.6473,1.0245,WA
LN001213,2023-08-01,used_auto,26938.1,0.1698,48,777.02,580-619,7977.35,0.3023,0.9554,WA
LN001214,2023-12-27,used_auto,21715.68,0.0485,84,305.4,780+,3042.43,0.6837,0.875,IL
LN001215,2024-01-23,refi_auto,9100.19,0.1192,84,160.25,660-699,10915.38,0.127,1.0419,IL
LN001216,2025-03-07,new_auto,26600.24,0.0453,48,606.94,780+,7480.11,0.1872,0.8716,WA
LN001217,2024-12-04,used_auto,24545.16,0.0455,72,390.2,780+,5419.11,0.2933,0.8475,AZ
LN001218,2024-04-05,new_auto,33174.47,0.0618,84,487.5,740-779,6857.63,0.2782,1.1718,FL
LN001219,2023-04-11,new_auto,21555.17,0.055,72,352.17,780+,9056.07,0.2425,1.1075,GA
LN001220,2023-03-24,used_auto,27658.67,0.0707,48,663.22,700-739,7874.78,0.1737,1.079,IL
LN001221,2024-01-15,used_auto,9073.18,0.0833,60,185.41,700-739,7468.31,0.2174,0.8409,TX
LN001222,2025-06-14,refi_auto,38743.45,0.0666,60,760.97,740-779,9772.53,0.1551,0.9661,NY
LN001223,2024-04-15,refi_auto,51305.13,0.1597,72,1112.06,580-619,3331.47,0.4743,1.0599,NY
LN001224,2023-12-06,used_auto,19368.53,0.0703,84,292.61,700-739,6901.76,0.1358,1.0718,FL
LN001225,2023-03-14,used_auto,11282.59,0.1425,84,213.0,620-659,9909.91,0.2829,1.188,GA
LN001226,2025-04-11,refi_auto,33255.05,0.0605,48,781.76,780+,6395.87,0.4695,0.8269,GA
LN001227,2023-09-26,used_auto,9875.6,0.062,84,145.22,740-779,6314.43,0.1296,0.8657,IL
LN001228,2023-09-28,new_auto,15940.81,0.0624,72,265.99,740-779,3963.99,0.3029,1.0172,CA
LN001229,2023-12-05,used_auto,29537.37,0.1113,60,644.13,660-699,9007.24,0.1996,1.1101,NC
LN001230,2024-07-31,used_auto,35938.12,0.0878,60,742.18,700-739,7078.59,0.1694,1.1961,MI
LN001231,2025-01-31,new_auto,41644.32,0.067,72,704.01,740-779,6697.34,0.3093,0.9327,WA
LN001232,2024-08-21,used_auto,48379.94,0.1577,60,1170.6,580-619,3029.64,0.6721,0.9363,TX
LN001233,2024-10-21,used_auto,43036.49,0.1499,84,830.22,620-659,6711.19,0.4783,1.2376,FL
LN001234,2024-05-10,used_auto,32596.86,0.0763,84,502.07,700-739,8116.69,0.3472,1.0169,GA
LN001235,2023-05-03,refi_auto,24091.25,0.1893,60,624.01,<580,4030.73,0.5863,1.1279,AZ
LN001236,2024-06-20,used_auto,34762.18,0.1392,48,948.53,620-659,9687.81,0.3313,1.1524,NY
LN001237,2025-05-16,used_auto,9543.5,0.0688,72,162.16,740-779,6960.82,0.1666,1.2327,WA
LN001238,2024-10-28,new_auto,45502.14,0.0784,60,919.14,700-739,4806.48,0.6394,0.8822,NY
LN001239,2025-04-30,used_auto,16339.24,0.1494,72,344.96,620-659,7326.2,0.1291,0.8855,CA
LN001240,2024-07-03,new_auto,22229.76,0.0452,60,414.63,780+,7602.55,0.2754,1.0089,TX
LN001241,2024-09-04,used_auto,17232.01,0.1235,48,456.75,620-659,6703.49,0.1606,1.0652,NC
LN001242,2024-09-21,new_auto,28198.52,0.1471,84,539.56,620-659,9174.65,0.1491,1.1626,NC
LN001243,2024-10-22,new_auto,27136.94,0.0471,60,508.51,780+,5494.84,0.3588,0.9277,OH
LN001244,2023-07-06,used_auto,24033.69,0.1403,72,495.62,620-659,7932.56,0.1438,1.1405,NC
LN001245,2025-06-01,refi_auto,31948.75,0.1949,60,837.41,<580,3337.59,0.6555,0.9371,NC
LN001246,2023-11-24,used_auto,46660.21,0.0958,48,1174.03,660-699,9055.39,0.2256,1.0258,PA
LN001247,2023-06-25,used_auto,51594.92,0.0963,60,1086.87,660-699,5454.88,0.35,0.9783,FL
LN001248,2024-04-28,new_auto,52965.23,0.0944,84,864.04,700-739,9193.99,0.2019,1.2198,OH
LN001249,2024-03-03,new_auto,42155.35,0.1149,72,813.01,660-699,6487.6,0.3312,0.9771,TX
LN001250,2024-12-22,used_auto,53527.96,0.0606,60,1036.34,740-779,10794.88,0.2894,0.8088,NY
LN001251,2025-01-26,used_auto,21855.45,0.1312,72,440.11,620-659,6305.49,0.2667,1.0511,NY
LN001252,2025-01-08,used_auto,28684.85,0.0582,48,671.3,740-779,4793.73,0.3729,1.0159,IL
LN001253,2023-03-02,refi_auto,10162.0,0.1098,84,173.89,660-699,4848.74,0.5662,1.0638,CA
LN001254,2023-11-29,new_auto,33281.1,0.1931,72,783.92,<580,3710.45,0.3987,1.1374,WA
LN001255,2024-07-13,new_auto,15069.72,0.099,60,319.45,660-699,7407.06,0.2273,0.9475,AZ
LN001256,2025-05-23,used_auto,21696.71,0.1207,48,572.1,620-659,9939.95,0.2526,1.1326,MI
LN001257,2024-12-21,used_auto,49575.51,0.0445,84,687.96,780+,4666.99,0.4039,0.8895,OH
LN001258,2025-05-01,used_auto,9087.5,0.1236,84,162.17,620-659,6304.11,0.3705,1.1591,PA
LN001259,2024-07-05,refi_auto,25553.29,0.197,48,773.52,<580,10670.26,0.29,0.9472,NC
LN001260,2025-03-28,new_auto,11154.15,0.1223,48,294.99,620-659,10788.67,0.2236,1.0393,PA
LN001261,2023-10-11,new_auto,51357.35,0.0683,60,1012.82,740-779,8965.64,0.3458,0.9939,NC
LN001262,2025-03-10,refi_auto,42730.02,0.1095,48,1103.34,660-699,4289.73,0.6455,1.0043,WA
LN001263,2023-08-19,refi_auto,49801.66,0.062,72,830.07,740-779,2852.1,0.75,0.8085,MI
LN001264,2025-04-21,new_auto,18475.83,0.1102,72,351.86,660-699,7165.39,0.3056,0.8901,IL
LN001265,2023-01-27,refi_auto,41600.51,0.0563,60,797.12,780+,9138.53,0.1806,0.8817,PA
LN001266,2023-08-02,used_auto,44634.77,0.0812,48,1092.18,700-739,5485.18,0.3985,0.9035,NY
LN001267,2024-03-26,used_auto,20740.66,0.1481,60,491.35,620-659,9133.23,0.1042,1.1949,CA
LN001268,2023-07-30,used_auto,28865.77,0.0723,60,574.71,740-779,5919.42,0.3307,0.9796,GA
LN001269,2025-01-28,new_auto,53554.46,0.0802,48,1307.92,700-739,4135.64,0.5245,1.2233,IL
LN001270,2023-04-25,refi_auto,27511.01,0.0963,48,692.87,660-699,9358.29,0.2014,0.9149,NC
LN001271,2024-03-20,used_auto,27740.66,0.2088,48,857.22,<580,5708.39,0.5847,1.1764,AZ
LN001272,2025-01-17,refi_auto,11969.22,0.1393,84,223.84,620-659,9982.72,0.066,1.2339,AZ
LN001273,2025-02-19,new_auto,47828.5,0.0443,48,1089.15,780+,3849.18,0.4759,1.1128,TX
LN001274,2023-06-28,used_auto,48718.22,0.1998,72,1166.37,<580,7863.95,0.4295,0.9887,PA
LN001275,2024-02-18,used_auto,46085.02,0.0444,48,1049.65,780+,9249.77,0.1639,0.8918,AZ
LN001276,2025-06-11,used_auto,37229.94,0.0909,48,928.06,660-699,5518.97,0.5949,0.8154,FL
LN001277,2023-04-05,new_auto,25720.73,0.057,60,493.67,780+,4097.02,0.2261,1.2037,GA
LN001278,2023-11-15,new_auto,30357.4,0.0685,84,455.95,780+,3902.12,0.5595,1.0866,NC
LN001279,2024-05-19,refi_auto,14025.33,0.1097,72,266.74,660-699,10646.62,0.2007,0.8434,WA
LN001280,2024-02-18,used_auto,13914.15,0.0654,60,272.51,740-779,4649.53,0.1835,0.8427,OH
LN001281,2024-06-16,new_auto,18632.5,0.0445,72,295.34,780+,5494.73,0.5165,1.1008,PA
LN001282,2025-05-21,refi_auto,43715.0,0.069,84,657.64,700-739,5873.12,0.2345,1.1314,TX
LN001283,2023-09-01,used_auto,37698.37,0.0738,60,753.25,740-779,2917.44,0.75,1.1759,FL
LN001284,2024-04-07,new_auto,30596.49,0.1157,60,673.97,660-699,7955.45,0.3609,1.0597,NY
LN001285,2025-04-06,new_auto,28673.56,0.1123,72,549.16,660-699,5565.49,0.5234,0.9149,NC
LN001286,2024-07-10,used_auto,12535.66,0.0757,72,217.17,740-779,3317.57,0.4284,1.089,FL
LN001287,2024-07-20,refi_auto,47013.66,0.1836,72,1081.87,<580,3835.65,0.5857,1.0037,CA
LN001288,2023-07-23,refi_auto,16582.78,0.0636,60,323.37,780+,3962.01,0.5605,1.1492,WA
LN001289,2024-06-27,used_auto,44657.07,0.0669,48,1062.96,740-779,9362.13,0.2415,0.9037,FL
LN001290,2024-09-16,new_auto,15784.87,0.109,60,342.41,660-699,9714.56,0.2465,0.8684,GA
LN001291,2024-05-02,new_auto,53075.67,0.0785,72,926.71,740-779,5996.13,0.4127,0.9896,NC
LN001292,2023-03-10,used_auto,22099.68,0.1222,72,434.59,620-659,4511.79,0.5426,1.0673,TX
LN001293,2024-08-28,new_auto,30603.81,0.0548,60,584.29,740-779,6008.15,0.2222,0.9886,NY
LN001294,2024-11-19,used_auto,18636.34,0.1485,60,441.89,620-659,10119.64,0.11,1.1328,FL
LN001295,2024-09-04,new_auto,20947.1,0.1298,48,561.75,620-659,7069.09,0.2992,1.1472,NC
LN001296,2025-01-07,used_auto,46645.3,0.1362,84,864.37,620-659,4060.15,0.75,1.1394,MI
LN001297,2025-06-16,refi_auto,9925.67,0.0641,72,166.42,780+,3725.27,0.4276,1.0632,WA
LN001298,2025-06-04,used_auto,43647.6,0.0717,48,1048.64,700-739,3526.3,0.75,1.2319,MI
LN001299,2023-10-14,used_auto,31242.99,0.141,84,587.22,620-659,6257.73,0.3821,1.1893,WA
LN001300,2025-04-05,refi_auto,38092.47,0.0599,72,631.12,740-779,10861.31,0.1118,0.8455,NC
LN001301,2024-09-13,used_auto,35780.97,0.14,48,977.77,620-659,10977.88,0.2911,1.0195,IL
LN001302,2024-08-12,used_auto,51486.43,0.1015,48,1309.54,660-699,7640.81,0.4522,1.2293,CA
LN001303,2024-10-24,used_auto,24952.94,0.1702,84,510.22,580-619,9485.33,0.2626,0.8179,NC
LN001304,2023-01-25,used_auto,32569.97,0.0782,84,504.73,740-779,8286.36,0.116,1.0551,AZ
LN001305,2023-12-19,new_auto,51271.48,0.0631,84,756.65,780+,9765.33,0.1756,1.1683,MI
LN001306,2023-06-14,new_auto,28962.33,0.0404,84,396.41,780+,8532.66,0.257,1.1459,NY
LN001307,2023-04-02,refi_auto,38469.48,0.0872,72,688.1,700-739,9203.94,0.1593,1.0249,MI
LN001308,2024-10-16,used_auto,45842.32,0.119,72,893.84,660-699,9595.2,0.1581,1.1249,GA
LN001309,2024-03-24,used_auto,16751.03,0.1315,72,337.59,620-659,9819.0,0.1839,0.9517,MI
LN001310,2025-02-13,refi_auto,23169.71,0.0533,72,376.7,740-779,10252.41,0.226,1.0522,PA
LN001311,2025-05-22,used_auto,40694.9,0.071,48,976.38,700-739,8635.66,0.3924,1.0984,OH
LN001312,2025-03-28,new_auto,24628.58,0.154,84,480.8,580-619,3649.73,0.75,1.1666,OH
LN001313,2023-01-27,refi_auto,23220.31,0.0717,48,557.87,700-739,4816.41,0.2697,1.2467,NC
LN001314,2023-09-07,used_auto,18291.83,0.1463,84,349.19,620-659,8112.74,0.1509,0.8056,TX
LN001315,2024-10-04,used_auto,28630.64,0.0667,60,562.47,740-779,6181.05,0.4575,1.0614,IL
LN001316,2023-08-29,refi_auto,43099.26,0.0602,72,714.69,780+,9388.09,0.1805,0.9666,MI
LN001317,2025-03-14,new_auto,40580.36,0.0746,60,812.38,700-739,9323.57,0.2666,0.8435,PA
LN001318,2024-07-21,used_auto,12925.96,0.0748,60,258.89,740-779,8704.87,0.257,1.0902,NY
LN001319,2023-01-23,used_auto,10500.47,0.1086,84,179.02,660-699,7646.72,0.0943,1.2481,PA
LN001320,2023-10-10,used_auto,50104.56,0.1043,60,1075.21,660-699,3322.97,0.6786,1.2296,IL
LN001321,2023-08-09,refi_auto,9296.12,0.1379,84,173.13,620-659,8574.59,0.3087,1.2438,AZ
LN001322,2023-11-19,used_auto,39709.38,0.0999,84,659.02,660-699,3982.71,0.564,1.1066,TX
LN001323,2025-01-20,new_auto,43459.92,0.0566,48,1013.9,780+,7833.57,0.3293,1.1287,NY
LN001324,2023-12-06,used_auto,43664.59,0.1254,60,983.25,620-659,3041.8,0.75,1.1279,CA
LN001325,2023-07-07,used_auto,40943.64,0.2006,84,910.68,<580,5926.58,0.3973,1.1813,CA
LN001326,2024-10-24,new_auto,28226.96,0.1276,48,753.9,620-659,4313.44,0.4723,0.902,AZ
LN001327,2023-06-22,used_auto,12419.31,0.1877,48,369.83,<580,10852.48,0.0829,0.9679,TX
LN001328,2023-03-13,used_auto,8219.07,0.0505,48,189.47,780+,9360.31,0.1965,0.9687,FL
LN001329,2024-01-19,used_auto,16543.98,0.1266,72,329.14,620-659,3595.12,0.6209,0.8696,IL
LN001330,2024-07-04,used_auto,47760.73,0.1732,60,1195.21,580-619,9477.76,0.2716,1.0799,CA
LN001331,2023-07-17,new_auto,21697.25,0.0605,60,419.97,740-779,7638.87,0.1555,0.8449,IL
LN001332,2023-03-09,used_auto,23857.64,0.1636,84,478.77,580-619,9229.31,0.3202,1.1009,MI
LN001333,2024-05-06,new_auto,53138.19,0.1347,84,980.32,620-659,3141.04,0.4805,1.2421,AZ
LN001334,2024-06-18,used_auto,12642.68,0.0656,72,212.88,740-779,10277.31,0.1802,1.116,GA
LN001335,2024-01-22,used_auto,21280.39,0.0541,60,405.6,740-779,5202.27,0.4197,0.9819,CA
LN001336,2025-02-28,used_auto,23111.18,0.1045,84,389.07,660-699,5308.36,0.5599,1.1468,AZ
LN001337,2023-06-27,used_auto,9956.73,0.0934,72,181.16,700-739,10115.16,0.2201,1.0571,AZ
LN001338,2025-04-25,new_auto,9314.27,0.149,84,179.21,620-659,4343.56,0.6217,0.8236,AZ
LN001339,2024-04-13,used_auto,32627.27,0.0443,72,516.88,780+,8385.29,0.1211,0.8965,FL
LN001340,2024-01-26,used_auto,11429.28,0.0451,60,213.13,780+,7483.39,0.2621,0.8204,NY
LN001341,2024-01-16,new_auto,21650.76,0.0661,72,365.08,780+,10872.1,0.2701,1.172,GA
LN001342,2023-11-14,new_auto,19570.14,0.2001,84,434.7,<580,8379.24,0.2861,1.2059,NY
LN001343,2023-07-14,used_auto,50945.6,0.0513,48,1176.24,780+,6210.28,0.4003,0.9251,NC
LN001344,2023-04-28,new_auto,40548.59,0.1213,84,718.62,620-659,3856.88,0.6833,0.8317,CA
LN001345,2024-12-12,used_auto,11125.51,0.1661,60,274.17,580-619,10536.73,0.1175,1.1064,GA
LN001346,2023-03-30,new_auto,48208.88,0.1278,48,1288.07,620-659,6038.23,0.6022,0.891,PA
LN001347,2023-07-08,new_auto,32356.6,0.0511,84,459.0,740-779,3696.62,0.3684,1.1749,CA
LN001348,2024-11-09,used_auto,19362.34,0.0685,84,290.81,740-779,8854.44,0.1878,1.1461,PA
LN001349,2023-06-29,new_auto,17890.27,0.0595,48,419.74,740-779,10578.43,0.1485,1.2277,MI
LN001350,2023-12-10,refi_auto,10652.12,0.1014,72,198.09,660-699,6945.88,0.1574,1.0822,AZ
LN001351,2023-02-28,new_auto,28704.93,0.0753,72,496.73,740-779,7366.2,0.1646,1.2339,CA
LN001352,2023-04-17,used_auto,33110.87,0.0836,60,677.09,700-739,8737.45,0.2043,0.8173,AZ
LN001353,2024-07-12,used_auto,34447.45,0.1444,48,948.95,620-659,9827.42,0.3079,0.8158,CA
LN001354,2025-02-05,used_auto,30392.13,0.1971,84,669.6,<580,5116.24,0.474,1.0024,NY
LN001355,2025-06-19,used_auto,24221.87,0.0946,84,395.39,700-739,6728.86,0.412,1.0044,MI
LN001356,2023-01-22,new_auto,42355.99,0.1489,84,814.72,620-659,10992.95,0.287,0.9656,GA
LN001357,2023-08-02,new_auto,29616.81,0.0713,60,588.27,740-779,10897.41,0.1159,1.0819,GA
LN001358,2023-05-17,used_auto,42472.12,0.1033,84,712.35,660-699,6600.84,0.2811,1.0994,WA
LN001359,2024-02-23,new_auto,41491.72,0.0821,72,731.75,700-739,10182.91,0.2296,1.1438,MI
LN001360,2024-09-30,new_auto,14642.58,0.0683,84,219.78,700-739,5262.63,0.466,1.1486,GA
LN001361,2023-01-25,new_auto,33929.57,0.1847,84,722.5,<580,10484.4,0.1977,1.2244,WA
LN001362,2023-06-04,used_auto,16100.02,0.1495,60,382.6,620-659,8058.15,0.2541,1.1604,GA
LN001363,2025-01-22,new_auto,42707.89,0.1429,84,807.2,620-659,5392.96,0.6045,1.0755,AZ
LN001364,2023-04-03,used_auto,44987.23,0.0416,48,1018.99,780+,10345.41,0.3221,0.9492,MI
LN001365,2024-08-20,used_auto,42948.46,0.0677,72,727.49,780+,9693.56,0.1987,1.2092,NC
LN001366,2024-06-29,used_auto,21617.83,0.093,60,451.9,660-699,10186.7,0.1165,0.9868,IL
LN001367,2024-11-10,used_auto,37548.08,0.111,72,716.62,660-699,8457.7,0.3671,1.2393,FL
LN001368,2024-12-05,new_auto,9850.78,0.0654,84,146.47,780+,5910.83,0.1559,0.809,MI
LN001369,2023-03-29,used_auto,16546.18,0.0658,84,246.34,780+,10562.15,0.1792,1.1985,MI
LN001370,2023-07-21,new_auto,22104.91,0.1918,60,575.61,<580,3709.97,0.75,1.2322,AZ
LN001371,2023-06-23,used_auto,52591.8,0.1225,84,935.43,620-659,2930.84,0.75,0.988,MI
LN001372,2023-09-02,new_auto,21171.55,0.0656,48,502.67,740-779,6814.79,0.4249,0.8234,WA
LN001373,2025-06-11,used_auto,28348.63,0.1212,84,502.25,620-659,8207.17,0.1992,0.8141,IL
LN001374,2024-12-14,used_auto,22227.39,0.186,84,475.02,<580,5916.14,0.1613,1.1024,GA
LN001375,2023-09-25,used_auto,48120.45,0.1135,84,832.82,660-699,8599.7,0.1772,0.9558,PA
LN001376,2023-04-27,new_auto,11915.39,0.1335,48,321.73,620-659,9404.9,0.2904,1.1877,TX
LN001377,2023-03-31,used_auto,13031.33,0.0522,72,211.2,740-779,3332.67,0.5609,0.9066,CA
LN001378,2024-04-16,new_auto,45928.35,0.2061,48,1412.59,<580,4081.2,0.75,1.1921,AZ
LN001379,2023-04-04,used_auto,12974.14,0.0427,60,240.52,780+,4436.07,0.5144,0.8365,WA
LN001380,2023-07-17,new_auto,45204.86,0.046,48,1032.86,780+,8679.23,0.2632,1.0815,NC
LN001381,2023-03-04,used_auto,31279.12,0.0712,84,473.92,740-779,5162.12,0.4575,1.1893,NC
LN001382,2023-05-07,new_auto,16264.99,0.1259,60,366.67,620-659,10001.05,0.2032,0.8852,WA
LN001383,2024-09-07,new_auto,47884.97,0.0727,60,954.29,740-779,4131.87,0.666,1.0665,GA
LN001384,2023-09-15,new_auto,28046.6,0.1147,60,616.4,660-699,7150.52,0.3436,1.2357,OH
LN001385,2025-02-21,new_auto,10950.8,0.0603,48,257.33,740-779,7882.73,0.3116,0.836,WA
LN001386,2024-08-05,refi_auto,39701.55,0.0996,72,734.7,660-699,8524.22,0.2894,1.2317,OH
LN001387,2025-02-01,new_auto,24831.29,0.0743,72,428.49,740-779,6897.5,0.3636,0.9411,NY
LN001388,2024-02-17,new_auto,40470.64,0.1323,84,741.31,620-659,5459.82,0.5299,1.2253,NC
LN001389,2023-11-21,used_auto,15176.19,0.0721,84,230.61,740-779,6240.7,0.1097,0.8627,GA
LN001390,2023-01-17,used_auto,26772.66,0.0394,60,492.33,780+,4038.52,0.7363,0.8976,GA
LN001391,2023-08-22,new_auto,17294.55,0.1049,60,371.64,660-699,5288.88,0.5432,1.0472,NY
LN001392,2023-04-19,used_auto,28344.24,0.1184,60,628.21,660-699,6796.21,0.3668,0.959,CA
LN001393,2023-11-12,used_auto,36567.43,0.0432,84,505.24,780+,9389.7,0.194,0.8058,AZ
LN001394,2024-01-18,used_auto,40150.71,0.1629,48,1143.85,580-619,7712.75,0.3512,0.9535,WA
LN001395,2024-12-05,used_auto,53610.24,0.0519,84,762.52,740-779,5834.07,0.2921,1.2251,NY
LN001396,2023-12-06,refi_auto,37791.96,0.0661,84,563.2,780+,9251.81,0.2361,1.0597,WA
LN001397,2023-09-13,new_auto,23126.14,0.139,60,536.91,620-659,8606.46,0.2646,1.166,NC
LN001398,2024-05-17,refi_auto,22732.62,0.0914,84,367.36,700-739,8951.58,0.239,0.8366,NC
LN001399,2024-12-29,refi_auto,53038.82,0.073,84,808.3,700-739,5994.53,0.2725,1.1465,FL
LN001400,2023-05-30,used_auto,30266.11,0.0967,48,762.84,660-699,5483.16,0.543,1.0171,OH
LN001401,2024-09-03,used_auto,22765.91,0.0655,60,445.97,780+,9557.92,0.2372,1.231,IL
LN001402,2025-05-23,used_auto,42568.26,0.1558,72,913.57,580-619,4835.46,0.4427,1.1153,TX
LN001403,2023-06-01,new_auto,21916.86,0.1209,84,387.95,620-659,3445.42,0.5256,1.2094,NC
LN001404,2024-09-13,used_auto,35910.72,0.0878,48,889.89,700-739,10482.6,0.2187,0.889,NC
LN001405,2023-11-19,used_auto,23171.77,0.1205,48,610.77,620-659,9915.45,0.2245,0.966,WA
LN001406,2023-10-17,new_auto,28410.2,0.0997,60,603.21,660-699,5478.21,0.5189,0.8155,MI
LN001407,2023-04-15,used_auto,49513.2,0.0667,60,972.73,700-739,6872.75,0.4965,0.863,PA
LN001408,2024-05-19,used_auto,12317.39,0.1608,72,267.73,580-619,5572.9,0.2827,1.1379,GA
LN001409,2023-06-12,used_auto,38165.48,0.0769,60,768.21,700-739,7294.4,0.1871,0.8933,CA
LN001410,2023-02-13,refi_auto,18687.62,0.0517,48,431.8,740-779,3230.36,0.75,0.9015,TX
LN001411,2023-01-20,new_auto,15173.65,0.1461,72,317.64,620-659,5448.19,0.437,1.1016,PA
LN001412,2024-08-19,used_auto,39473.18,0.0709,48,946.88,740-779,3129.07,0.75,0.894,NC
LN001413,2024-10-04,used_auto,35334.41,0.191,60,918.54,<580,6056.89,0.273,0.8033,WA
LN001414,2023-09-24,new_auto,25592.13,0.0767,60,514.88,700-739,8984.21,0.1646,0.8881,GA
LN001415,2023-04-20,new_auto,9354.42,0.1681,84,190.14,580-619,4477.64,0.1872,0.9744,WA
LN001416,2025-04-17,new_auto,43708.69,0.0611,72,726.65,780+,9630.02,0.271,1.199,OH
LN001417,2025-04-29,new_auto,37427.53,0.107,72,706.66,660-699,4577.81,0.2532,0.8056,FL
LN001418,2024-05-18,new_auto,52499.37,0.0617,72,874.29,740-779,6554.65,0.3256,1.1392,NC
LN001419,2023-02-01,new_auto,54378.72,0.0907,60,1130.66,700-739,3436.93,0.514,0.8001,IL
LN001420,2023-02-24,new_auto,20888.87,0.18,84,439.04,<580,5927.65,0.3524,0.8718,MI
LN001421,2023-02-05,new_auto,27888.79,0.1463,48,770.95,620-659,5095.83,0.512,0.9339,CA
LN001422,2025-03-22,new_auto,51715.91,0.1466,60,1221.11,620-659,3786.67,0.75,1.2286,TX
LN001423,2023-10-07,refi_auto,16205.32,0.0424,60,300.2,780+,6533.01,0.4057,1.1127,OH
LN001424,2024-05-24,used_auto,10974.34,0.2008,60,291.24,<580,3334.29,0.6547,0.8135,GA
LN001425,2024-12-27,used_auto,53726.63,0.0673,48,1279.83,740-779,8184.2,0.4632,1.1944,OH
LN001426,2024-10-27,new_auto,20562.37,0.0701,60,407.26,740-779,4725.51,0.3794,0.8009,TX
LN001427,2023-10-21,used_auto,28461.19,0.0676,84,426.22,780+,9294.1,0.2583,1.1341,MI
LN001428,2023-05-30,used_auto,46573.57,0.1963,72,1105.6,<580,8200.53,0.2832,1.048,MI
LN001429,2024-11-19,new_auto,16176.25,0.0621,84,237.94,740-779,10864.8,0.2141,0.8664,NC
LN001430,2024-04-22,used_auto,53185.16,0.0676,72,900.64,700-739,10055.13,0.2022,0.9614,NC
LN001431,2023-06-13,refi_auto,15720.98,0.0513,60,297.61,740-779,7710.1,0.2446,1.1744,IL
LN001432,2024-07-11,used_auto,17673.2,0.1708,48,510.69,580-619,9552.24,0.2982,1.2457,TX
LN001433,2024-05-15,used_auto,19971.71,0.1065,60,430.76,660-699,8865.63,0.2634,1.1545,CA
LN001434,2025-02-08,used_auto,25546.14,0.1481,84,490.24,620-659,4596.39,0.3617,0.9836,CA
LN001435,2025-03-30,used_auto,15317.96,0.1408,60,357.06,620-659,8672.86,0.3139,1.2362,CA
LN001436,2025-04-14,refi_auto,40662.06,0.0992,84,673.36,660-699,5283.43,0.2903,1.0872,NY
LN001437,2024-01-02,new_auto,13690.55,0.1856,48,406.18,<580,3349.58,0.5379,0.8535,AZ
LN001438,2024-10-12,used_auto,22110.13,0.1016,60,471.52,660-699,5291.05,0.4222,1.2138,IL
LN001439,2024-01-28,used_auto,53919.63,0.08,72,945.39,700-739,3054.53,0.75,1.1875,PA
LN001440,2025-02-16,used_auto,35594.86,0.0764,84,548.43,740-779,10956.03,0.1629,1.2332,CA
LN001441,2024-04-25,used_auto,11899.34,0.1117,48,308.53,660-699,6528.43,0.361,0.9086,TX
LN001442,2024-11-22,used_auto,41089.88,0.1335,84,755.35,620-659,3578.62,0.7432,1.067,TX
LN001443,2023-09-17,used_auto,31597.41,0.0529,84,450.91,780+,9370.72,0.2166,1.1259,IL
LN001444,2024-12-04,used_auto,16174.18,0.1636,60,396.43,580-619,3126.5,0.6777,0.992,FL
LN001445,2025-03-02,new_auto,30660.87,0.0465,84,428.33,780+,9161.07,0.2842,1.2074,GA
LN001446,2023-04-29,new_auto,23983.31,0.2005,84,533.3,<580,4675.61,0.4088,1.1154,CA
LN001447,2023-01-22,new_auto,54003.46,0.1682,48,1553.25,580-619,6392.4,0.4318,1.1145,WA
LN001448,2023-03-10,used_auto,37837.1,0.0682,84,567.74,700-739,3075.0,0.6269,1.1159,CA
LN001449,2023-06-15,refi_auto,39241.01,0.1942,60,1027.02,<580,10234.25,0.3276,0.8545,CA
LN001450,2024-11-03,used_auto,28966.8,0.0949,72,529.21,700-739,7370.42,0.2687,1.2369,FL
LN001451,2023-03-03,new_auto,9868.52,0.0711,72,168.77,700-739,3892.36,0.5426,0.805,PA
LN001452,2023-09-07,new_auto,39297.83,0.0676,48,936.67,740-779,5287.42,0.5904,0.9438,NC
LN001453,2025-05-29,new_auto,30313.7,0.0644,48,718.05,740-779,4213.83,0.5541,1.0822,CA
LN001454,2023-06-18,new_auto,31963.79,0.1758,48,931.94,580-619,6717.04,0.5225,0.8327,NY
LN001455,2023-11-25,used_auto,37404.3,0.0931,72,680.0,700-739,6132.41,0.446,0.8193,GA
LN001456,2025-03-20,used_auto,51746.66,0.1917,60,1347.18,<580,8938.59,0.2268,1.0767,PA
LN001457,2024-03-03,used_auto,43505.22,0.0437,72,688.01,780+,6876.49,0.1822,1.0699,CA
LN001458,2025-04-06,used_auto,44521.26,0.0882,48,1104.11,700-739,5830.07,0.4064,1.009,MI
LN001459,2024-12-05,used_auto,23373.13,0.1292,84,424.19,620-659,6993.81,0.2393,1.192,IL
LN001460,2023-12-17,refi_auto,36444.63,0.0848,60,747.37,700-739,6648.49,0.2027,1.0204,PA
LN001461,2023-11-28,used_auto,19824.87,0.098,72,365.28,660-699,9972.96,0.2079,0.9025,NY
LN001462,2023-07-12,new_auto,22398.34,0.0898,84,360.14,700-739,5083.88,0.4082,1.1014,IL
LN001463,2024-04-18,new_auto,44185.72,0.0479,72,707.31,780+,8643.49,0.2688,0.892,IL
LN001464,2023-07-07,new_auto,41968.9,0.0737,60,838.38,700-739,4487.02,0.6633,1.1737,AZ
LN001465,2023-09-16,used_auto,26406.62,0.0715,84,400.49,740-779,7206.75,0.1557,1.0727,CA
LN001466,2024-07-17,used_auto,54241.78,0.0391,60,996.74,780+,9458.33,0.2069,1.0228,IL
LN001467,2024-03-23,used_auto,27763.18,0.058,84,402.92,740-779,7950.52,0.2365,0.8486,GA
LN001468,2024-07-02,new_auto,13777.08,0.1428,48,378.42,620-659,3136.48,0.2975,0.8484,OH
LN001469,2023-12-12,new_auto,42922.09,0.1627,48,1222.37,580-619,10108.75,0.2838,0.8044,IL
LN001470,2023-01-24,new_auto,19311.97,0.0566,72,316.96,740-779,10408.38,0.1436,0.9064,PA
LN001471,2023-04-04,used_auto,16076.59,0.094,84,261.93,700-739,4465.76,0.4518,1.2295,IL
LN001472,2024-09-16,refi_auto,20677.27,0.0646,48,489.98,740-779,4818.78,0.3702,0.9089,FL
LN001473,2024-04-01,refi_auto,21135.12,0.0391,72,329.8,780+,6368.58,0.412,1.1823,NY
LN001474,2024-01-25,used_auto,27201.13,0.1333,60,623.51,620-659,8861.15,0.211,1.0768,TX
LN001475,2025-05-08,new_auto,49444.9,0.0797,72,866.21,700-739,5441.06,0.4345,1.077,NC
LN001476,2023-12-28,used_auto,41062.45,0.083,84,646.16,700-739,4180.73,0.4628,0.8981,GA
LN001477,2024-10-22,used_auto,50227.27,0.1314,84,917.56,620-659,10677.37,0.2648,1.0535,WA
LN001478,2024-03-10,used_auto,9028.33,0.1971,72,214.74,<580,5923.96,0.2861,1.1259,CA
LN001479,2024-10-22,new_auto,20648.72,0.1173,72,400.79,660-699,6723.95,0.1742,1.1841,PA
LN001480,2023-06-12,used_auto,47757.42,0.0944,72,871.32,700-739,3193.42,0.5556,1.1182,CA
LN001481,2023-10-13,used_auto,19768.38,0.0808,72,347.38,700-739,6515.43,0.2137,1.1863,FL
LN001482,2025-06-11,new_auto,32463.87,0.127,48,866.1,620-659,7891.75,0.3201,1.1524,WA
LN001483,2023-03-20,used_auto,52274.76,0.1768,60,1318.35,580-619,2940.89,0.75,1.0712,CA
LN001484,2024-06-30,new_auto,44807.75,0.066,84,667.54,740-779,7338.2,0.2561,0.8805,FL
LN001485,2023-06-21,new_auto,48204.14,0.143,48,1324.51,620-659,6907.49,0.5347,0.9772,TX
LN001486,2023-06-29,used_auto,19370.5,0.1083,72,367.02,660-699,7505.69,0.1841,0.9106,WA
LN001487,2024-06-25,new_auto,38086.4,0.1726,48,1104.11,580-619,10859.42,0.166,0.9292,NC
LN001488,2024-09-12,used_auto,33449.04,0.0771,84,516.52,700-739,10689.26,0.2799,0.9593,IL
LN001489,2023-02-07,used_auto,43326.67,0.0657,84,644.85,740-779,4168.54,0.7034,0.8568,NY
LN001490,2024-05-13,refi_auto,47571.46,0.1835,84,1009.63,<580,5937.09,0.3484,0.8107,NY
LN001491,2024-10-26,new_auto,44428.39,0.0725,84,675.99,740-779,9894.62,0.2845,1.1372,OH
LN001492,2023-07-29,new_auto,50323.67,0.1171,72,976.26,660-699,6791.56,0.3537,1.0093,NC
LN001493,2024-01-31,refi_auto,19532.2,0.1544,48,547.96,580-619,5222.43,0.2039,1.0093,AZ
LN001494,2023-03-11,new_auto,21815.7,0.0636,84,322.47,780+,3132.3,0.75,1.1812,MI
LN001495,2023-01-26,new_auto,31815.73,0.0903,48,792.19,660-699,3996.7,0.6897,0.9213,PA
LN001496,2025-03-31,used_auto,9134.57,0.1321,84,167.22,620-659,5644.79,0.2278,0.9656,PA
LN001497,2024-06-02,refi_auto,43649.15,0.078,48,1061.51,700-739,8263.82,0.3227,1.137,CA
LN001498,2025-02-19,new_auto,46761.51,0.0489,84,658.51,780+,8797.89,0.2792,0.8648,NY
LN001499,2023-07-18,used_auto,26536.77,0.1813,72,607.2,<580,2899.34,0.4483,0.9883,GA
LN001500,2023-09-29,refi_auto,28064.84,0.067,60,551.75,740-779,2804.65,0.3913,1.1865,WA
LN001501,2023-12-17,new_auto,30010.41,0.1194,84,528.8,660-699,3736.74,0.6427,1.1653,IL
LN001502,2024-11-29,used_auto,30039.54,0.0787,72,524.79,740-779,7978.5,0.2059,0.87,WA
LN001503,2023-12-03,used_auto,45890.88,0.0883,60,948.84,700-739,4654.83,0.3003,1.0175,PA
LN001504,2024-07-22,refi_auto,54591.71,0.1215,72,1071.54,620-659,9373.73,0.2175,1.1708,NY
LN001505,2024-02-27,new_auto,52940.31,0.0639,60,1033.11,740-779,10393.62,0.2855,1.0276,WA
LN001506,2023-02-28,used_auto,22056.97,0.0973,84,363.1,660-699,10577.63,0.21,1.1487,GA
LN001507,2025-06-19,used_auto,27468.48,0.1194,72,536.16,660-699,10488.27,0.1141,0.9061,NC
LN001508,2023-06-13,used_auto,18059.34,0.0519,60,342.38,780+,5149.03,0.4051,0.8742,IL
LN001509,2025-03-23,used_auto,11895.28,0.1225,48,314.71,620-659,4030.38,0.4113,1.2035,WA
LN001510,2025-04-26,refi_auto,8098.1,0.0703,60,160.47,700-739,5189.67,0.4656,1.1054,WA
LN001511,2023-02-10,used_auto,9900.2,0.1168,72,191.91,660-699,3619.76,0.75,0.8371,IL
LN001512,2024-06-22,refi_auto,45108.51,0.2069,84,1020.51,<580,3681.82,0.7404,1.0769,CA
LN001513,2024-05-23,new_auto,11052.3,0.0682,72,187.48,740-779,4090.63,0.561,1.0317,IL
LN001514,2024-06-05,new_auto,26489.49,0.1302,60,602.99,620-659,8498.25,0.3278,0.9614,OH
LN001515,2023-08-04,used_auto,26851.42,0.1442,60,630.65,620-659,9312.91,0.3108,1.0998,NY
LN001516,2025-01-10,used_auto,9729.49,0.0918,48,242.95,660-699,4010.98,0.7078,0.8567,CA
LN001517,2024-11-18,new_auto,23037.67,0.1272,84,415.6,620-659,6369.75,0.1704,1.0899,PA
LN001518,2023-02-20,new_auto,41328.21,0.0769,48,1002.94,740-779,5786.52,0.391,0.9553,TX
LN001519,2023-11-28,used_auto,26309.28,0.0744,84,402.76,740-779,8198.3,0.2046,1.1191,NC
LN001520,2023-07-08,new_auto,53434.76,0.1627,72,1167.06,580-619,10656.13,0.3022,1.1907,TX
LN001521,2024-09-10,new_auto,19778.22,0.0528,72,321.1,740-779,4014.98,0.6641,0.908,NC
LN001522,2024-01-17,refi_auto,41876.87,0.0515,48,967.24,780+,7978.61,0.3675,1.1601,MI
LN001523,2025-01-31,used_auto,46743.23,0.195,60,1225.44,<580,4012.01,0.75,1.186,PA
LN001524,2024-04-10,used_auto,32850.55,0.1377,60,760.46,620-659,6366.49,0.5105,1.1601,WA
LN001525,2025-03-21,new_auto,54849.14,0.0787,72,958.21,700-739,5527.36,0.4079,1.0822,CA
LN001526,2023-09-29,refi_auto,51665.28,0.1174,60,1142.49,660-699,10369.33,0.3259,0.9003,OH
LN001527,2023-08-16,refi_auto,46386.6,0.0591,72,766.79,780+,6037.46,0.1948,0.9031,NC
LN001528,2023-01-17,new_auto,10244.9,0.1223,72,201.52,620-659,7189.11,0.3589,1.223,PA
LN001529,2024-07-19,used_auto,44038.62,0.0736,48,1061.93,740-779,6872.41,0.3985,1.0403,OH
LN001530,2024-03-15,refi_auto,51504.57,0.0617,72,857.72,740-779,4253.34,0.6351,0.8064,CA
LN001531,2023-06-15,new_auto,30553.63,0.123,72,602.11,620-659,4185.99,0.393,0.9157,GA
LN001532,2023-03-20,new_auto,12587.4,0.148,72,264.8,620-659,10982.66,0.1991,1.0876,FL
LN001533,2023-05-05,refi_auto,8156.43,0.0462,72,129.93,780+,10714.18,0.0727,1.0031,PA
LN001534,2023-06-30,used_auto,29868.97,0.0537,72,486.18,740-779,9241.08,0.1807,0.8414,GA
LN001535,2024-06-18,used_auto,19762.97,0.0505,48,455.57,740-779,10935.41,0.1109,0.9539,WA
LN001536,2023-04-17,used_auto,51461.55,0.0839,48,1265.77,700-739,5589.48,0.4512,1.1405,PA
LN001537,2025-02-01,used_auto,15873.58,0.0686,84,238.49,740-779,9142.4,0.2498,0.8301,NY
LN001538,2023-02-12,refi_auto,44695.98,0.0667,84,667.39,740-779,5975.66,0.4152,0.8896,TX
LN001539,2023-11-19,new_auto,24704.81,0.1196,72,482.47,660-699,8119.48,0.2213,1.1769,NC
LN001540,2024-07-18,used_auto,35948.48,0.1968,48,1087.81,<580,7661.66,0.3301,1.0491,WA
LN001541,2023-02-09,new_auto,46108.98,0.0736,72,794.11,740-779,4817.51,0.4931,0.9915,CA
LN001542,2025-05-20,new_auto,53311.67,0.1841,72,1228.31,<580,9488.69,0.4033,0.9263,GA
LN001543,2023-07-09,refi_auto,25097.91,0.0539,72,408.76,780+,6136.34,0.1412,0.9283,WA
LN001544,2023-12-08,new_auto,32672.85,0.198,48,990.77,<580,5772.76,0.2772,0.9189,MI
LN001545,2025-02-11,new_auto,17978.59,0.063,60,350.09,780+,3202.45,0.4482,1.1423,PA
LN001546,2024-02-18,new_auto,41502.25,0.0671,72,701.81,780+,10231.82,0.2491,0.8452,TX
LN001547,2023-01-05,refi_auto,12369.47,0.13,48,331.84,620-659,3922.51,0.2395,1.2251,CA
LN001548,2025-03-24,new_auto,46046.53,0.0512,48,1062.92,780+,4967.11,0.5562,1.0525,NY
LN001549,2024-12-26,new_auto,38478.83,0.1971,48,1164.99,<580,7972.88,0.2009,0.8983,FL
LN001550,2025-03-24,refi_auto,48599.79,0.1653,84,980.02,580-619,2843.35,0.75,0.923,WA
LN001551,2023-10-27,new_auto,33735.5,0.0518,60,639.42,740-779,7828.72,0.2419,1.1713,MI
LN001552,2024-03-06,refi_auto,27342.52,0.1673,72,604.15,580-619,4842.05,0.5964,0.8561,OH
LN001553,2025-04-13,used_auto,53957.34,0.0772,60,1086.84,700-739,8923.64,0.337,1.0595,AZ
LN001554,2024-12-01,refi_auto,19692.67,0.0863,60,405.26,700-739,10984.79,0.2225,1.1291,GA
LN001555,2023-04-20,new_auto,53091.79,0.1672,60,1311.49,580-619,8681.34,0.4075,0.8062,MI
LN001556,2024-11-27,new_auto,42042.77,0.1436,72,874.45,620-659,5465.92,0.3986,1.0968,OH
LN001557,2023-09-06,new_auto,37847.42,0.0962,72,693.92,660-699,4341.61,0.5894,1.226,NC
LN001558,2025-02-05,new_auto,10299.87,0.0901,84,165.77,660-699,4100.56,0.5572,1.1752,NC
LN001559,2025-03-15,new_auto,13189.57,0.0736,72,227.16,700-739,5090.49,0.3074,0.8062,PA
LN001560,2024-02-04,used_auto,22250.2,0.1867,60,573.15,<580,8445.13,0.187,1.0146,OH
LN001561,2024-07-18,new_auto,50525.91,0.1505,60,1203.33,580-619,8090.81,0.3027,1.2439,PA
LN001562,2025-03-29,new_auto,20580.76,0.0761,72,356.94,700-739,8457.24,0.1602,1.0962,OH
LN001563,2024-11-15,new_auto,34656.33,0.0765,60,696.91,740-779,10169.96,0.1624,0.9099,PA
LN001564,2023-12-02,used_auto,51448.24,0.0777,84,796.0,740-779,10815.1,0.1113,1.2314,WA
LN001565,2023-09-15,used_auto,24040.92,0.0644,60,469.71,740-779,3689.42,0.4184,1.1439,WA
LN001566,2023-09-08,used_auto,37555.81,0.0701,72,640.47,740-779,3587.94,0.5793,0.8883,MI
LN001567,2024-12-07,new_auto,30155.04,0.1872,72,700.1,<580,6843.83,0.2992,1.0531,CA
LN001568,2023-04-16,refi_auto,18871.31,0.176,60,475.11,580-619,6630.08,0.3095,1.1324,AZ
LN001569,2024-08-24,used_auto,41766.26,0.0456,60,779.79,780+,4591.46,0.3034,0.9154,GA
LN001570,2023-04-06,new_auto,35665.43,0.1635,60,873.96,580-619,3566.56,0.75,1.0753,OH
LN001571,2025-02-14,used_auto,37568.03,0.0728,48,904.5,740-779,6703.3,0.2855,0.8752,WA
LN001572,2023-08-23,refi_auto,31008.82,0.0798,84,483.0,740-779,10077.24,0.1095,1.0267,IL
LN001573,2024-10-04,used_auto,24401.06,0.1307,84,444.83,620-659,7361.55,0.1639,1.1325,IL
LN001574,2023-05-16,new_auto,16087.21,0.1847,48,476.52,<580,8806.01,0.1485,0.8941,OH
LN001575,2025-02-13,used_auto,18604.38,0.094,48,466.51,660-699,8751.1,0.281,0.965,OH
LN001576,2024-06-29,used_auto,40332.11,0.075,60,808.17,740-779,6684.59,0.1832,0.9685,FL
LN001577,2024-12-17,refi_auto,13100.65,0.0879,60,270.61,700-739,3400.35,0.4658,0.9956,FL
LN001578,2024-06-29,used_auto,34084.87,0.1403,72,702.89,620-659,10068.38,0.1439,1.2487,AZ
LN001579,2025-01-21,refi_auto,27969.66,0.0833,84,440.55,700-739,5089.24,0.2777,0.8964,TX
LN001580,2023-02-25,new_auto,44310.23,0.1339,48,1197.33,620-659,9972.74,0.1856,1.1125,NY
LN001581,2023-05-19,used_auto,48287.26,0.0668,84,721.25,740-779,10256.53,0.2339,1.1319,TX
LN001582,2023-09-05,used_auto,18894.62,0.0938,48,473.61,660-699,6969.01,0.3169,1.198,PA
LN001583,2024-05-17,new_auto,33265.62,0.0728,72,571.63,700-739,7301.04,0.3826,0.8198,NY
LN001584,2024-07-13,used_auto,40842.45,0.1527,60,977.44,580-619,7923.69,0.1937,1.1244,CA
LN001585,2025-03-04,new_auto,15737.83,0.0583,72,259.56,740-779,3045.67,0.75,1.151,AZ
LN001586,2023-03-26,refi_auto,41985.23,0.0675,60,826.41,700-739,9011.98,0.3333,1.0636,WA
LN001587,2023-01-27,refi_auto,12618.25,0.1435,72,262.38,620-659,3269.43,0.6271,1.2359,WA
LN001588,2025-04-12,used_auto,25815.12,0.1535,72,550.78,580-619,8970.74,0.1699,0.8383,FL
LN001589,2024-09-28,used_auto,30408.58,0.0797,48,741.93,700-739,4034.73,0.7325,0.93,TX
LN001590,2023-09-09,used_auto,31835.75,0.134,48,860.41,620-659,7713.54,0.1642,0.9176,GA
LN001591,2023-06-02,new_auto,24988.94,0.1055,60,537.73,660-699,6122.5,0.3555,0.9061,OH
LN001592,2023-02-12,refi_auto,25369.62,0.0915,72,459.19,660-699,9536.94,0.2712,0.9689,PA
LN001593,2023-12-30,used_auto,10492.73,0.0562,84,151.38,740-779,7737.24,0.2459,1.007,TX
LN001594,2023-05-06,used_auto,52795.96,0.0757,60,1059.68,740-779,3831.29,0.4159,1.1609,GA
LN001595,2024-10-21,used_auto,49839.63,0.1475,48,1380.77,620-659,4945.18,0.6863,1.233,FL
LN001596,2023-03-07,used_auto,49381.34,0.0725,60,983.64,700-739,5900.32,0.5193,1.0377,GA
LN001597,2024-11-13,new_auto,11079.94,0.1409,72,228.84,620-659,8753.11,0.203,1.0903,WA
LN001598,2023-08-08,new_auto,8973.34,0.1464,60,211.78,620-659,5819.7,0.3793,1.0377,CA
LN001599,2023-12-30,used_auto,11861.91,0.1462,84,226.37,620-659,5191.33,0.5369,0.9754,MI
LN001600,2023-07-11,refi_auto,9989.0,0.0621,60,194.09,740-779,8713.22,0.1614,1.0446,OH
LN001601,2023-10-25,refi_auto,42274.58,0.1401,84,792.46,620-659,5893.62,0.3558,0.9259,PA
LN001602,2024-05-27,used_auto,31745.17,0.0925,60,662.84,700-739,8792.4,0.2131,1.0502,PA
LN001603,2023-12-15,refi_auto,23582.91,0.1792,84,494.56,580-619,7802.78,0.3112,1.1032,TX
LN001604,2023-12-30,used_auto,54676.92,0.1287,60,1240.43,620-659,10315.18,0.2036,1.1443,NY
LN001605,2023-04-03,new_auto,22808.47,0.0713,84,345.69,740-779,8773.3,0.2873,1.1627,CA
LN001606,2024-08-30,used_auto,29923.15,0.0764,48,725.47,740-779,7263.9,0.3386,0.8894,CA
LN001607,2023-02-05,new_auto,18188.77,0.0771,72,316.34,700-739,10995.44,0.073,0.983,WA
LN001608,2024-04-17,new_auto,43251.99,0.2028,84,967.77,<580,9018.87,0.2315,0.9752,PA
LN001609,2025-04-10,used_auto,41853.45,0.0657,48,993.9,740-779,2887.51,0.6236,1.1692,TX
LN001610,2024-12-20,new_auto,27506.07,0.0815,48,673.44,700-739,4803.96,0.3962,1.0125,NC
LN001611,2024-02-06,new_auto,54013.08,0.1236,84,963.91,620-659,10316.71,0.3203,1.1061,MI
LN001612,2024-08-11,new_auto,49636.55,0.0673,48,1182.4,700-739,9429.81,0.371,1.0877,OH
LN001613,2024-02-22,new_auto,18873.43,0.1659,72,415.55,580-619,9672.13,0.2177,1.1404,NY
LN001614,2024-03-04,used_auto,52255.21,0.1682,60,1293.62,580-619,3402.71,0.75,0.9508,CA
LN001615,2023-02-13,refi_auto,40684.6,0.2057,72,988.0,<580,3866.43,0.664,1.2233,MI
LN001616,2024-06-15,used_auto,23862.12,0.0798,84,371.68,700-739,6315.09,0.4588,1.1347,WA
LN001617,2023-07-28,used_auto,28046.25,0.2054,48,861.55,<580,10539.55,0.3023,0.8249,MI
LN001618,2025-02-02,refi_auto,12153.85,0.1161,48,317.74,660-699,5967.53,0.3728,0.8327,NY
LN001619,2024-03-22,new_auto,18274.39,0.2069,72,445.06,<580,3226.83,0.5549,1.0476,IL
LN001620,2023-10-25,used_auto,30807.7,0.1729,60,770.46,580-619,7893.67,0.4225,1.1741,WA
LN001621,2025-06-02,new_auto,22288.29,0.0556,84,320.92,780+,9197.99,0.1603,0.9068,AZ
LN001622,2023-02-24,used_auto,32844.57,0.0512,60,621.62,780+,4716.73,0.3912,1.1257,CA
LN001623,2023-03-08,used_auto,40616.46,0.0832,48,997.68,700-739,6960.68,0.5147,1.0614,OH
LN001624,2024-12-24,new_auto,8741.34,0.1499,72,184.79,620-659,7579.77,0.1252,1.1403,IL
LN001625,2024-10-19,used_auto,44031.54,0.0822,84,691.12,700-739,9930.56,0.2554,1.1736,IL
LN001626,2025-03-13,used_auto,39767.7,0.0728,84,605.66,740-779,3535.17,0.6095,0.8653,MI
LN001627,2024-08-06,used_auto,34731.78,0.0694,48,830.73,700-739,5214.14,0.5619,1.1993,IL
LN001628,2023-10-29,refi_auto,52804.56,0.0767,48,1280.95,740-779,4316.63,0.75,1.1687,FL
LN001629,2024-04-29,used_auto,34504.01,0.0788,48,840.4,740-779,6144.12,0.4524,1.2455,FL
LN001630,2024-07-29,new_auto,43898.21,0.1192,48,1154.28,660-699,8063.87,0.2402,0.8972,WA
LN001631,2024-11-04,used_auto,23311.57,0.1399,72,480.23,620-659,8131.55,0.3513,1.0341,PA
LN001632,2023-05-26,used_auto,54104.02,0.0748,72,934.94,740-779,10672.17,0.308,0.853,WA
LN001633,2023-05-31,used_auto,9407.18,0.0891,60,194.87,700-739,6131.09,0.3708,1.045,GA
LN001634,2023-01-16,new_auto,33878.86,0.0822,72,597.65,700-739,6136.78,0.1887,1.1731,PA
LN001635,2023-12-11,used_auto,39584.55,0.1106,60,861.85,660-699,9085.23,0.3344,0.9412,CA
LN001636,2023-10-06,new_auto,20551.21,0.1362,60,474.15,620-659,7618.41,0.338,1.1824,AZ
LN001637,2024-09-06,refi_auto,47128.91,0.0439,60,876.27,780+,2808.02,0.75,1.0313,GA
LN001638,2025-04-13,used_auto,54926.84,0.0425,84,757.12,780+,6931.97,0.1907,1.1007,IL
LN001639,2023-03-24,refi_auto,48159.14,0.0914,48,1201.65,660-699,5876.57,0.2935,1.0917,OH
LN001640,2025-06-11,new_auto,42673.33,0.0666,84,636.99,700-739,9143.97,0.321,1.0348,IL
LN001641,2024-05-22,used_auto,37467.95,0.0405,72,587.05,780+,4608.19,0.3478,0.8076,NC
LN001642,2024-02-26,new_auto,15628.68,0.1114,84,268.75,660-699,10060.57,0.2252,1.1433,AZ
LN001643,2023-02-18,new_auto,8914.74,0.174,84,184.25,580-619,8744.9,0.2746,1.2153,FL
LN001644,2023-03-10,refi_auto,11139.32,0.0883,48,276.3,700-739,6057.69,0.3019,1.0401,NY
LN001645,2024-02-15,used_auto,12191.78,0.124,72,240.9,620-659,5734.61,0.4688,0.8912,CA
LN001646,2024-01-24,refi_auto,29819.99,0.0961,60,627.88,660-699,8359.87,0.1436,0.8735,CA
LN001647,2023-12-20,used_auto,46782.87,0.1494,72,987.7,620-659,3885.32,0.6379,1.058,GA
LN001648,2023-06-22,new_auto,11493.79,0.17,72,255.69,580-619,5318.21,0.3684,1.1267,IL
LN001649,2024-04-07,new_auto,26592.66,0.1353,48,720.43,620-659,6335.51,0.2757,0.8238,NY
LN001650,2024-06-09,used_auto,26722.9,0.081,60,543.12,700-739,10221.35,0.2517,1.0248,FL
LN001651,2023-04-15,new_auto,47196.02,0.0582,84,685.4,780+,10132.98,0.235,1.1723,AZ
LN001652,2024-09-13,used_auto,53762.88,0.1251,72,1065.39,620-659,8823.29,0.2886,1.1291,NC
LN001653,2024-11-28,used_auto,46837.69,0.1462,60,1104.94,620-659,9988.47,0.3375,0.8797,MI
LN001654,2024-10-13,new_auto,34903.99,0.1035,48,891.13,660-699,6841.17,0.4147,1.0451,GA
LN001655,2024-02-19,refi_auto,13592.76,0.1043,48,347.56,660-699,6101.81,0.4608,0.9062,PA
LN001656,2023-06-25,new_auto,45242.99,0.061,48,1064.61,740-779,5884.16,0.3026,1.0965,FL
LN001657,2023-12-10,new_auto,39672.5,0.1226,84,705.86,620-659,8365.73,0.3056,0.8067,PA
LN001658,2023-06-28,refi_auto,40277.13,0.0511,60,762.11,780+,8806.42,0.2626,1.1465,CA
LN001659,2023-08-29,new_auto,34689.75,0.0681,48,827.63,780+,7371.72,0.326,1.1068,GA
LN001660,2025-03-28,used_auto,44817.42,0.091,60,932.51,700-739,3840.37,0.75,1.1829,TX
LN001661,2024-06-03,used_auto,18800.56,0.0643,84,278.54,780+,10795.08,0.1848,1.1111,OH
LN001662,2024-07-12,new_auto,36463.09,0.0904,48,908.08,700-739,8107.62,0.2383,1.0033,PA
LN001663,2024-07-11,used_auto,50907.18,0.1109,84,874.07,660-699,3551.66,0.75,0.9059,GA
LN001664,2025-03-09,used_auto,33345.69,0.1192,60,740.41,660-699,3014.99,0.75,0.9237,CA
LN001665,2025-05-27,new_auto,37507.49,0.0682,84,562.79,780+,7805.54,0.2622,1.0439,IL
LN001666,2025-02-06,used_auto,31369.63,0.0904,60,651.79,700-739,5424.95,0.4278,1.0223,TX
LN001667,2024-12-13,used_auto,40033.45,0.05,60,755.48,740-779,8395.18,0.3453,0.9659,OH
LN001668,2024-08-05,used_auto,48786.01,0.0617,84,716.68,780+,5923.7,0.4186,1.1085,TX
LN001669,2024-06-20,new_auto,21141.06,0.1963,72,501.86,<580,9790.35,0.1524,0.8822,GA
LN001670,2024-11-30,used_auto,14596.65,0.1148,72,281.44,660-699,4322.65,0.2832,1.2282,PA
LN001671,2024-08-09,used_auto,45108.15,0.0749,60,903.66,740-779,9903.6,0.1749,1.2322,CA
LN001672,2024-05-09,new_auto,11741.53,0.1104,72,223.73,660-699,4330.13,0.5309,1.1251,FL
LN001673,2023-12-18,new_auto,15880.93,0.0563,84,229.19,780+,10557.73,0.1058,1.1126,PA
LN001674,2024-10-23,used_auto,12804.37,0.0908,48,319.12,700-739,7391.45,0.2137,0.9646,NC
LN001675,2023-10-22,refi_auto,52630.12,0.1068,48,1352.09,660-699,7801.05,0.4378,1.1479,OH
LN001676,2024-05-10,new_auto,37522.0,0.1236,48,994.74,620-659,10395.81,0.1581,1.0165,FL
LN001677,2024-02-08,used_auto,41120.25,0.1975,72,979.0,<580,9306.3,0.1685,0.9639,OH
LN001678,2023-08-08,new_auto,13053.56,0.2048,60,349.34,<580,3679.22,0.6395,0.9647,GA
LN001679,2024-09-27,used_auto,32652.66,0.0971,84,537.19,660-699,6468.08,0.2528,0.8072,OH
LN001680,2023-12-29,new_auto,48620.17,0.0631,72,812.91,780+,10593.17,0.2791,0.8158,FL
LN001681,2025-02-14,used_auto,52554.83,0.0937,84,855.46,660-699,7404.18,0.3493,1.1757,NC
LN001682,2024-07-24,used_auto,19045.47,0.1954,72,451.13,<580,6097.99,0.4607,1.2208,GA
LN001683,2023-11-02,refi_auto,48609.62,0.1075,84,825.94,660-699,9296.82,0.2383,0.999,FL
LN001684,2024-01-08,used_auto,31979.79,0.1795,72,728.48,580-619,7239.07,0.2591,1.0647,MI
LN001685,2025-04-11,used_auto,21537.53,0.0651,72,362.15,740-779,10655.64,0.2595,1.2354,WA
LN001686,2023-08-24,new_auto,14397.89,0.1155,48,375.98,660-699,3151.57,0.75,0.9676,IL
LN001687,2023-01-06,new_auto,53047.68,0.0689,48,1267.59,700-739,9354.36,0.3825,0.8312,MI
LN001688,2024-06-16,new_auto,17592.29,0.109,60,381.62,660-699,8392.36,0.1676,0.928,PA
LN001689,2023-08-16,used_auto,37138.23,0.0865,60,764.64,700-739,6896.59,0.4401,1.2457,GA
LN001690,2024-06-11,used_auto,28730.0,0.1185,84,504.86,660-699,4027.58,0.2281,0.9648,WA
LN001691,2024-07-10,refi_auto,21531.92,0.0785,48,524.14,740-779,7111.79,0.3791,0.8778,CA
LN001692,2024-10-01,new_auto,10957.03,0.056,60,209.8,740-779,10005.04,0.2028,1.0821,CA
LN001693,2024-04-19,used_auto,49617.66,0.1956,84,1088.71,<580,4951.6,0.3718,1.1229,MI
LN001694,2023-12-25,new_auto,30168.05,0.1956,48,910.97,<580,8254.29,0.206,0.8813,NC
LN001695,2023-02-03,new_auto,53744.91,0.1069,72,1014.47,660-699,6767.43,0.3322,1.1882,MI
LN001696,2023-04-15,new_auto,46383.4,0.1756,84,962.95,580-619,5935.78,0.4734,0.9085,GA
LN001697,2024-03-29,refi_auto,41759.59,0.2088,84,949.58,<580,4239.5,0.5556,0.8968,WA
LN001698,2024-08-03,refi_auto,38803.62,0.079,48,945.49,740-779,5471.75,0.3153,1.0595,IL
LN001699,2024-10-17,used_auto,16046.05,0.123,84,285.84,620-659,9355.1,0.2279,1.0633,OH
LN001700,2024-07-07,used_auto,19113.37,0.125,72,378.66,620-659,8560.26,0.1538,1.0599,NY
LN001701,2025-04-07,refi_auto,20538.58,0.1237,84,366.64,620-659,8844.34,0.3062,0.8985,GA
LN001702,2025-01-02,refi_auto,34839.05,0.1278,72,695.32,620-659,7536.39,0.4236,1.0242,WA
LN001703,2023-06-15,refi_auto,36369.55,0.1754,84,754.63,580-619,2822.04,0.75,0.9981,TX
LN001704,2025-04-17,used_auto,36007.1,0.1128,84,621.84,660-699,8693.87,0.1717,1.1186,MI
LN001705,2023-04-11,refi_auto,52452.8,0.1656,60,1291.21,580-619,4023.76,0.75,1.1387,FL
LN001706,2024-07-21,used_auto,45157.53,0.0759,60,906.8,740-779,4220.78,0.75,0.9194,NC
LN001707,2024-12-22,refi_auto,49586.79,0.0806,84,774.35,700-739,5664.37,0.2891,1.133,MI
LN001708,2025-04-13,used_auto,19129.41,0.081,48,467.9,700-739,9349.27,0.3099,1.1557,TX
LN001709,2023-04-23,new_auto,22198.87,0.1477,48,615.23,620-659,9480.32,0.3055,1.0582,NC
LN001710,2025-03-08,used_auto,15661.22,0.1863,48,465.22,<580,2987.29,0.3995,1.0597,WA
LN001711,2023-07-17,used_auto,39208.39,0.0418,60,725.27,780+,6719.34,0.3815,1.1307,TX
LN001712,2024-09-15,new_auto,8230.89,0.0775,84,127.27,700-739,3477.71,0.5861,1.0249,CA
LN001713,2024-04-16,new_auto,15093.79,0.1546,60,362.74,580-619,4090.72,0.6526,1.2158,GA
LN001714,2023-07-05,used_auto,10514.66,0.1082,48,270.84,660-699,3750.66,0.4033,0.847,TX
LN001715,2025-01-17,used_auto,28985.08,0.1717,84,595.18,580-619,10445.7,0.137,1.0803,NY
LN001716,2025-04-10,used_auto,28278.08,0.1901,48,845.67,<580,8214.77,0.2736,1.1946,OH
LN001717,2024-02-09,new_auto,43924.92,0.0585,48,1028.56,740-779,3538.82,0.4178,1.0513,AZ
LN001718,2023-05-12,refi_auto,48412.66,0.0823,72,854.28,700-739,10852.27,0.146,0.929,TX
LN001719,2025-01-29,used_auto,40929.41,0.061,72,680.25,740-779,8716.91,0.3358,0.8297,WA
LN001720,2023-01-18,used_auto,18087.05,0.085,72,321.56,700-739,3851.27,0.5841,1.0235,CA
LN001721,2025-02-19,used_auto,14668.31,0.1257,72,291.13,620-659,7307.5,0.257,0.9743,FL
LN001722,2024-03-08,new_auto,52251.1,0.1466,60,1233.74,620-659,3010.29,0.75,1.2186,CA
LN001723,2025-01-08,new_auto,18847.92,0.1048,48,482.39,660-699,4164.09,0.5392,0.9994,CA
LN001724,2023-04-20,refi_auto,9051.88,0.0968,60,190.9,660-699,9852.09,0.1786,1.2253,MI
LN001725,2023-09-13,refi_auto,15454.13,0.1464,48,427.29,620-659,4619.06,0.5174,0.9285,TX
LN001726,2024-03-09,used_auto,50675.08,0.1622,84,1012.87,580-619,7428.31,0.4178,1.0032,OH
LN001727,2023-09-10,used_auto,35735.78,0.0884,72,641.32,700-739,5850.15,0.3379,0.8776,OH
LN001728,2023-05-02,new_auto,47328.2,0.0975,84,779.6,660-699,2822.4,0.4523,0.8267,PA
LN001729,2025-02-20,new_auto,45886.55,0.1721,84,943.31,580-619,7341.52,0.2131,0.9794,CA
LN001730,2023-06-01,used_auto,10003.3,0.0904,48,249.12,660-699,9461.16,0.2244,1.0015,IL
LN001731,2023-04-15,used_auto,53787.45,0.2011,84,1197.98,<580,3492.37,0.75,0.9839,NY
LN001732,2023-11-04,used_auto,23610.55,0.2091,72,578.06,<580,5761.19,0.3724,0.924,NY
LN001733,2023-12-30,new_auto,41091.04,0.0507,84,582.13,740-779,4290.15,0.5016,1.0377,NC
LN001734,2025-04-02,used_auto,19926.75,0.0909,48,496.73,660-699,7402.31,0.2203,1.2499,NY
LN001735,2023-06-02,new_auto,46063.7,0.0932,72,837.66,700-739,9674.31,0.3302,0.9966,CA
LN001736,2024-02-29,new_auto,19305.75,0.0941,84,314.64,660-699,2955.64,0.2846,0.9197,GA
LN001737,2024-11-13,refi_auto,37461.37,0.1507,48,1043.91,580-619,9319.85,0.1669,1.0648,NC
LN001738,2025-01-02,new_auto,8923.45,0.1697,60,221.63,580-619,7259.8,0.3709,0.8306,IL
LN001739,2023-11-21,refi_auto,37660.51,0.0581,48,881.18,740-779,5383.39,0.5109,1.1185,FL
LN001740,2024-02-09,used_auto,31586.29,0.2042,72,764.29,<580,8101.99,0.3061,1.0236,IL
LN001741,2024-01-27,used_auto,18512.99,0.067,84,276.7,700-739,7640.6,0.2858,1.1661,IL
LN001742,2024-05-11,new_auto,27311.7,0.0765,48,662.28,700-739,4017.21,0.53,1.2286,NC
LN001743,2024-11-16,new_auto,47053.07,0.0879,84,752.04,700-739,4300.73,0.6449,1.2352,IL
LN001744,2023-09-28,used_auto,50862.57,0.0949,84,831.04,700-739,9417.51,0.1464,1.1701,FL
LN001745,2024-07-07,used_auto,52920.46,0.0432,60,982.27,780+,6631.6,0.3795,1.1689,FL
LN001746,2025-05-20,used_auto,47528.29,0.1698,48,1370.94,580-619,7972.76,0.4044,0.9168,PA
LN001747,2024-03-31,used_auto,19054.9,0.0595,84,277.91,780+,10186.83,0.2604,0.8376,TX
LN001748,2024-02-13,used_auto,37420.15,0.0789,48,911.6,740-779,9485.61,0.3357,1.2367,OH
LN001749,2024-03-26,new_auto,43618.14,0.1335,72,883.67,620-659,7079.96,0.4105,0.9049,PA
LN001750,2024-04-29,refi_auto,33337.69,0.0919,48,832.62,660-699,4927.91,0.271,1.0134,AZ
LN001751,2024-11-15,used_auto,47579.58,0.1914,48,1426.15,<580,5256.36,0.5162,1.1441,CA
LN001752,2024-05-31,used_auto,31485.16,0.0635,72,527.02,780+,9290.0,0.2419,0.9906,FL
LN001753,2023-12-30,used_auto,35194.01,0.12,84,621.27,660-699,8249.58,0.1371,0.8194,NY
LN001754,2024-07-19,new_auto,45152.13,0.0737,84,689.66,740-779,3722.44,0.5452,1.0225,AZ
LN001755,2024-04-16,used_auto,39687.05,0.1443,60,932.32,620-659,5533.12,0.3908,0.8482,IL
LN001756,2024-12-19,used_auto,39491.34,0.0619,72,658.03,740-779,8047.99,0.3733,1.2168,AZ
LN001757,2024-06-07,used_auto,26035.34,0.1275,72,519.21,620-659,10471.56,0.178,0.9195,OH
LN001758,2025-02-17,used_auto,15188.62,0.1601,84,301.76,580-619,3967.19,0.721,0.96,NY
LN001759,2023-08-22,used_auto,33503.12,0.0538,60,638.09,740-779,4980.53,0.3852,1.1135,IL
LN001760,2024-08-12,used_auto,54295.58,0.1919,60,1414.14,<580,10922.88,0.3177,1.0003,CA
LN001761,2025-01-12,used_auto,10980.27,0.099,60,232.76,660-699,10989.43,0.0802,1.2032,NY
LN001762,2025-01-06,used_auto,36185.43,0.1144,60,794.72,660-699,8660.83,0.1654,0.896,GA
LN001763,2025-03-09,new_auto,54107.59,0.0403,72,847.26,780+,5433.98,0.4364,0.9803,WA
LN001764,2024-03-15,new_auto,50602.17,0.1884,72,1178.28,<580,6863.85,0.314,1.0773,MI
LN001765,2024-05-10,refi_auto,40759.68,0.0732,84,621.57,700-739,6096.93,0.1904,1.14,WA
LN001766,2025-06-06,used_auto,40909.15,0.1978,48,1240.09,<580,7282.98,0.5141,1.1283,GA
LN001767,2023-08-20,used_auto,12554.21,0.0924,72,227.79,660-699,6192.34,0.4026,0.8471,MI
LN001768,2023-09-12,refi_auto,37449.73,0.0934,84,609.01,700-739,7855.04,0.2792,1.1621,WA
LN001769,2023-12-02,used_auto,37071.62,0.0522,84,527.81,780+,7451.22,0.3279,1.19,MI
LN001770,2023-03-01,refi_auto,45768.23,0.0665,48,1088.56,700-739,7832.32,0.393,1.1058,AZ
LN001771,2024-11-30,refi_auto,19580.64,0.0779,48,476.09,740-779,5680.34,0.1815,0.8354,WA
LN001772,2024-12-27,used_auto,33277.42,0.2031,84,745.19,<580,4498.56,0.4083,0.9849,AZ
LN001773,2024-11-02,used_auto,20215.55,0.1612,48,574.16,580-619,5907.66,0.1678,0.8111,AZ
LN001774,2024-01-20,used_auto,22039.53,0.0941,72,401.77,700-739,4267.21,0.3391,0.9694,AZ
LN001775,2024-03-22,used_auto,42806.32,0.0667,84,639.18,740-779,6336.99,0.3065,0.9471,OH
LN001776,2023-01-30,used_auto,51775.47,0.1594,72,1121.4,580-619,6818.24,0.3661,1.0419,IL
LN001777,2023-05-14,refi_auto,44096.25,0.1189,60,978.45,660-699,9206.33,0.3422,0.813,NY
LN001778,2024-12-18,used_auto,45549.71,0.0763,60,915.54,740-779,9805.16,0.1755,0.9884,OH
LN001779,2024-03-11,used_auto,23698.1,0.1982,60,625.48,<580,10387.89,0.1007,1.2194,FL
LN001780,2024-04-30,new_auto,15151.32,0.0554,84,218.01,740-779,6311.09,0.4052,1.1123,OH
LN001781,2023-04-05,used_auto,36823.84,0.1017,48,936.96,660-699,3448.33,0.5669,1.2426,MI
LN001782,2024-07-03,refi_auto,46318.42,0.0465,84,647.07,780+,10945.66,0.0969,1.207,TX
LN001783,2023-06-27,used_auto,54152.99,0.1644,84,1089.21,580-619,10931.42,0.162,1.1936,IL
LN001784,2025-01-05,refi_auto,28872.15,0.0886,48,716.57,700-739,10434.08,0.1646,0.8607,GA
LN001785,2024-06-25,refi_auto,38013.92,0.0627,60,739.7,740-779,8789.66,0.3598,0.8241,OH
LN001786,2024-06-29,used_auto,30499.92,0.1268,72,607.12,620-659,8510.76,0.3069,1.1899,TX
LN001787,2024-11-18,used_auto,46493.05,0.0951,72,849.88,660-699,10573.5,0.1546,0.8576,PA
LN001788,2023-11-09,new_auto,23242.05,0.0726,72,399.16,700-739,3186.62,0.7174,0.9932,AZ
LN001789,2023-07-18,used_auto,23911.34,0.0944,60,501.48,660-699,9733.18,0.11,0.863,FL
LN001790,2023-03-28,refi_auto,21416.9,0.0551,84,307.86,780+,8393.81,0.247,1.167,NC
LN001791,2023-06-23,used_auto,43915.39,0.0973,72,807.6,660-699,8089.53,0.3338,0.8749,TX
LN001792,2024-07-09,used_auto,33328.11,0.1406,48,911.74,620-659,10161.46,0.2057,0.8057,TX
LN001793,2024-01-31,new_auto,44849.79,0.0789,48,1092.6,740-779,4890.43,0.6267,0.8875,IL
LN001794,2023-08-24,refi_auto,23274.99,0.0554,60,445.01,780+,4987.48,0.5637,0.949,OH
LN001795,2024-04-30,refi_auto,48571.47,0.2036,48,1487.38,<580,7020.56,0.4929,0.9784,PA
LN001796,2024-01-04,refi_auto,47600.33,0.1304,60,1084.03,620-659,5086.6,0.4018,1.1015,OH
LN001797,2024-04-06,new_auto,32991.64,0.1446,72,687.97,620-659,8445.16,0.2526,1.0788,WA
LN001798,2024-04-12,new_auto,38163.99,0.0695,72,649.74,740-779,4775.57,0.4943,0.8662,PA
LN001799,2025-02-21,new_auto,33326.73,0.1016,84,556.02,660-699,10903.01,0.1942,1.1494,WA
LN001800,2024-11-28,new_auto,54308.34,0.0794,60,1099.62,700-739,9667.59,0.1789,1.1779,FL
LN001801,2023-07-28,new_auto,46080.52,0.1459,84,878.64,620-659,8625.88,0.1929,0.8595,PA
LN001802,2024-07-16,used_auto,15648.5,0.0721,48,376.25,700-739,4037.77,0.2537,1.0907,NC
LN001803,2023-02-20,refi_auto,15384.47,0.2064,60,413.09,<580,10863.92,0.1796,1.0316,WA
LN001804,2023-01-17,refi_auto,15885.81,0.0686,48,379.37,700-739,2922.2,0.4399,1.2,CA
LN001805,2024-07-25,used_auto,28396.61,0.0684,48,677.89,700-739,6964.97,0.3542,1.1022,AZ
LN001806,2023-03-05,used_auto,8526.59,0.0925,72,154.76,660-699,4352.68,0.3214,0.8418,WA
LN001807,2023-10-10,used_auto,51642.14,0.1395,48,1409.9,620-659,7634.99,0.4546,1.1538,GA
LN001808,2025-05-02,used_auto,33865.58,0.0541,72,551.87,740-779,5336.51,0.5355,1.0649,AZ
LN001809,2023-01-04,new_auto,17332.12,0.0732,48,417.62,740-779,6547.76,0.3774,1.2122,MI
LN001810,2024-12-06,new_auto,23482.93,0.0723,84,357.07,740-779,6387.79,0.1442,0.8088,TX
LN001811,2024-01-15,refi_auto,39416.77,0.1027,48,1004.83,660-699,3405.37,0.75,0.9768,OH
LN001812,2023-11-28,used_auto,41091.74,0.0768,60,826.91,740-779,10891.61,0.113,1.0012,CA
LN001813,2024-07-29,used_auto,51066.47,0.0981,84,842.76,660-699,3144.05,0.75,0.9653,NY
LN001814,2024-06-24,used_auto,21827.45,0.0942,84,355.85,660-699,4106.31,0.5092,1.1532,NY
LN001815,2024-05-11,used_auto,32441.83,0.0841,48,798.26,700-739,6674.32,0.5075,1.0972,IL
LN001816,2024-01-22,new_auto,45733.99,0.1929,72,1076.72,<580,6518.98,0.2527,1.0045,TX
LN001817,2025-05-19,new_auto,9047.02,0.0676,84,135.48,700-739,10025.67,0.2211,0.9613,AZ
LN001818,2024-08-08,used_auto,49016.04,0.0764,72,850.82,700-739,10817.78,0.2281,0.8026,MI
LN001819,2023-10-25,refi_auto,44846.36,0.0498,72,721.83,780+,10766.43,0.1283,1.019,WA
LN001820,2025-05-04,used_auto,30949.05,0.1916,60,805.56,<580,9229.28,0.1536,1.1028,AZ
LN001821,2024-05-03,new_auto,36601.93,0.0828,60,747.07,700-739,6373.09,0.2411,0.8634,MI
LN001822,2023-04-18,new_auto,10509.54,0.1112,72,200.69,660-699,8712.25,0.1615,1.2123,PA
LN001823,2024-08-14,new_auto,30847.01,0.1151,72,595.23,660-699,6367.96,0.331,0.8013,FL
LN001824,2023-08-13,refi_auto,31356.41,0.15,48,872.67,580-619,10492.39,0.1317,1.0845,WA
LN001825,2023-07-01,used_auto,52680.04,0.0528,60,1000.91,780+,9583.7,0.2101,1.189,PA
LN001826,2025-04-16,used_auto,23420.62,0.1716,72,523.11,580-619,2841.47,0.3937,1.0341,PA
LN001827,2024-07-09,used_auto,41702.61,0.1272,60,942.9,620-659,10948.22,0.1372,1.2237,MI
LN001828,2024-09-17,new_auto,44956.16,0.2083,48,1387.99,<580,3550.03,0.75,1.2386,FL
LN001829,2023-02-14,refi_auto,13132.74,0.0745,48,317.23,740-779,5382.86,0.3079,1.1364,WA
LN001830,2024-03-16,refi_auto,48523.15,0.1032,60,1038.63,660-699,4436.8,0.3405,0.8319,IL
LN001831,2024-12-29,new_auto,52978.11,0.1277,48,1415.23,620-659,9993.5,0.308,0.9405,MI
LN001832,2025-05-28,new_auto,38355.41,0.0889,84,614.96,700-739,6188.28,0.3614,0.896,GA
LN001833,2025-03-23,used_auto,21114.34,0.1042,48,539.78,660-699,6190.04,0.4122,1.2317,WA
LN001834,2023-02-06,new_auto,30284.34,0.1141,48,788.76,660-699,4548.38,0.634,1.1481,OH
LN001835,2023-10-31,new_auto,44410.11,0.1099,84,760.18,660-699,4618.59,0.3385,1.0107,NY
LN001836,2023-03-03,used_auto,42233.49,0.0521,60,801.07,780+,5566.64,0.5787,0.9893,GA
LN001837,2023-09-15,refi_auto,28464.82,0.0724,84,432.96,740-779,4388.8,0.4645,1.2454,OH
LN001838,2024-10-07,used_auto,33716.64,0.068,72,571.6,780+,9361.66,0.1937,1.2416,OH
LN001839,2024-02-07,new_auto,10229.34,0.1,84,169.82,660-699,9493.7,0.2748,1.1171,MI
LN001840,2024-08-31,new_auto,11762.9,0.1188,60,260.95,660-699,4489.12,0.2368,1.1711,TX
LN001841,2024-09-06,new_auto,43986.01,0.0682,84,660.0,700-739,7957.34,0.2188,0.8124,CA
LN001842,2023-12-03,new_auto,11916.73,0.042,84,163.99,780+,3576.99,0.75,0.8086,OH
LN001843,2024-01-15,used_auto,26286.06,0.0706,60,521.24,740-779,4179.16,0.233,1.1227,NY
LN001844,2023-07-06,refi_auto,20598.31,0.1482,60,488.09,620-659,10985.33,0.2597,1.1001,NC
LN001845,2024-12-17,used_auto,50304.6,0.0497,48,1157.8,780+,2886.72,0.75,1.1418,TX
LN001846,2024-12-03,new_auto,18086.14,0.2016,60,480.78,<580,10233.35,0.1607,1.1591,AZ
LN001847,2025-02-22,used_auto,49858.05,0.0752,84,765.23,700-739,5116.66,0.6387,1.0215,NC
LN001848,2023-01-29,used_auto,29793.69,0.0665,72,502.96,740-779,8608.04,0.2557,0.9648,NY
LN001849,2025-03-02,used_auto,10262.79,0.0945,72,187.29,700-739,10650.62,0.1836,1.2364,WA
LN001850,2023-02-16,used_auto,35211.98,0.1801,72,803.31,<580,3833.66,0.3319,0.8965,PA
LN001851,2024-10-31,refi_auto,21357.93,0.0672,72,361.27,700-739,7940.26,0.348,1.2299,MI
LN001852,2024-08-03,used_auto,16190.33,0.0554,72,264.82,780+,9031.71,0.133,0.9682,MI
LN001853,2024-02-12,used_auto,11321.1,0.1518,84,219.61,580-619,7469.03,0.2531,1.0899,IL
LN001854,2024-12-13,refi_auto,46739.65,0.0918,84,756.27,660-699,8680.46,0.2542,0.8198,NY
LN001855,2024-08-17,used_auto,40636.25,0.0428,60,753.52,780+,8230.14,0.2926,0.93,WA
LN001856,2023-12-09,used_auto,18576.33,0.0391,84,253.15,780+,6559.51,0.3541,1.1809,MI
LN001857,2024-02-05,new_auto,24353.13,0.1803,84,512.28,<580,4542.64,0.3846,0.9148,FL
LN001858,2023-08-13,used_auto,19974.24,0.1375,60,462.18,620-659,8224.23,0.258,1.1506,NY
LN001859,2025-05-09,refi_auto,11277.97,0.1421,48,309.38,620-659,7484.8,0.2838,1.2016,AZ
LN001860,2023-04-30,new_auto,37948.72,0.2088,84,862.92,<580,6985.58,0.2573,0.8682,CA
LN001861,2024-04-12,used_auto,45345.18,0.1085,48,1168.67,660-699,5109.04,0.5991,1.231,MI
LN001862,2023-06-25,refi_auto,34154.73,0.0795,84,531.49,740-779,5450.88,0.3992,0.8837,IL
LN001863,2023-07-03,used_auto,22649.19,0.0619,60,439.88,740-779,10616.66,0.1289,1.102,TX
LN001864,2024-12-12,new_auto,25392.07,0.0546,48,590.07,780+,4897.84,0.6438,1.2005,IL
LN001865,2023-07-13,refi_auto,13383.12,0.174,60,335.49,580-619,4650.33,0.5139,0.8028,GA
LN001866,2023-05-08,new_auto,38410.64,0.0682,60,757.32,740-779,3353.71,0.75,1.036,PA
LN001867,2023-08-05,used_auto,8200.97,0.076,48,198.67,700-739,6356.63,0.3616,1.0264,PA
LN001868,2023-06-21,used_auto,11832.99,0.1077,72,223.84,660-699,7465.6,0.2202,1.2378,WA
LN001869,2024-12-17,used_auto,32287.91,0.0863,72,576.1,700-739,10320.78,0.1966,1.1445,IL
LN001870,2025-04-02,new_auto,54017.2,0.0683,60,1065.28,740-779,6969.87,0.3939,1.2046,PA
LN001871,2024-05-03,refi_auto,22616.61,0.1216,48,597.36,620-659,10962.52,0.1187,1.1251,FL
LN001872,2024-11-09,new_auto,18046.32,0.1888,60,466.94,<580,7927.23,0.3421,0.9029,FL
LN001873,2025-02-04,new_auto,21101.0,0.2096,60,570.38,<580,8795.37,0.3416,1.1871,CA
LN001874,2025-01-22,refi_auto,52958.25,0.1973,60,1395.13,<580,8549.03,0.3832,1.1311,TX
LN001875,2024-05-24,used_auto,53997.75,0.1583,60,1308.25,580-619,4595.94,0.4345,1.1226,MI
LN001876,2023-04-06,new_auto,49163.09,0.0573,60,944.3,740-779,3139.72,0.75,0.8588,GA
LN001877,2025-04-28,new_auto,19912.89,0.0959,48,501.13,660-699,5624.36,0.4704,0.9039,NC
LN001878,2023-06-15,used_auto,50445.39,0.0929,60,1054.28,660-699,3882.56,0.4148,0.8103,IL
LN001879,2025-05-31,used_auto,46208.87,0.2093,48,1429.15,<580,6651.35,0.4001,1.0737,FL
LN001880,2025-04-20,refi_auto,18253.98,0.0933,48,457.12,700-739,4962.1,0.5461,1.1338,OH
LN001881,2023-02-27,used_auto,15623.51,0.197,60,411.32,<580,10498.87,0.1652,0.8063,MI
LN001882,2024-01-28,refi_auto,53535.43,0.1025,84,895.68,660-699,6576.14,0.449,1.2009,NY
LN001883,2025-03-08,refi_auto,11953.3,0.0654,84,177.73,740-779,5768.82,0.1232,1.0615,OH
LN001884,2023-08-19,new_auto,53369.68,0.1317,60,1218.97,620-659,8415.83,0.3504,0.8849,IL
LN001885,2024-03-20,new_auto,38419.49,0.1013,84,640.39,660-699,4356.14,0.6663,0.9734,CA
LN001886,2024-07-22,refi_auto,20019.14,0.2036,60,534.4,<580,10341.01,0.2475,1.2234,WA
LN001887,2024-12-04,used_auto,12766.36,0.1354,48,345.92,620-659,7177.17,0.255,1.2438,IL
LN001888,2024-08-07,used_auto,27155.5,0.1992,72,649.19,<580,10241.01,0.2552,1.0961,AZ
LN001889,2024-04-16,new_auto,34306.16,0.1141,60,752.93,660-699,8705.36,0.3757,0.9268,FL
LN001890,2025-04-08,used_auto,25139.51,0.0461,60,469.93,780+,4938.08,0.2663,1.1669,WA
LN001891,2024-01-14,new_auto,47219.33,0.1455,84,899.3,620-659,6126.48,0.3463,1.1234,NC
LN001892,2025-01-07,used_auto,40421.96,0.0703,84,610.67,740-779,5512.77,0.3643,1.0641,OH
LN001893,2024-04-28,refi_auto,51060.77,0.0601,60,987.39,740-779,5756.04,0.3327,0.9668,OH
LN001894,2023-07-01,refi_auto,35948.42,0.1051,48,920.57,660-699,6333.45,0.5232,0.8569,MI
LN001895,2023-11-10,new_auto,40793.84,0.1202,72,797.95,620-659,10387.4,0.3137,1.2127,PA
LN001896,2023-11-06,new_auto,43739.64,0.1979,72,1042.37,<580,9249.52,0.2442,0.9716,NC
LN001897,2023-05-02,refi_auto,19257.87,0.1336,72,390.25,620-659,3921.01,0.408,1.1228,OH
LN001898,2023-06-11,new_auto,46240.97,0.1216,72,907.87,620-659,8135.45,0.3186,0.9115,GA
LN001899,2024-04-13,new_auto,22886.54,0.0593,48,536.76,740-779,6513.0,0.2832,1.096,NY
LN001900,2023-06-21,refi_auto,50472.34,0.1509,48,1406.99,580-619,6864.6,0.4334,0.9603,FL
LN001901,2024-11-04,new_auto,42304.8,0.0524,72,686.04,780+,5410.35,0.2858,1.167,OH
LN001902,2024-11-26,new_auto,49791.47,0.0652,84,739.86,740-779,4930.05,0.6079,1.0927,NC
LN001903,2025-01-29,used_auto,38212.34,0.1849,48,1132.3,<580,8470.31,0.2876,0.9536,FL
LN001904,2023-01-04,used_auto,29289.42,0.1373,84,544.52,620-659,8392.14,0.2192,0.8877,CA
LN001905,2023-03-06,new_auto,46888.5,0.1478,72,985.86,620-659,9485.39,0.3348,1.2196,TX
LN001906,2024-11-29,used_auto,38506.63,0.0587,48,902.04,780+,3098.21,0.75,1.0177,FL
LN001907,2024-08-10,new_auto,16756.5,0.0639,60,327.0,740-779,3783.3,0.2076,0.9355,WA
LN001908,2023-05-05,used_auto,18227.98,0.0619,48,429.67,740-779,6853.89,0.1738,0.8158,NY
LN001909,2023-07-10,new_auto,41331.8,0.1055,84,697.96,660-699,4243.28,0.6325,1.0704,IL
LN001910,2024-11-06,refi_auto,44852.37,0.0603,72,743.97,740-779,10724.15,0.1789,1.202,AZ
LN001911,2024-09-09,new_auto,15941.87,0.1392,84,298.05,620-659,4660.08,0.4406,1.2021,IL
LN001912,2024-03-13,new_auto,48084.61,0.1707,60,1196.84,580-619,9211.24,0.2272,0.902,CA
LN001913,2024-02-03,refi_auto,30068.49,0.0927,48,752.12,660-699,7320.06,0.2954,1.0302,IL
LN001914,2023-06-09,refi_auto,43931.09,0.1142,60,964.4,660-699,5925.29,0.2669,1.0211,GA
LN001915,2023-07-07,used_auto,52751.06,0.2094,60,1425.31,<580,10122.18,0.3017,1.0521,WA
LN001916,2023-09-22,refi_auto,39312.37,0.2053,84,885.57,<580,10368.95,0.2857,1.0404,GA
LN001917,2023-06-06,new_auto,43426.33,0.0939,60,909.7,660-699,10833.36,0.3167,1.242,FL
LN001918,2024-11-17,refi_auto,31892.84,0.058,72,525.55,780+,4880.8,0.259,1.0521,WA
LN001919,2024-01-22,used_auto,39255.19,0.0856,60,806.52,700-739,4264.83,0.75,0.9823,FL
LN001920,2025-03-20,used_auto,54673.73,0.0563,48,1274.76,740-779,10181.79,0.2168,1.2037,WA
LN001921,2023-04-18,used_auto,11133.45,0.1094,48,287.43,660-699,5026.76,0.436,1.0213,NY
LN001922,2023-01-14,used_auto,18768.41,0.1968,72,446.08,<580,9131.8,0.25,0.9458,AZ
LN001923,2024-04-29,used_auto,16202.19,0.1998,72,387.9,<580,8244.56,0.1567,1.1727,AZ
LN001924,2023-06-28,new_auto,42333.39,0.1137,48,1101.75,660-699,5764.56,0.3565,0.8327,AZ
LN001925,2023-12-04,used_auto,28121.6,0.0866,48,695.28,700-739,3435.44,0.75,1.103,GA
LN001926,2024-07-14,used_auto,39514.69,0.1373,84,734.62,620-659,7657.89,0.2089,0.9445,NC
LN001927,2024-11-13,new_auto,30426.54,0.09,60,631.6,660-699,2948.91,0.4757,1.2394,TX
LN001928,2023-09-07,refi_auto,31318.13,0.1841,48,926.69,<580,4027.3,0.3695,0.8908,WA
LN001929,2023-08-09,refi_auto,26966.08,0.106,84,456.07,660-699,6129.06,0.343,1.0354,CA
LN001930,2023-01-29,used_auto,30742.02,0.1524,60,735.23,580-619,3881.18,0.6621,1.1037,NC
LN001931,2024-10-14,used_auto,53300.23,0.055,84,765.93,780+,8119.74,0.2575,0.9068,NY
LN001932,2024-01-27,used_auto,50305.13,0.0599,72,833.46,780+,4464.73,0.5732,1.0835,MI
LN001933,2023-05-04,new_auto,32087.23,0.1418,72,664.28,620-659,4289.85,0.312,0.8206,IL
LN001934,2025-03-29,used_auto,44406.0,0.1946,84,971.7,<580,5032.76,0.3962,1.088,OH
LN001935,2024-03-21,used_auto,8055.96,0.1026,84,134.82,660-699,6044.27,0.201,1.0994,NC
LN001936,2024-03-12,used_auto,35875.04,0.1177,48,940.68,660-699,6242.27,0.2857,1.2007,WA
LN001937,2023-02-08,new_auto,23539.42,0.0397,60,433.2,780+,5694.63,0.4164,1.0116,IL
LN001938,2024-10-27,refi_auto,34557.18,0.0685,84,519.03,740-779,6419.31,0.1808,1.0857,MI
LN001939,2023-12-25,used_auto,18468.79,0.1562,72,396.77,580-619,7667.23,0.3102,0.8807,CA
LN001940,2023-10-24,new_auto,27435.7,0.1562,72,589.41,580-619,4725.12,0.2459,0.9413,PA
LN001941,2023-09-11,used_auto,34786.09,0.0751,84,533.73,700-739,5659.18,0.2745,1.0959,OH
LN001942,2023-03-16,used_auto,49108.97,0.0673,72,830.91,780+,8911.7,0.214,0.9158,OH
LN001943,2024-08-15,used_auto,51616.14,0.0827,60,1053.27,700-739,9637.02,0.3665,0.9163,NC
LN001944,2024-07-28,used_auto,20673.04,0.1323,48,556.97,620-659,7111.76,0.3437,1.0958,FL
LN001945,2025-04-17,new_auto,23424.84,0.1626,84,468.74,580-619,8733.08,0.1545,1.059,PA
LN001946,2025-02-17,refi_auto,35383.93,0.093,48,885.58,700-739,4843.25,0.3125,0.8036,IL
LN001947,2023-12-23,new_auto,16146.84,0.1158,48,421.89,660-699,6727.23,0.2207,1.1832,NY
LN001948,2023-02-13,used_auto,27401.53,0.1301,60,623.61,620-659,9844.98,0.1321,0.91,OH
LN001949,2023-01-29,used_auto,22306.17,0.1479,60,528.21,620-659,8732.98,0.1626,0.8246,FL
LN001950,2025-06-04,refi_auto,13011.9,0.0624,60,253.01,780+,8817.48,0.1892,1.1863,MI
LN001951,2025-04-05,used_auto,16944.79,0.0825,84,266.22,700-739,10703.51,0.1764,0.9936,CA
LN001952,2024-02-11,used_auto,52385.95,0.0468,72,835.92,780+,7330.91,0.2254,1.1131,GA
LN001953,2025-04-28,new_auto,51923.79,0.1365,48,1409.79,620-659,10057.15,0.2448,0.8826,GA
LN001954,2023-08-01,used_auto,14379.4,0.1757,60,361.79,580-619,5342.22,0.2632,0.9193,AZ
LN001955,2024-02-10,new_auto,39174.43,0.1714,84,803.73,580-619,6936.36,0.3934,1.1604,PA
LN001956,2023-10-15,new_auto,45199.08,0.0797,72,791.82,740-779,8628.2,0.3669,1.0561,GA
LN001957,2023-10-20,refi_auto,15190.56,0.0741,48,366.65,740-779,8102.39,0.3586,0.9972,CA
LN001958,2025-05-04,new_auto,9764.37,0.0962,72,179.03,660-699,3279.25,0.3298,1.1573,MI
LN001959,2023-12-11,new_auto,46308.14,0.0573,72,761.57,780+,6261.42,0.3044,1.0018,WA
LN001960,2023-05-18,refi_auto,15495.7,0.045,60,288.89,780+,7913.59,0.152,0.8613,MI
LN001961,2024-03-27,refi_auto,18129.73,0.1163,60,399.9,660-699,2980.13,0.414,0.9837,CA
LN001962,2023-05-26,new_auto,50342.47,0.0735,72,866.77,740-779,10449.08,0.1235,1.1852,NC
LN001963,2023-03-22,new_auto,46250.04,0.0725,48,1112.89,700-739,4223.2,0.6925,0.8948,FL
LN001964,2025-03-22,used_auto,34138.04,0.0467,84,477.23,780+,4199.14,0.2241,0.9219,FL
LN001965,2024-11-08,used_auto,29547.28,0.2084,48,912.41,<580,3545.11,0.75,1.2309,FL
LN001966,2024-04-18,refi_auto,10749.02,0.1444,84,204.06,620-659,10313.59,0.1138,1.1974,WA
LN001967,2025-03-16,new_auto,51115.18,0.0693,84,769.72,740-779,5433.14,0.3208,0.8476,IL
LN001968,2024-11-24,new_auto,20394.35,0.0506,60,385.43,780+,7201.95,0.3902,0.8693,NC
LN001969,2025-03-11,new_auto,48993.86,0.0669,60,962.99,700-739,5396.59,0.2689,1.2301,WA
LN001970,2024-04-07,used_auto,33087.49,0.1114,60,721.71,660-699,10566.67,0.2072,1.0822,IL
LN001971,2024-06-09,new_auto,16756.42,0.0539,48,388.86,740-779,10830.48,0.0971,1.0061,TX
LN001972,2024-04-10,new_auto,40352.92,0.1325,48,1087.58,620-659,8290.8,0.4158,1.2045,TX
LN001973,2024-09-26,used_auto,40598.54,0.0739,60,811.39,740-779,7705.77,0.2579,1.0645,IL
LN001974,2024-05-19,used_auto,36114.35,0.1421,48,990.69,620-659,6850.73,0.2584,0.8639,GA
LN001975,2024-01-20,new_auto,34205.15,0.0555,48,796.27,740-779,5757.88,0.3183,0.865,FL
LN001976,2025-01-23,new_auto,46112.72,0.1077,84,784.0,660-699,9769.98,0.1645,0.8879,TX
LN001977,2024-05-29,used_auto,17510.76,0.0737,72,301.66,700-739,6431.11,0.4186,0.8083,PA
LN001978,2024-09-20,used_auto,51355.09,0.0904,84,827.3,660-699,2970.64,0.5362,1.1871,AZ
LN001979,2024-09-30,used_auto,24419.96,0.1084,72,462.81,660-699,4353.63,0.5427,1.0236,WA
LN001980,2024-05-24,used_auto,37829.06,0.0453,72,601.02,780+,6195.74,0.2567,1.0036,NC
LN001981,2023-03-27,new_auto,50866.28,0.137,48,1382.35,620-659,6230.56,0.5988,0.9572,FL
LN001982,2025-06-04,new_auto,38743.63,0.0672,60,762.06,740-779,4037.46,0.4436,0.8321,GA
LN001983,2025-04-11,new_auto,22934.07,0.1427,84,433.21,620-659,4707.25,0.2912,1.1008,FL
LN001984,2023-09-23,new_auto,37253.88,0.0739,60,744.55,700-739,3150.51,0.6265,0.9509,IL
LN001985,2025-05-21,used_auto,33907.57,0.0929,60,708.65,660-699,8735.58,0.1831,1.0422,TX
LN001986,2023-06-05,used_auto,48028.38,0.1867,60,1237.18,<580,3326.71,0.75,0.8796,CA
LN001987,2024-07-10,new_auto,11584.66,0.0615,48,272.86,780+,8632.08,0.2151,1.1914,GA
LN001988,2024-02-03,refi_auto,22003.85,0.0653,48,522.12,700-739,7152.87,0.2095,1.0418,OH
LN001989,2024-05-24,used_auto,47347.07,0.0592,48,1110.21,780+,9315.82,0.2041,1.2176,NC
LN001990,2025-02-05,used_auto,47099.69,0.0806,84,735.51,700-739,8030.01,0.2186,1.1916,OH
LN001991,2024-03-22,new_auto,28461.19,0.0539,72,463.53,740-779,8199.73,0.1353,0.8634,FL
LN001992,2025-03-25,new_auto,8804.06,0.1707,48,254.36,580-619,5131.44,0.3898,1.0394,CA
LN001993,2025-04-25,used_auto,32020.76,0.1464,48,885.33,620-659,3538.39,0.75,1.0009,GA
LN001994,2025-01-23,used_auto,36809.41,0.0823,48,902.6,700-739,8143.84,0.2987,0.8896,PA
LN001995,2023-07-21,new_auto,28303.58,0.1923,60,737.8,<580,8591.09,0.1484,0.9565,WA
LN001996,2023-07-03,new_auto,33566.68,0.1557,48,943.91,580-619,2831.56,0.75,0.947,OH
LN001997,2025-04-09,used_auto,19042.34,0.1413,72,393.71,620-659,7335.84,0.1567,0.9881,IL
LN001998,2024-04-13,used_auto,44063.4,0.1519,84,854.98,580-619,6064.48,0.46,0.8738,GA
LN001999,2024-11-20,refi_auto,16333.59,0.0557,60,312.52,780+,10032.52,0.181,1.2018,NY
LN002000,2025-04-10,used_auto,50306.03,0.1225,72,990.04,620-659,8007.0,0.4163,1.2336,GA
LN002001,2024-06-01,used_auto,19648.11,0.1666,48,563.5,580-619,2806.73,0.4016,0.8698,FL
LN002002,2025-01-15,new_auto,36612.37,0.123,60,819.98,620-659,5664.49,0.2879,1.1317,CA
LN002003,2023-04-08,new_auto,52081.09,0.0871,48,1288.88,700-739,6129.7,0.597,1.0219,AZ
LN002004,2023-04-13,used_auto,41997.53,0.2048,60,1123.92,<580,2851.45,0.75,1.0422,AZ
LN002005,2024-12-12,new_auto,11527.84,0.0538,84,165.0,740-779,10643.48,0.0772,1.2132,CA
LN002006,2023-07-02,used_auto,35239.1,0.106,60,759.17,660-699,7236.35,0.2511,1.0973,WA
LN002007,2024-06-30,refi_auto,46629.71,0.0695,84,702.63,700-739,5890.34,0.4471,1.1699,GA
LN002008,2024-08-30,used_auto,24633.39,0.0749,60,493.49,740-779,5454.12,0.2462,1.0775,IL
LN002009,2023-11-02,new_auto,23329.06,0.0571,84,337.57,780+,7951.85,0.0953,1.0,FL
LN002010,2023-11-08,used_auto,28917.43,0.0838,60,591.61,700-739,9071.62,0.2092,1.0656,CA
LN002011,2024-11-27,used_auto,26628.79,0.0506,48,613.97,740-779,7336.62,0.3167,0.9381,NC
LN002012,2024-09-14,used_auto,37036.93,0.1371,84,688.15,620-659,5061.56,0.6295,0.8871,PA
LN002013,2025-01-20,new_auto,29716.04,0.0587,84,432.26,740-779,7055.7,0.3144,0.8928,IL
LN002014,2023-06-20,used_auto,54870.35,0.0738,48,1323.63,700-739,4974.81,0.4862,1.1566,AZ
LN002015,2024-02-13,used_auto,49164.4,0.0748,60,984.69,700-739,3769.79,0.75,0.8141,FL
LN002016,2025-05-03,new_auto,26810.09,0.0556,48,624.24,780+,2948.24,0.75,0.9218,OH
LN002017,2023-11-09,new_auto,18407.66,0.1067,60,397.2,660-699,9974.46,0.2574,0.9484,AZ
LN002018,2023-12-22,used_auto,37086.16,0.0721,72,636.03,740-779,9633.94,0.2773,0.8477,GA
LN002019,2024-11-26,new_auto,15020.73,0.0678,72,254.5,780+,10304.63,0.0736,0.8958,MI
LN002020,2024-01-02,used_auto,26954.96,0.0678,72,456.71,740-779,8089.4,0.1106,1.2357,GA
LN002021,2023-10-29,used_auto,44060.94,0.1257,84,791.29,620-659,10825.73,0.2452,1.2037,GA
LN002022,2025-06-18,new_auto,43774.99,0.1174,48,1147.18,660-699,8159.75,0.3327,0.8729,AZ
LN002023,2023-10-30,new_auto,37658.1,0.0561,72,617.19,740-779,10086.16,0.1277,0.9039,OH
LN002024,2024-07-26,new_auto,36268.29,0.0671,84,542.26,780+,6768.37,0.3555,1.2296,GA
LN002025,2023-12-19,used_auto,22141.52,0.0512,60,419.06,740-779,9256.66,0.1184,0.9456,IL
LN002026,2023-01-09,refi_auto,14435.57,0.093,60,301.76,700-739,4310.74,0.5992,0.8562,MI
LN002027,2023-11-07,refi_auto,38433.27,0.1288,48,1028.78,620-659,4920.68,0.4278,1.2053,PA
LN002028,2023-08-26,used_auto,25501.17,0.1267,84,459.35,620-659,5475.31,0.1957,1.1708,PA
LN002029,2024-12-19,new_auto,47030.52,0.1491,72,992.16,620-659,5530.74,0.39,0.8457,IL
LN002030,2024-04-28,used_auto,26536.16,0.1998,48,807.22,<580,10430.25,0.1301,1.1227,NY
LN002031,2025-01-19,used_auto,37765.44,0.0529,60,717.71,780+,6289.91,0.2724,1.0891,NY
LN002032,2024-11-28,used_auto,41481.18,0.0746,72,716.41,700-739,4201.95,0.5717,0.9374,MI
LN002033,2023-02-26,refi_auto,12765.95,0.1535,72,272.37,580-619,6811.88,0.2973,1.0019,MI
LN002034,2023-08-24,used_auto,37926.41,0.0499,48,873.25,780+,4918.28,0.462,0.9212,MI
LN002035,2023-12-31,used_auto,14633.87,0.0782,72,255.29,700-739,3719.51,0.6431,1.0076,IL
LN002036,2023-08-25,used_auto,34840.58,0.126,72,692.06,620-659,9748.72,0.2481,0.8165,NC
LN002037,2023-09-03,new_auto,17176.08,0.1059,84,290.41,660-699,3481.8,0.6959,1.1098,AZ
LN002038,2024-07-24,used_auto,16564.33,0.0931,84,269.12,700-739,6949.43,0.3779,1.1654,CA
LN002039,2023-03-06,new_auto,33535.34,0.0959,72,614.36,660-699,9583.12,0.2057,0.9422,MI
LN002040,2025-04-05,used_auto,22369.29,0.1298,60,508.74,620-659,10397.97,0.2416,1.0172,PA
LN002041,2023-03-31,used_auto,48583.42,0.1907,84,1051.81,<580,4341.53,0.4759,0.9717,WA
LN002042,2023-08-03,used_auto,51875.22,0.1078,84,882.24,660-699,7628.57,0.1869,0.9397,GA
LN002043,2024-08-24,used_auto,20076.77,0.1613,84,400.25,580-619,4948.34,0.5645,0.8237,IL
LN002044,2023-08-28,new_auto,9735.77,0.0664,72,164.31,700-739,6733.46,0.2725,1.0391,AZ
LN002045,2024-10-28,new_auto,41100.77,0.0662,84,612.71,740-779,8241.28,0.2004,0.9294,OH
LN002046,2025-06-16,used_auto,32186.19,0.1055,84,543.52,660-699,7579.28,0.2516,1.0525,MI
LN002047,2023-04-24,refi_auto,23443.89,0.0713,72,401.16,740-779,8984.72,0.1201,1.0332,IL
LN002048,2024-10-16,new_auto,28732.05,0.1975,48,870.5,<580,9524.01,0.2025,1.0432,IL
LN002049,2023-09-26,used_auto,11851.62,0.0394,72,185.1,780+,8955.02,0.1953,1.2122,MI
LN002050,2024-06-19,used_auto,45355.84,0.0562,84,654.35,740-779,9036.51,0.1556,1.2477,CA
LN002051,2023-03-25,used_auto,37995.18,0.1863,72,880.17,<580,8966.28,0.3511,0.8513,IL
LN002052,2025-04-20,refi_auto,31109.15,0.1362,72,634.71,620-659,10551.13,0.1682,0.8051,TX
LN002053,2024-01-15,used_auto,51095.23,0.079,60,1033.58,740-779,9633.84,0.2505,1.0597,MI
LN002054,2024-11-03,refi_auto,51456.75,0.1676,60,1272.2,580-619,9549.52,0.2612,1.0826,MI
LN002055,2024-11-20,used_auto,8971.37,0.0717,48,215.54,740-779,9104.18,0.2293,0.8878,GA
LN002056,2025-05-23,used_auto,13727.45,0.1872,48,408.43,<580,2885.57,0.75,1.0397,IL
LN002057,2024-12-07,new_auto,38376.96,0.0485,48,881.19,780+,4795.46,0.4629,1.0583,PA
LN002058,2023-11-03,used_auto,12750.02,0.1351,48,345.29,620-659,3150.28,0.4655,1.1957,NY
LN002059,2024-03-26,new_auto,11274.9,0.0603,84,164.87,740-779,4486.26,0.4974,0.8629,CA
LN002060,2024-12-22,new_auto,41869.35,0.132,60,956.95,620-659,4513.68,0.4186,1.0784,TX
LN002061,2024-11-12,used_auto,53845.1,0.0943,84,878.11,700-739,3540.85,0.75,0.9314,NY
LN002062,2023-04-29,new_auto,26134.2,0.1913,84,566.73,<580,7458.42,0.2349,1.1554,CA
LN002063,2023-07-06,new_auto,52956.38,0.1084,60,1147.18,660-699,9674.22,0.3671,1.0122,NC
LN002064,2023-07-01,new_auto,35941.56,0.2099,84,819.69,<580,6160.85,0.3205,0.9122,PA
LN002065,2024-12-14,used_auto,20051.96,0.2045,84,450.73,<580,3427.66,0.75,1.0806,NC
LN002066,2023-05-08,new_auto,49907.25,0.049,72,801.44,780+,6158.68,0.29,1.2389,TX
LN002067,2024-03-08,used_auto,8057.45,0.1347,60,185.28,620-659,2867.83,0.3136,0.9889,FL
LN002068,2024-08-29,used_auto,12815.08,0.058,72,211.18,780+,6516.96,0.2723,1.0606,MI
LN002069,2025-05-31,refi_auto,35041.19,0.0673,48,834.72,740-779,6230.79,0.3402,1.1128,AZ
LN002070,2024-09-20,used_auto,40526.6,0.0501,60,764.97,740-779,4219.69,0.5558,1.1862,PA
LN002071,2023-12-03,new_auto,23035.35,0.1188,48,605.25,660-699,9816.56,0.1555,1.1741,PA
LN002072,2025-04-05,used_auto,47755.34,0.0537,72,777.32,740-779,10083.78,0.1214,1.2355,PA
LN002073,2023-11-09,refi_auto,45075.3,0.0617,72,750.65,780+,9160.41,0.3095,0.8158,NY
LN002074,2024-06-08,used_auto,50353.86,0.0802,60,1021.48,700-739,7296.69,0.3284,1.1363,NY
LN002075,2024-09-11,new_auto,21346.34,0.0642,48,505.44,740-779,9601.08,0.1159,1.1229,TX
LN002076,2023-05-17,new_auto,52721.15,0.0708,84,797.77,700-739,10748.46,0.1496,0.8575,MI
LN002077,2023-02-05,new_auto,9857.4,0.1279,60,223.23,620-659,9871.32,0.115,0.8382,WA
LN002078,2024-12-07,used_auto,14295.67,0.0731,72,245.86,700-739,3343.53,0.2304,1.1106,IL
LN002079,2023-03-19,new_auto,34556.23,0.0548,72,564.25,740-779,10982.21,0.1359,1.0479,TX
LN002080,2023-01-29,used_auto,22549.62,0.0936,60,472.04,700-739,3982.43,0.372,1.2285,IL
LN002081,2023-07-01,used_auto,15098.1,0.0617,72,251.43,740-779,9897.51,0.1935,0.8921,MI
LN002082,2024-11-20,used_auto,22031.72,0.1843,72,507.87,<580,2914.71,0.75,1.1123,NY
LN002083,2024-12-05,new_auto,33077.76,0.1687,48,952.24,580-619,4377.84,0.5011,0.9942,GA
LN002084,2023-02-02,used_auto,15017.54,0.132,60,343.23,620-659,3259.94,0.75,1.1506,IL
LN002085,2024-07-10,used_auto,26373.42,0.1141,60,578.83,660-699,3374.64,0.525,0.9842,IL
LN002086,2025-03-28,new_auto,30362.42,0.1894,48,906.88,<580,3585.39,0.5138,0.9501,IL
LN002087,2023-06-25,new_auto,29685.56,0.0575,48,693.77,780+,4353.95,0.6447,1.0945,FL
LN002088,2023-07-10,new_auto,46210.86,0.197,84,1017.84,<580,10053.72,0.2844,1.023,CA
LN002089,2023-04-24,used_auto,22862.03,0.2077,72,557.86,<580,8896.55,0.3036,1.2495,IL
LN002090,2023-05-29,used_auto,53327.41,0.1642,48,1522.81,580-619,6529.26,0.3977,0.9832,NY
LN002091,2023-05-28,new_auto,44966.37,0.0771,60,905.53,740-779,5756.48,0.2623,0.9788,MI
LN002092,2025-03-27,refi_auto,20684.27,0.1225,48,547.24,620-659,7583.4,0.2134,1.1705,NC
LN002093,2023-05-14,used_auto,9062.39,0.0592,84,132.04,780+,8060.73,0.1624,0.8425,NC
LN002094,2023-12-20,used_auto,36325.86,0.099,48,919.57,660-699,10758.19,0.2611,0.9217,WA
LN002095,2024-07-03,used_auto,13261.5,0.0911,48,330.71,660-699,3671.67,0.5989,0.9439,IL
LN002096,2025-04-01,new_auto,45854.89,0.0552,84,659.37,780+,10945.62,0.2381,1.1296,PA
LN002097,2023-01-10,new_auto,34132.12,0.0627,84,503.05,780+,3840.59,0.5007,1.2496,PA
LN002098,2024-08-01,new_auto,20164.44,0.0803,60,409.15,700-739,6394.24,0.3527,1.2394,CA
LN002099,2025-01-24,used_auto,37126.43,0.082,48,909.85,700-739,6384.9,0.2202,0.9816,WA
LN002100,2025-05-03,refi_auto,44121.14,0.0783,60,891.03,740-779,6022.91,0.5657,1.0814,NY
LN002101,2023-06-11,refi_auto,21094.32,0.0581,84,306.24,740-779,5017.44,0.5549,0.8176,CA
LN002102,2023-06-20,refi_auto,27280.27,0.1282,60,618.2,620-659,4013.88,0.7227,0.8757,NY
LN002103,2025-02-18,used_auto,52123.62,0.0545,48,1211.02,740-779,5746.09,0.4063,1.1954,NY
LN002104,2024-08-30,new_auto,33781.56,0.1913,72,792.22,<580,8898.97,0.3797,1.004,CA
LN002105,2023-01-24,new_auto,32491.34,0.088,48,805.47,700-739,3794.81,0.3867,1.1592,IL
LN002106,2024-04-12,refi_auto,26070.71,0.0616,60,505.96,780+,9527.28,0.1272,1.0225,WA
LN002107,2024-07-08,used_auto,52418.34,0.0673,84,784.23,740-779,8868.1,0.2868,0.9747,WA
LN002108,2023-02-21,used_auto,47604.33,0.0925,84,771.96,660-699,6736.24,0.2582,0.9102,TX
LN002109,2025-05-05,used_auto,53704.72,0.0545,60,1024.58,780+,4842.14,0.3482,0.8436,NY
LN002110,2024-12-11,new_auto,12517.7,0.0655,72,210.72,780+,3558.23,0.5452,1.0906,OH
LN002111,2025-05-18,new_auto,34946.56,0.1441,60,820.59,620-659,10776.78,0.1519,0.9169,AZ
LN002112,2024-08-11,used_auto,23225.27,0.1872,84,498.0,<580,6171.15,0.3047,0.9688,IL
LN002113,2023-03-01,new_auto,49856.83,0.0732,84,760.3,700-739,6341.93,0.2344,0.8242,PA
LN002114,2023-08-16,refi_auto,41887.83,0.1743,48,1218.01,580-619,8447.49,0.2312,0.862,PA
LN002115,2023-03-13,refi_auto,21582.34,0.09,84,347.24,660-699,3954.05,0.4844,1.0254,NC
LN002116,2023-08-16,new_auto,14389.33,0.1268,72,286.43,620-659,8024.82,0.1384,0.9402,MI
LN002117,2024-12-19,new_auto,21848.98,0.0438,48,497.05,780+,10938.42,0.1946,0.8628,MI
LN002118,2023-01-19,new_auto,27677.63,0.1521,60,661.5,580-619,9247.67,0.3466,0.9557,OH
LN002119,2024-02-23,refi_auto,13377.85,0.066,84,199.3,700-739,7733.24,0.1398,0.919,TX
LN002120,2023-06-29,new_auto,19388.24,0.1843,48,573.9,<580,3042.92,0.75,1.1355,NY
LN002121,2023-09-28,new_auto,42545.38,0.0668,84,635.49,780+,3362.88,0.3665,0.8132,PA
LN002122,2025-02-11,new_auto,42565.14,0.0631,72,711.67,740-779,4639.98,0.626,1.201,OH
LN002123,2023-08-13,used_auto,53620.32,0.1292,60,1217.83,620-659,10129.44,0.3722,0.9885,AZ
LN002124,2025-03-28,used_auto,9182.2,0.1387,72,188.57,620-659,4740.1,0.294,1.1236,AZ
LN002125,2024-05-17,refi_auto,22529.0,0.0644,72,378.07,780+,4726.0,0.4245,0.9898,GA
LN002126,2024-04-08,new_auto,22938.97,0.068,60,452.06,700-739,9573.61,0.2425,0.8825,TX
LN002127,2025-05-26,used_auto,41068.84,0.1016,72,764.15,660-699,10441.43,0.2765,1.2287,FL
LN002128,2023-10-04,new_auto,51550.1,0.1464,84,984.37,620-659,9788.87,0.2408,1.1853,IL
LN002129,2023-04-22,used_auto,11784.42,0.1248,48,313.11,620-659,8040.72,0.1876,0.8164,PA
LN002130,2023-11-11,used_auto,54690.82,0.1492,60,1298.8,620-659,4729.41,0.75,1.1653,TX
LN002131,2024-10-14,used_auto,42729.27,0.1314,60,975.29,620-659,10569.29,0.1615,0.9513,GA
LN002132,2024-11-06,used_auto,43306.87,0.0549,72,707.34,740-779,7513.62,0.1978,1.2365,WA
LN002133,2024-07-13,new_auto,46462.94,0.143,48,1276.67,620-659,8298.76,0.3644,1.1483,PA
LN002134,2025-03-18,new_auto,19706.65,0.2057,84,444.4,<580,4714.71,0.2843,1.1047,OH
LN002135,2024-02-19,refi_auto,45895.7,0.1117,72,877.58,660-699,7610.83,0.2892,0.8104,GA
LN002136,2025-06-18,used_auto,24323.88,0.123,48,644.13,620-659,10942.3,0.132,0.8724,MI
LN002137,2023-02-22,used_auto,21111.4,0.1441,60,495.72,620-659,4826.5,0.1989,1.1187,OH
LN002138,2025-06-12,refi_auto,27922.55,0.0897,60,579.22,700-739,6872.7,0.1746,1.1285,PA
LN002139,2024-09-29,refi_auto,17523.88,0.0919,60,365.38,660-699,3661.28,0.4775,1.1726,IL
LN002140,2023-04-30,new_auto,12204.88,0.0473,48,279.58,780+,4520.82,0.5975,1.0137,NY
LN002141,2025-02-06,used_auto,43134.31,0.1677,84,875.76,580-619,9047.81,0.2759,0.8205,CA
LN002142,2023-02-22,used_auto,49552.99,0.0437,72,783.65,780+,8406.69,0.3022,1.1381,WA
LN002143,2023-01-10,new_auto,38456.67,0.1154,84,669.44,660-699,9536.1,0.188,0.9641,AZ
LN002144,2024-07-25,new_auto,28564.83,0.1567,60,689.64,580-619,8590.58,0.1326,1.2152,PA
LN002145,2023-08-21,used_auto,32561.55,0.0651,60,637.26,700-739,9190.99,0.2562,0.8253,NC
LN002146,2023-05-13,used_auto,28057.34,0.1666,48,804.67,580-619,9189.42,0.2436,1.1757,NY
LN002147,2024-05-11,refi_auto,35639.7,0.0946,72,650.59,700-739,6745.2,0.4085,1.041,MI
LN002148,2024-07-14,new_auto,49280.41,0.0668,48,1172.78,740-779,10177.3,0.156,1.1592,TX
LN002149,2023-10-28,used_auto,25217.81,0.0756,48,610.45,700-739,2920.79,0.75,1.1011,NY
LN002150,2025-03-19,new_auto,49187.93,0.0789,60,994.77,740-779,10756.28,0.1545,1.0633,GA
LN002151,2024-03-29,used_auto,33919.84,0.0904,72,612.1,700-739,6066.97,0.338,0.975,AZ
LN002152,2023-04-02,new_auto,37127.96,0.0686,72,630.5,700-739,8515.25,0.3638,1.2245,MI
LN002153,2023-08-11,new_auto,27108.9,0.1889,60,701.58,<580,5984.84,0.1857,1.2175,NY
LN002154,2024-12-20,refi_auto,52884.58,0.1095,72,1005.26,660-699,10120.86,0.1729,1.1818,WA
LN002155,2023-01-25,used_auto,48688.02,0.0823,72,859.14,700-739,7243.0,0.2628,0.8297,TX
LN002156,2023-05-31,new_auto,27979.06,0.1443,48,770.62,620-659,9475.19,0.197,0.9029,CA
LN002157,2023-08-25,new_auto,30384.75,0.1009,84,505.84,660-699,8525.94,0.2106,1.1574,AZ
LN002158,2025-02-18,used_auto,23509.76,0.0593,48,551.37,740-779,3566.47,0.4678,1.1691,OH
LN002159,2024-07-19,used_auto,44129.25,0.0437,84,610.74,780+,9815.29,0.1304,1.0126,MI
LN002160,2023-04-11,used_auto,48618.69,0.1241,48,1290.13,620-659,10227.83,0.3605,0.9483,FL
LN002161,2024-10-16,used_auto,34451.0,0.1352,72,701.06,620-659,5770.7,0.2498,1.1843,TX
LN002162,2025-02-15,used_auto,29707.41,0.0568,84,429.44,740-779,2954.66,0.5008,0.9317,WA
LN002163,2023-01-28,used_auto,21168.63,0.0732,84,322.81,740-779,3959.04,0.3816,0.9987,NC
LN002164,2025-02-09,used_auto,29800.73,0.1308,72,599.48,620-659,8988.53,0.2288,1.2477,NY
LN002165,2024-03-28,used_auto,18176.11,0.1046,72,340.96,660-699,10825.34,0.1762,1.1493,OH
LN002166,2023-06-26,used_auto,31652.98,0.0597,84,461.95,740-779,8308.1,0.2053,0.8729,MI
LN002167,2023-11-04,used_auto,40206.81,0.1321,60,919.16,620-659,10126.72,0.1707,1.0323,TX
LN002168,2025-05-30,used_auto,14397.02,0.1034,84,241.54,660-699,8402.18,0.114,1.2255,WA
LN002169,2023-05-09,new_auto,42151.57,0.149,84,811.03,620-659,6702.28,0.4077,0.9612,NY
LN002170,2023-09-27,used_auto,31685.64,0.0533,48,734.44,780+,6132.78,0.426,0.8136,PA
LN002171,2023-08-29,used_auto,26489.06,0.0594,60,511.37,780+,3271.78,0.5036,0.9667,OH
LN002172,2023-12-02,used_auto,40303.3,0.2083,60,1086.49,<580,6688.98,0.4122,1.134,IL
LN002173,2023-03-01,used_auto,20096.5,0.0503,60,379.52,740-779,8390.85,0.2864,0.9852,WA
LN002174,2024-12-22,used_auto,29778.55,0.1113,72,568.79,660-699,4888.47,0.3945,0.8346,TX
LN002175,2024-04-11,used_auto,20204.58,0.1454,84,384.69,620-659,4522.47,0.3693,1.1768,WA
LN002176,2024-04-20,new_auto,16274.99,0.1483,60,385.73,620-659,6753.59,0.151,0.8338,MI
LN002177,2024-09-23,used_auto,36517.12,0.0941,48,915.86,700-739,6268.06,0.23,0.9325,PA
LN002178,2024-03-11,new_auto,47346.04,0.1021,60,1010.86,660-699,3065.53,0.5863,0.8466,IL
LN002179,2025-03-24,used_auto,45904.17,0.1856,60,1179.69,<580,8924.39,0.4223,1.2428,PA
LN002180,2024-07-13,refi_auto,49852.72,0.1855,84,1063.93,<580,5002.83,0.6571,0.8272,TX
LN002181,2024-04-01,used_auto,49526.29,0.0728,60,987.24,740-779,9411.03,0.1662,1.2157,TX
LN002182,2023-09-17,used_auto,52244.03,0.0477,60,980.41,780+,4511.16,0.5075,1.0065,OH
LN002183,2023-09-05,new_auto,13317.23,0.1143,60,292.41,660-699,7418.25,0.3254,0.995,PA
LN002184,2025-01-16,new_auto,34452.62,0.2022,72,829.64,<580,4932.9,0.319,0.9574,IL
LN002185,2024-05-20,used_auto,13110.11,0.0681,60,258.42,740-779,3843.21,0.5724,1.2461,FL
LN002186,2025-03-01,new_auto,50055.96,0.0685,84,751.81,700-739,4622.11,0.5596,0.9343,IL
LN002187,2025-06-02,new_auto,47030.92,0.0716,84,713.51,740-779,6040.09,0.305,0.8772,FL
LN002188,2024-04-08,new_auto,53929.83,0.0826,72,952.43,700-739,7912.12,0.3452,0.9681,WA
LN002189,2025-05-16,refi_auto,28437.91,0.2045,84,639.23,<580,8935.11,0.361,1.1391,TX
LN002190,2024-01-16,used_auto,39260.04,0.1777,60,992.04,580-619,7679.18,0.2288,1.1472,OH
LN002191,2023-07-17,new_auto,9531.0,0.0468,48,218.11,780+,7595.21,0.1316,0.8706,NY
LN002192,2023-12-06,new_auto,15885.32,0.1307,48,426.72,620-659,4062.51,0.4062,1.0934,MI
LN002193,2023-02-04,new_auto,37055.01,0.0719,72,635.14,740-779,5126.18,0.5436,1.1073,NY
LN002194,2025-03-05,used_auto,46218.49,0.0743,72,797.56,740-779,8500.17,0.1948,0.8871,NY
LN002195,2023-01-28,new_auto,47940.69,0.1318,60,1095.22,620-659,7655.18,0.2333,1.1653,MI
LN002196,2023-04-03,used_auto,54991.6,0.0719,60,1093.84,700-739,9619.56,0.3357,1.1387,FL
LN002197,2023-05-18,new_auto,44663.56,0.0615,84,655.69,780+,5367.07,0.5552,1.0705,TX
LN002198,2023-03-09,new_auto,31331.41,0.1559,84,615.01,580-619,6570.24,0.3514,0.925,TX
LN002199,2023-04-11,used_auto,48747.32,0.1092,60,1057.94,660-699,10193.83,0.2168,1.2437,IL
LN002200,2024-03-09,used_auto,11572.64,0.1569,84,227.82,580-619,5853.49,0.3788,0.8576,OH
LN002201,2024-12-19,new_auto,48093.21,0.1089,84,820.69,660-699,4865.37,0.2974,1.2076,TX
LN002202,2025-06-19,used_auto,29082.74,0.062,48,685.68,780+,2836.98,0.75,1.0969,PA
LN002203,2025-05-30,new_auto,14459.14,0.0408,60,266.81,780+,8582.23,0.0938,1.111,MI
LN002204,2024-11-13,new_auto,20732.57,0.1116,60,452.43,660-699,3623.01,0.6238,0.9348,TX
LN002205,2024-12-10,used_auto,51114.29,0.1038,60,1095.61,660-699,4939.61,0.5724,0.8571,WA
LN002206,2023-11-26,new_auto,53625.15,0.1351,60,1234.18,620-659,8607.21,0.2549,1.1591,WA
LN002207,2024-03-17,used_auto,35762.94,0.0611,48,841.7,780+,5280.59,0.4613,1.0217,NC
LN002208,2024-03-16,used_auto,17318.89,0.0713,60,344.0,700-739,9011.94,0.2263,1.2438,MI
LN002209,2023-10-09,refi_auto,52309.53,0.185,84,1114.82,<580,8674.58,0.3434,1.232,TX
LN002210,2023-11-25,new_auto,31662.44,0.0625,60,615.81,780+,9602.25,0.2299,1.2377,WA
LN002211,2024-11-05,used_auto,14343.86,0.1137,48,373.31,660-699,8865.18,0.1533,1.017,IL
LN002212,2023-06-22,used_auto,51426.96,0.0759,72,891.42,740-779,8844.33,0.166,1.0635,PA
LN002213,2024-02-20,new_auto,24467.06,0.1726,60,611.5,580-619,5691.88,0.4853,1.2202,FL
LN002214,2023-01-14,refi_auto,29019.44,0.0666,60,569.98,740-779,7629.66,0.1998,0.8811,CA
LN002215,2025-03-17,new_auto,15638.69,0.0777,48,380.1,740-779,5157.28,0.3959,1.0673,TX
LN002216,2025-04-30,used_auto,26537.69,0.0899,84,426.83,700-739,3126.01,0.553,0.8001,MI
LN002217,2023-01-20,new_auto,35293.49,0.0629,60,687.09,740-779,3347.38,0.75,1.0912,WA
LN002218,2023-07-01,new_auto,42654.22,0.1225,60,954.22,620-659,4814.0,0.63,1.0424,FL
LN002219,2023-01-22,used_auto,12401.37,0.1785,60,313.9,580-619,5935.04,0.1224,0.821,PA
LN002220,2025-05-10,used_auto,9751.78,0.162,84,194.8,580-619,3709.36,0.5667,0.9881,TX
LN002221,2023-06-27,used_auto,14100.56,0.0984,72,260.09,660-699,2884.65,0.6654,0.9027,NY
LN002222,2023-07-22,new_auto,46829.63,0.1398,60,1089.16,620-659,8321.03,0.2333,1.1903,GA
LN002223,2025-01-02,used_auto,45250.52,0.1578,48,1277.32,580-619,10712.98,0.2181,1.2224,CA
LN002224,2024-02-02,new_auto,46404.99,0.0935,60,971.19,660-699,6570.09,0.364,1.0963,PA
LN002225,2023-10-27,refi_auto,50031.89,0.1126,84,863.52,660-699,9840.96,0.175,0.913,FL
LN002226,2024-07-17,new_auto,21039.83,0.0779,48,511.57,700-739,6681.73,0.419,0.845,NC
LN002227,2023-06-22,new_auto,47772.85,0.1986,60,1261.97,<580,4213.97,0.75,0.8185,OH
LN002228,2023-12-10,used_auto,20530.61,0.073,84,312.88,700-739,4179.39,0.312,0.9928,NY
LN002229,2024-01-14,used_auto,20009.84,0.1071,48,514.35,660-699,4157.16,0.6826,1.1477,WA
LN002230,2024-03-20,used_auto,14430.33,0.1368,48,392.02,620-659,5103.17,0.3568,0.889,WA
LN002231,2023-11-17,new_auto,8568.13,0.0787,72,149.68,740-779,4662.52,0.5305,1.0816,NC
LN002232,2025-03-28,new_auto,12294.4,0.0718,60,244.49,740-779,5434.55,0.3574,0.8072,TX
LN002233,2024-02-25,new_auto,33080.63,0.0729,84,503.98,700-739,3209.27,0.6167,1.0914,WA
LN002234,2024-01-20,new_auto,31743.88,0.2072,72,773.66,<580,5061.62,0.4305,0.9783,CA
LN002235,2024-11-26,used_auto,38635.78,0.0907,84,622.99,700-739,4902.54,0.3945,1.0103,GA
LN002236,2024-06-15,used_auto,51456.97,0.077,48,1248.98,740-779,5815.49,0.3959,1.1123,MI
LN002237,2025-05-13,used_auto,34848.91,0.0782,60,703.61,740-779,6513.05,0.4817,0.8751,CA
LN002238,2025-02-09,used_auto,23722.51,0.2009,84,528.07,<580,2967.56,0.75,0.9635,GA
LN002239,2023-01-28,refi_auto,18711.0,0.1874,72,434.62,<580,10301.74,0.2075,0.9105,GA
LN002240,2023-05-19,used_auto,17916.55,0.1145,84,311.03,660-699,8546.91,0.3117,0.8541,FL
LN002241,2024-04-07,used_auto,49729.07,0.0643,72,834.29,740-779,9164.03,0.2822,1.147,PA
LN002242,2023-07-29,used_auto,18247.41,0.0878,48,452.18,700-739,5975.13,0.4193,1.0577,OH
LN002243,2025-03-28,new_auto,32206.75,0.0835,84,507.62,700-739,10896.77,0.0882,1.1797,AZ
LN002244,2023-09-26,new_auto,39525.05,0.1291,60,897.5,620-659,3939.79,0.3952,1.0049,AZ
LN002245,2023-07-30,used_auto,40907.46,0.0523,84,582.61,740-779,8398.91,0.233,0.9832,FL
LN002246,2023-07-01,used_auto,26904.3,0.0549,48,625.58,740-779,6691.45,0.4635,1.0611,PA
LN002247,2023-11-27,new_auto,54774.23,0.0745,60,1096.26,740-779,6822.41,0.4005,0.9884,NY
LN002248,2023-09-26,new_auto,12250.54,0.0721,48,294.55,740-779,7177.93,0.3488,0.9386,FL
LN002249,2023-12-01,new_auto,9419.73,0.1115,60,205.51,660-699,10774.3,0.074,1.147,OH
LN002250,2023-01-28,used_auto,40539.46,0.0684,72,688.05,700-739,9155.72,0.2655,0.9883,GA
LN002251,2023-06-16,new_auto,23978.99,0.0812,60,487.59,700-739,2816.33,0.5171,1.0733,OH
LN002252,2024-12-11,refi_auto,42897.46,0.1283,60,972.32,620-659,9456.13,0.3074,1.1523,AZ
LN002253,2024-01-21,new_auto,42059.92,0.0533,84,601.01,740-779,6916.38,0.4397,0.9739,AZ
LN002254,2025-03-01,new_auto,13353.2,0.1465,48,369.26,620-659,3644.24,0.6038,0.9137,IL
LN002255,2023-02-17,used_auto,50358.87,0.0586,48,1179.45,780+,5494.25,0.3674,1.0019,CA
LN002256,2024-06-09,refi_auto,53934.35,0.1024,72,1005.72,660-699,3148.76,0.75,0.8916,AZ
LN002257,2024-09-07,used_auto,50217.95,0.0938,48,1258.76,700-739,6524.95,0.3898,1.0379,GA
LN002258,2024-04-13,used_auto,44208.53,0.09,72,796.88,700-739,8968.58,0.1409,1.1828,FL
LN002259,2023-03-19,used_auto,53399.22,0.1185,60,1183.79,660-699,8061.0,0.3239,0.924,GA
LN002260,2024-02-06,used_auto,35839.81,0.0684,84,538.12,700-739,9840.35,0.1337,1.0125,FL
LN002261,2024-03-07,new_auto,14273.04,0.1805,48,419.64,<580,6541.57,0.3391,1.162,NY
LN002262,2024-06-18,refi_auto,21188.72,0.0716,84,321.45,700-739,7967.76,0.1413,0.9139,AZ
LN002263,2023-06-16,used_auto,8275.87,0.0554,72,135.37,740-779,9446.15,0.2734,0.8642,AZ
LN002264,2023-07-07,new_auto,36043.53,0.0566,60,691.14,780+,10645.96,0.1972,0.9119,PA
LN002265,2023-01-01,used_auto,27038.25,0.0635,48,639.34,780+,4849.39,0.3852,1.1425,FL
LN002266,2024-03-11,new_auto,25645.33,0.043,72,404.74,780+,3144.63,0.5042,1.1143,OH
LN002267,2023-09-06,new_auto,33041.06,0.1032,72,617.46,660-699,9186.85,0.1774,0.8073,GA
LN002268,2024-05-25,new_auto,49227.51,0.0653,60,963.88,740-779,3774.62,0.75,1.0565,NY
LN002269,2024-02-17,new_auto,41478.11,0.1023,60,885.99,660-699,10677.99,0.168,0.8173,NC
LN002270,2024-05-11,used_auto,32860.16,0.0735,48,792.22,700-739,3860.65,0.6402,1.0551,AZ
LN002271,2023-05-12,new_auto,10373.39,0.0467,84,145.01,780+,4313.05,0.6167,1.0537,TX
LN002272,2024-08-27,used_auto,53425.42,0.1185,84,938.82,660-699,4250.75,0.75,0.9696,IL
LN002273,2025-06-04,new_auto,50996.22,0.0831,60,1041.6,700-739,4565.76,0.6778,1.1307,GA
LN002274,2023-09-10,used_auto,31285.31,0.0833,72,553.59,700-739,10314.19,0.185,0.9355,OH
LN002275,2023-07-14,new_auto,52533.77,0.0892,60,1088.48,700-739,3584.29,0.5381,1.0375,IL
LN002276,2024-12-16,refi_auto,26915.19,0.1809,48,791.9,<580,5174.66,0.2515,1.2405,NC
LN002277,2023-08-21,new_auto,36996.17,0.0614,48,871.23,780+,10643.99,0.1825,1.0934,TX
LN002278,2023-11-26,used_auto,34509.08,0.0455,48,787.7,780+,2936.8,0.75,1.0587,FL
LN002279,2023-06-13,used_auto,30093.63,0.04,84,411.34,780+,8084.3,0.327,0.9727,WA
LN002280,2024-06-15,refi_auto,14365.32,0.0773,72,249.98,740-779,7892.89,0.2801,0.8681,FL
LN002281,2023-09-25,used_auto,9456.07,0.148,84,181.41,620-659,6310.48,0.4207,0.846,PA
LN002282,2023-05-15,used_auto,51022.56,0.0561,48,1189.16,780+,8122.09,0.4279,0.981,TX
LN002283,2024-03-16,used_auto,19562.23,0.2081,84,443.99,<580,7848.63,0.2222,1.2214,IL
LN002284,2023-11-11,used_auto,43611.7,0.1095,72,828.99,660-699,9766.51,0.1274,0.9116,NC
LN002285,2023-04-10,used_auto,22945.42,0.1489,60,544.55,620-659,6753.73,0.3414,1.1827,TX
LN002286,2023-03-30,used_auto,17233.12,0.1851,84,367.37,<580,10922.75,0.1407,0.9016,IL
LN002287,2024-04-15,new_auto,10114.46,0.0709,48,242.63,740-779,7644.45,0.2325,0.887,TX
LN002288,2023-01-01,used_auto,46087.16,0.1456,72,963.53,620-659,5055.51,0.4649,1.0475,OH
LN002289,2023-01-06,new_auto,43240.24,0.106,60,931.54,660-699,9150.63,0.2213,0.8296,WA
LN002290,2024-12-05,used_auto,11582.17,0.0727,48,278.8,740-779,9248.71,0.2232,1.2399,PA
LN002291,2023-12-27,refi_auto,12221.94,0.0709,60,242.53,740-779,9883.8,0.197,0.8353,GA
LN002292,2023-03-22,new_auto,36435.87,0.1222,72,716.5,620-659,6972.84,0.2688,1.0451,WA
LN002293,2023-09-12,new_auto,50074.28,0.0636,72,838.41,740-779,8690.17,0.2993,1.1011,IL
LN002294,2025-04-28,refi_auto,10203.88,0.0798,84,158.94,700-739,2822.08,0.4203,1.0645,TX
LN002295,2024-12-29,new_auto,22652.64,0.0662,48,538.46,740-779,10954.58,0.1356,1.2154,PA
LN002296,2025-01-18,new_auto,33362.5,0.1704,84,682.56,580-619,6027.98,0.2381,1.2229,TX
LN002297,2024-03-31,used_auto,46576.08,0.1366,72,951.28,620-659,7952.4,0.3617,0.8095,PA
LN002298,2024-03-23,new_auto,23119.71,0.0832,72,408.99,700-739,3542.45,0.75,0.9271,WA
LN002299,2024-04-24,refi_auto,41951.62,0.0753,84,644.09,700-739,3883.64,0.3003,0.8854,OH
LN002300,2024-07-25,new_auto,50670.5,0.147,84,969.27,620-659,6796.53,0.3651,1.2342,NC
LN002301,2025-01-10,new_auto,15904.82,0.0684,48,379.68,780+,7715.78,0.2764,1.0434,WA
LN002302,2024-01-23,refi_auto,48685.68,0.0674,60,958.07,700-739,8382.15,0.401,1.1648,CA
LN002303,2023-05-03,used_auto,34016.61,0.1968,72,808.5,<580,4136.68,0.5045,0.8839,CA
LN002304,2024-04-26,used_auto,21877.63,0.0786,60,442.14,700-739,4003.27,0.3827,1.0703,AZ
LN002305,2025-06-03,used_auto,20813.93,0.2013,72,500.12,<580,6738.03,0.3616,1.1555,PA
LN002306,2025-02-02,used_auto,14466.57,0.0842,60,296.25,700-739,3455.41,0.6795,0.9302,CA
LN002307,2024-02-22,used_auto,42272.15,0.0673,84,632.44,740-779,9986.47,0.2104,0.9744,FL
LN002308,2023-05-22,new_auto,23355.69,0.0618,84,343.21,780+,10367.36,0.1488,1.2393,WA
LN002309,2024-02-02,used_auto,22156.72,0.0939,84,360.88,660-699,9466.23,0.2912,0.8027,PA
LN002310,2024-01-15,new_auto,46192.24,0.1018,48,1175.55,660-699,6049.06,0.3473,1.1732,TX
LN002311,2023-05-04,used_auto,38130.34,0.1694,84,777.9,580-619,4981.05,0.24,1.0453,TX
LN002312,2024-01-09,used_auto,35841.16,0.0797,48,874.48,740-779,9405.05,0.191,0.813,FL
LN002313,2024-01-11,new_auto,15429.74,0.186,84,329.75,<580,9007.2,0.2199,1.1133,NY
LN002314,2023-05-17,used_auto,46745.85,0.0791,48,1139.23,740-779,3206.22,0.75,0.9937,NC
LN002315,2023-05-21,used_auto,31170.84,0.0989,72,575.74,660-699,4913.87,0.321,1.0836,TX
LN002316,2024-07-24,used_auto,53244.28,0.1284,72,1064.34,620-659,10390.98,0.1886,0.8408,TX
LN002317,2023-10-17,new_auto,33757.13,0.0767,72,586.45,700-739,7141.02,0.2254,1.1775,MI
LN002318,2023-11-19,used_auto,48746.92,0.1079,72,922.62,660-699,4025.15,0.5982,1.0228,WA
LN002319,2024-04-03,new_auto,53566.85,0.1023,84,895.65,660-699,9690.92,0.204,0.9904,TX
LN002320,2023-03-06,refi_auto,15250.38,0.1326,84,279.59,620-659,2931.49,0.3795,1.1599,MI
LN002321,2023-04-03,new_auto,25599.56,0.096,48,644.36,660-699,3356.38,0.4622,1.1266,GA
LN002322,2023-11-06,new_auto,27892.6,0.1004,84,463.63,660-699,7491.07,0.225,0.8807,CA
LN002323,2024-01-10,used_auto,22456.76,0.137,48,610.29,620-659,8619.17,0.3645,1.1294,NY
LN002324,2024-08-09,used_auto,40636.64,0.2096,84,926.02,<580,7584.9,0.2674,1.0071,WA
LN002325,2025-01-05,used_auto,32661.5,0.1973,84,719.99,<580,6364.76,0.433,0.9352,GA
LN002326,2023-09-28,used_auto,26252.13,0.0687,60,518.21,700-739,4397.43,0.37,1.0733,AZ
LN002327,2025-02-02,used_auto,33706.12,0.0652,84,500.84,700-739,3203.24,0.4088,0.9093,WA
LN002328,2023-07-10,used_auto,42358.72,0.1063,60,913.18,660-699,9815.42,0.3144,0.8451,FL
LN002329,2025-03-16,used_auto,30976.84,0.1865,60,797.6,<580,8459.67,0.2986,1.0156,AZ
LN002330,2023-09-03,used_auto,48448.72,0.1587,48,1369.83,580-619,4325.56,0.6943,0.86,FL
LN002331,2024-09-28,refi_auto,50101.17,0.0638,60,977.47,740-779,4917.96,0.4766,1.2133,WA
LN002332,2023-04-07,used_auto,48770.91,0.1696,48,1406.28,580-619,3920.62,0.75,0.8098,OH
LN002333,2023-11-01,new_auto,27894.15,0.0707,60,553.26,700-739,7033.38,0.2273,0.8956,NC
LN002334,2025-06-01,used_auto,32687.75,0.0917,48,816.08,700-739,9357.5,0.2436,1.1689,CA
LN002335,2024-12-07,new_auto,24078.54,0.1469,48,666.35,620-659,10301.68,0.198,0.9964,IL
LN002336,2023-09-09,new_auto,53091.72,0.0687,48,1268.15,700-739,8676.29,0.292,0.928,NY
LN002337,2023-08-12,new_auto,43643.3,0.0948,60,916.16,700-739,10291.61,0.2332,1.0103,NY
LN002338,2024-05-04,used_auto,42120.9,0.06,48,989.21,780+,10630.52,0.2138,0.9344,TX
LN002339,2023-06-23,used_auto,17744.76,0.0498,60,334.7,780+,5903.31,0.1373,1.0765,IL
LN002340,2023-02-24,new_auto,37618.2,0.0925,48,940.6,660-699,8050.57,0.3827,0.9339,FL
LN002341,2024-04-09,new_auto,39743.68,0.0651,84,590.36,780+,9208.31,0.1952,0.8752,GA
LN002342,2023-07-15,used_auto,8113.76,0.1778,60,205.07,580-619,2913.11,0.2379,1.118,PA
LN002343,2025-01-16,used_auto,47806.63,0.0893,84,767.47,700-739,10040.91,0.2906,1.2256,CA
LN002344,2024-12-16,used_auto,22807.88,0.1346,60,524.34,620-659,3656.79,0.75,1.2414,IL
LN002345,2023-02-05,used_auto,47416.21,0.0862,48,1171.42,700-739,4913.04,0.7291,1.0277,IL
LN002346,2025-04-23,refi_auto,46251.78,0.0504,72,745.74,740-779,7697.17,0.3776,0.8934,GA
LN002347,2023-05-14,used_auto,18174.48,0.054,60,346.32,740-779,10797.95,0.1215,0.9715,CA
LN002348,2023-10-23,used_auto,41082.77,0.1764,48,1199.09,580-619,8216.37,0.4383,0.9483,PA
LN002349,2025-06-15,new_auto,8765.33,0.06,60,169.46,780+,8417.46,0.1819,1.1146,FL
LN002350,2024-10-14,new_auto,35804.18,0.1659,72,788.34,580-619,10500.18,0.1761,1.172,FL
LN002351,2023-05-12,used_auto,43086.59,0.1109,48,1115.48,660-699,9747.41,0.3302,1.0369,NY
LN002352,2023-03-20,used_auto,38499.78,0.0917,72,697.23,660-699,3352.62,0.6699,0.973,WA
LN002353,2025-06-09,used_auto,35050.12,0.1311,72,705.64,620-659,6633.82,0.4915,1.0698,OH
LN002354,2023-07-17,used_auto,23254.66,0.1029,84,389.55,660-699,7912.96,0.2575,1.1586,AZ
LN002355,2025-05-09,refi_auto,48246.85,0.0907,84,777.96,700-739,4064.16,0.5036,0.8537,PA
LN002356,2023-11-23,refi_auto,27607.5,0.1915,60,718.43,<580,2860.75,0.7129,0.9603,WA
LN002357,2024-05-20,used_auto,52700.91,0.0999,84,874.63,660-699,5444.28,0.5378,0.9613,MI
LN002358,2024-06-17,refi_auto,19973.99,0.1929,48,600.29,<580,2856.16,0.6479,1.0009,GA
LN002359,2023-06-07,refi_auto,21685.0,0.0517,48,501.06,740-779,6200.73,0.2705,0.9463,FL
LN002360,2025-05-03,refi_auto,20220.57,0.0621,84,297.43,780+,10450.22,0.0678,1.1608,NY
LN002361,2025-01-17,used_auto,33117.3,0.1328,60,758.28,620-659,9659.28,0.3068,1.1903,CA
LN002362,2024-06-08,refi_auto,27185.84,0.0914,72,491.93,660-699,9441.1,0.1569,1.2123,AZ
LN002363,2024-09-15,new_auto,45473.74,0.1,48,1153.33,660-699,7232.57,0.4386,0.9005,OH
LN002364,2024-05-11,new_auto,39394.75,0.0504,84,557.54,740-779,8031.35,0.3449,1.014,IL
LN002365,2024-06-23,new_auto,20818.59,0.0687,72,353.64,780+,3698.03,0.4195,1.0742,TX
LN002366,2023-01-15,refi_auto,29809.82,0.1306,84,543.27,620-659,8964.69,0.226,1.2445,IL
LN002367,2024-07-15,used_auto,52807.02,0.1372,48,1435.62,620-659,10083.82,0.3096,1.0826,TX
LN002368,2023-02-15,refi_auto,8051.22,0.1715,72,179.78,580-619,5016.17,0.401,1.1639,NY
LN002369,2023-01-18,used_auto,32930.97,0.0682,60,649.28,780+,5523.41,0.3016,1.1787,NC
LN002370,2024-04-16,new_auto,9920.84,0.1229,84,176.67,620-659,8252.9,0.1955,1.0397,MI
LN002371,2025-01-08,refi_auto,13342.9,0.0743,84,204.2,700-739,8850.08,0.3152,1.109,FL
LN002372,2024-06-10,used_auto,43466.89,0.1239,72,858.63,620-659,9251.0,0.2597,0.9784,OH
LN002373,2024-01-05,used_auto,19500.55,0.173,60,487.79,580-619,10762.81,0.1703,1.1316,WA
LN002374,2023-04-12,used_auto,43566.97,0.07,84,657.54,700-739,9676.88,0.1758,1.0324,NC
LN002375,2024-01-16,new_auto,26934.19,0.1453,60,634.14,620-659,8189.07,0.2988,1.1066,CA
LN002376,2024-01-26,used_auto,49995.56,0.0619,84,734.93,780+,7235.24,0.2023,1.1505,MI
LN002377,2024-04-16,used_auto,27473.01,0.0665,48,653.42,740-779,10455.23,0.296,0.906,WA
LN002378,2024-11-26,used_auto,13595.21,0.1687,48,391.38,580-619,10841.71,0.2524,0.9026,IL
LN002379,2024-10-04,used_auto,45439.07,0.2094,72,1113.29,<580,9556.16,0.3593,1.1215,AZ
LN002380,2025-03-21,used_auto,33952.89,0.1143,84,589.06,660-699,7563.58,0.3353,0.8318,NC
LN002381,2023-03-09,new_auto,17518.68,0.1057,48,449.13,660-699,9712.54,0.2571,1.0082,MI
LN002382,2024-10-04,new_auto,36318.82,0.0817,72,639.81,700-739,5830.67,0.551,1.1429,GA
LN002383,2023-01-18,used_auto,17874.6,0.1579,84,352.89,580-619,6170.4,0.3092,1.1876,AZ
LN002384,2024-09-09,new_auto,19176.38,0.102,48,488.21,660-699,4279.33,0.6886,1.1539,TX
LN002385,2024-06-19,new_auto,12146.14,0.0914,48,303.07,700-739,4068.43,0.4795,1.1551,AZ
LN002386,2023-01-08,used_auto,43833.64,0.1053,60,942.81,660-699,9486.93,0.1477,1.1724,GA
LN002387,2025-03-09,used_auto,53389.03,0.0911,48,1331.38,660-699,3186.02,0.75,0.8988,FL
LN002388,2025-05-19,new_auto,34004.13,0.0918,60,708.84,700-739,5054.19,0.5269,1.0982,GA
LN002389,2024-09-20,used_auto,29343.71,0.0664,72,495.22,700-739,3162.76,0.6245,1.0071,GA
LN002390,2024-05-13,used_auto,48656.47,0.0799,60,986.34,740-779,5574.22,0.5212,0.806,NC
LN002391,2024-11-28,new_auto,16028.0,0.1442,60,376.44,620-659,3621.23,0.4145,1.0845,MI
LN002392,2024-06-12,refi_auto,24801.39,0.1093,84,423.75,660-699,7866.51,0.2936,1.1326,OH
LN002393,2024-05-09,new_auto,10101.49,0.061,60,195.76,740-779,3658.3,0.2088,0.8288,TX
LN002394,2024-03-30,used_auto,43369.51,0.0931,72,788.45,700-739,9776.82,0.1662,1.0411,CA
LN002395,2025-06-12,used_auto,46499.37,0.1433,48,1278.37,620-659,8897.97,0.3327,0.9971,NC
LN002396,2024-06-08,used_auto,49064.39,0.0693,72,834.85,700-739,9395.23,0.2784,0.9607,OH
LN002397,2023-11-02,refi_auto,35001.73,0.1288,60,794.25,620-659,9519.1,0.2233,1.1853,TX
LN002398,2023-05-02,new_auto,14331.49,0.1896,60,371.45,<580,9018.74,0.209,0.8937,MI
LN002399,2024-07-26,used_auto,29291.28,0.0925,60,611.6,700-739,8232.88,0.1853,1.0291,WA
LN002400,2025-04-21,new_auto,34551.94,0.1227,72,680.36,620-659,10358.49,0.2449,1.0891,NY
LN002401,2024-07-04,new_auto,25668.02,0.1498,72,542.47,620-659,3365.58,0.5068,1.1325,NY
LN002402,2024-12-27,used_auto,9126.4,0.079,60,184.61,700-739,5259.11,0.4436,1.181,OH
LN002403,2024-05-13,used_auto,24232.71,0.109,72,460.01,660-699,7267.11,0.3152,1.2147,OH
LN002404,2023-06-19,refi_auto,36658.69,0.0627,84,540.29,740-779,2824.09,0.3432,0.8727,CA
LN002405,2023-11-04,new_auto,34533.57,0.0922,72,626.26,660-699,10108.17,0.123,1.1545,OH
LN002406,2024-04-05,used_auto,49799.88,0.0862,72,888.31,700-739,9501.85,0.1827,1.0191,OH
LN002407,2023-09-05,refi_auto,35800.09,0.2016,60,951.67,<580,7195.32,0.2761,1.0866,NY
LN002408,2024-10-23,new_auto,15123.44,0.0789,72,264.35,740-779,10747.8,0.2151,1.0588,IL
LN002409,2024-01-22,used_auto,13479.03,0.1167,84,235.57,660-699,5892.31,0.2795,1.0699,GA
LN002410,2023-02-02,refi_auto,8070.3,0.1199,84,142.42,660-699,10305.22,0.112,1.1651,FL
LN002411,2023-08-02,used_auto,14281.06,0.071,60,283.46,740-779,5003.05,0.3953,0.8178,WA
LN002412,2024-04-08,used_auto,18373.24,0.1026,72,342.79,660-699,7861.02,0.099,1.0135,IL
LN002413,2023-09-09,new_auto,22308.17,0.2044,48,684.09,<580,5049.65,0.2264,0.8739,MI
LN002414,2023-04-23,new_auto,26586.29,0.1908,72,622.72,<580,3948.92,0.7097,1.1661,PA
LN002415,2024-10-10,used_auto,14027.31,0.0965,72,257.4,660-699,8827.53,0.2347,1.2021,MI
LN002416,2023-11-02,used_auto,38049.86,0.1046,84,640.75,660-699,5880.16,0.5065,1.1654,IL
LN002417,2023-12-18,new_auto,48340.8,0.2038,72,1168.57,<580,2820.34,0.6957,1.1607,CA
LN002418,2024-07-16,refi_auto,47091.94,0.0735,72,810.81,740-779,9191.8,0.3532,0.9151,GA
LN002419,2023-03-09,new_auto,50798.43,0.0969,48,1280.83,660-699,5265.66,0.6347,1.2305,OH
LN002420,2023-06-02,new_auto,42367.11,0.0599,72,701.95,780+,8430.43,0.207,1.1733,MI
LN002421,2025-06-14,new_auto,44738.38,0.1937,84,976.57,<580,7635.09,0.2716,0.8286,WA
LN002422,2023-02-23,new_auto,23144.84,0.1873,84,496.41,<580,8135.18,0.2251,1.0312,WA
LN002423,2023-03-28,used_auto,10425.12,0.068,84,156.33,700-739,10713.24,0.0695,0.8928,MI
LN002424,2024-05-12,new_auto,18755.48,0.1944,84,410.19,<580,4200.81,0.2473,1.1601,PA
LN002425,2025-05-09,used_auto,10130.85,0.2001,72,242.72,<580,6270.61,0.1477,1.1424,TX
LN002426,2025-04-08,used_auto,47379.07,0.0943,84,772.67,660-699,9540.14,0.2743,0.91,WA
LN002427,2023-07-09,refi_auto,16422.68,0.2023,48,501.76,<580,6114.8,0.1665,0.8879,PA
LN002428,2023-10-23,new_auto,38410.5,0.1183,48,1008.29,660-699,8337.3,0.4105,0.8621,WA
LN002429,2025-01-26,new_auto,15209.92,0.1921,84,330.56,<580,3100.68,0.4591,0.9152,IL
LN002430,2023-05-19,new_auto,54205.88,0.0771,60,1091.59,700-739,4487.61,0.6952,0.8633,FL
LN002431,2023-05-24,new_auto,23017.26,0.1461,60,542.88,620-659,4310.35,0.3086,0.9676,AZ
LN002432,2023-08-03,refi_auto,42740.53,0.2027,48,1306.77,<580,3733.75,0.5795,1.0404,NY
LN002433,2023-09-07,new_auto,38161.89,0.0759,84,587.03,700-739,10633.93,0.117,0.8966,WA
LN002434,2023-11-02,new_auto,48416.16,0.0854,72,861.71,700-739,3835.17,0.5035,1.0253,OH
LN002435,2025-01-17,used_auto,8233.9,0.0729,84,125.44,700-739,6321.07,0.1763,1.1354,IL
LN002436,2024-11-08,new_auto,43266.65,0.0581,84,628.13,780+,7925.84,0.3704,0.9091,IL
LN002437,2024-12-05,used_auto,16335.31,0.0792,60,330.6,700-739,5720.93,0.4487,0.8415,FL
LN002438,2023-06-11,refi_auto,27001.36,0.0634,48,638.35,780+,4993.59,0.5445,0.9755,MI
LN002439,2024-01-14,refi_auto,32012.16,0.0686,84,480.96,740-779,6215.21,0.179,1.0127,NY
LN002440,2024-02-08,used_auto,40804.55,0.1248,84,730.83,620-659,9175.13,0.3508,1.2157,GA
LN002441,2024-07-18,used_auto,23889.0,0.0668,84,356.82,740-779,3843.71,0.5597,1.1446,MI
LN002442,2023-12-13,new_auto,17519.75,0.0773,84,270.72,740-779,6849.6,0.2882,0.934,NC
LN002443,2023-08-18,used_auto,48580.33,0.2009,84,1081.42,<580,10597.4,0.2944,1.0462,MI
LN002444,2023-04-14,refi_auto,21471.1,0.1365,84,398.23,620-659,4820.08,0.4293,0.9858,GA
LN002445,2025-03-17,new_auto,34578.82,0.0677,60,680.96,740-779,7850.47,0.3484,1.1415,AZ
LN002446,2023-07-21,new_auto,48440.87,0.2002,48,1474.59,<580,3632.35,0.75,1.0319,WA
LN002447,2025-03-04,new_auto,9086.71,0.1142,84,157.6,660-699,3872.55,0.1775,1.111,TX
LN002448,2024-08-10,new_auto,36836.6,0.0634,48,870.86,780+,7358.64,0.2145,1.1294,NY
LN002449,2024-02-11,refi_auto,54015.15,0.1619,60,1319.0,580-619,7655.66,0.3101,1.148,FL
LN002450,2024-02-20,new_auto,14775.04,0.1373,60,341.72,620-659,5986.52,0.3821,0.955,NY
LN002451,2024-06-01,new_auto,13117.58,0.0432,72,207.15,780+,2893.05,0.5106,1.0577,AZ
LN002452,2024-02-24,used_auto,16531.54,0.1924,84,359.58,<580,8692.56,0.2309,0.8398,NC
LN002453,2024-02-03,new_auto,40050.62,0.0555,60,765.94,780+,5494.82,0.4524,0.8148,CA
LN002454,2025-02-18,used_auto,34847.3,0.1534,60,835.25,580-619,7455.03,0.246,1.0633,CA
LN002455,2024-12-03,new_auto,53686.95,0.1265,84,966.48,620-659,9632.49,0.2919,0.8923,OH
LN002456,2024-03-20,new_auto,10142.75,0.0819,72,178.78,700-739,3526.61,0.2028,0.832,NC
LN002457,2024-11-01,new_auto,54716.85,0.0923,48,1367.61,700-739,3650.58,0.4905,0.9273,WA
LN002458,2023-02-09,used_auto,44267.98,0.0664,72,747.1,700-739,8180.49,0.3884,1.2021,FL
LN002459,2023-03-16,used_auto,27609.77,0.0775,48,670.8,700-739,6114.43,0.371,0.8148,IL
LN002460,2023-11-06,new_auto,14785.83,0.0936,60,309.52,700-739,4914.1,0.5452,1.2205,PA
LN002461,2024-11-18,new_auto,10815.94,0.1296,48,289.95,620-659,6288.83,0.353,1.0545,CA
LN002462,2025-05-25,refi_auto,35808.88,0.0962,84,587.46,660-699,3281.84,0.518,1.0162,WA
LN002463,2023-01-17,used_auto,13452.29,0.0653,48,319.21,780+,7580.33,0.1847,1.1814,FL
LN002464,2024-04-15,used_auto,48769.29,0.1248,48,1295.81,620-659,5172.49,0.3786,1.1782,AZ
LN002465,2024-05-17,new_auto,30775.21,0.1409,60,717.52,620-659,10751.97,0.2014,1.0295,GA
LN002466,2023-04-24,used_auto,36444.23,0.1272,48,972.65,620-659,3107.58,0.75,0.9357,AZ
LN002467,2023-02-19,new_auto,35146.98,0.0476,60,659.41,780+,8059.61,0.1639,0.9278,CA
LN002468,2024-02-02,new_auto,23769.23,0.0599,84,347.12,740-779,7693.86,0.221,1.0979,CA
LN002469,2023-03-18,new_auto,24186.52,0.095,72,442.0,660-699,4239.1,0.5391,1.1328,TX
LN002470,2024-06-17,used_auto,30868.26,0.1743,84,638.51,580-619,7586.75,0.3101,1.0761,PA
LN002471,2024-10-05,used_auto,26350.06,0.0475,60,494.25,780+,10845.53,0.0887,0.8477,WA
LN002472,2023-05-30,used_auto,24349.8,0.0699,84,367.38,740-779,4507.3,0.348,1.0272,FL
LN002473,2023-09-23,used_auto,29417.18,0.1017,60,627.49,660-699,9035.46,0.2018,0.9651,GA
LN002474,2024-01-23,used_auto,39176.83,0.0415,72,615.61,780+,3712.1,0.4055,1.2441,PA
LN002475,2024-10-15,refi_auto,48473.86,0.0728,84,738.25,700-739,9179.84,0.1486,0.8023,GA
LN002476,2024-02-22,used_auto,39598.84,0.1196,48,1042.01,660-699,6784.06,0.3865,0.8035,FL
LN002477,2023-06-29,used_auto,13720.59,0.1461,60,323.61,620-659,3948.06,0.2629,0.8666,PA
LN002478,2024-09-01,new_auto,21052.75,0.1598,60,511.74,580-619,7113.27,0.2389,1.0727,OH
LN002479,2025-03-11,new_auto,9833.65,0.2025,72,236.97,<580,6509.44,0.3691,0.9027,CA
LN002480,2023-05-30,refi_auto,24310.38,0.0509,72,392.53,740-779,4392.77,0.6648,1.2247,FL
LN002481,2024-01-04,used_auto,14168.84,0.0748,84,217.19,740-779,5172.0,0.3914,1.2212,NC
LN002482,2023-01-25,new_auto,43681.03,0.0807,48,1067.82,700-739,3846.53,0.6907,1.1832,OH
LN002483,2023-05-10,new_auto,48735.93,0.1783,60,1233.07,580-619,5270.51,0.5658,1.1922,PA
LN002484,2023-05-12,new_auto,38821.97,0.0586,84,564.53,740-779,9358.91,0.1707,1.1977,PA
LN002485,2024-07-26,new_auto,31967.15,0.1967,60,841.07,<580,2985.1,0.5794,0.955,AZ
LN002486,2024-09-27,new_auto,54783.18,0.0639,48,1296.4,740-779,8274.6,0.2309,1.1708,WA
LN002487,2024-07-19,used_auto,51764.66,0.0661,84,771.44,780+,7689.34,0.1563,1.1664,MI
LN002488,2023-07-11,refi_auto,44859.65,0.0568,72,736.7,780+,8522.56,0.1388,1.1418,IL
LN002489,2024-09-14,new_auto,27697.79,0.0679,48,660.56,780+,8453.66,0.219,0.869,PA
LN002490,2024-01-16,used_auto,42210.72,0.1017,84,704.46,660-699,6569.52,0.2463,1.1403,NC
LN002491,2023-11-03,new_auto,22962.33,0.0523,48,531.2,780+,10396.84,0.1781,1.0521,IL
LN002492,2023-06-14,new_auto,24812.57,0.0581,72,408.99,780+,4394.5,0.546,1.0772,AZ
LN002493,2025-04-11,used_auto,20659.6,0.0788,84,320.77,700-739,9849.39,0.1135,1.1612,TX
LN002494,2023-02-02,used_auto,19298.25,0.0692,72,328.28,700-739,4227.69,0.3291,0.8021,OH
LN002495,2023-12-02,used_auto,22467.27,0.2016,72,540.24,<580,4822.12,0.5933,1.0702,PA
LN002496,2024-01-23,used_auto,47754.69,0.1075,48,1228.46,660-699,5950.22,0.5821,1.0534,TX
LN002497,2024-11-22,new_auto,29252.38,0.1572,60,707.02,580-619,4617.31,0.3086,1.1577,IL
LN002498,2025-04-28,new_auto,18445.33,0.1225,60,412.64,620-659,7107.96,0.1844,0.9258,FL
LN002499,2023-06-10,used_auto,50526.59,0.0857,48,1247.07,700-739,6429.5,0.2901,0.933,IL
LN002500,2023-06-30,new_auto,22195.67,0.1622,60,542.35,580-619,10222.41,0.1695,0.9083,GA
LN002501,2023-02-03,new_auto,48346.58,0.115,84,840.58,660-699,4614.58,0.329,0.9597,NY
LN002502,2024-11-18,new_auto,15373.9,0.1514,72,326.25,580-619,2862.24,0.37,0.9881,IL
LN002503,2023-01-03,used_auto,38220.39,0.1863,60,983.69,<580,6813.15,0.3604,1.0717,TX
LN002504,2025-01-02,new_auto,35343.06,0.0752,48,854.89,700-739,5889.62,0.2819,0.9532,WA
LN002505,2024-08-16,used_auto,11007.55,0.0872,72,196.89,700-739,10752.59,0.1188,1.1272,IL
LN002506,2023-08-28,new_auto,8022.11,0.0738,72,138.24,740-779,8761.04,0.3069,0.8615,CA
LN002507,2023-10-22,used_auto,30029.98,0.0665,48,714.24,780+,5135.88,0.3784,0.9985,NY
LN002508,2023-03-24,used_auto,13558.68,0.0989,72,250.43,660-699,4405.66,0.4544,1.2106,AZ
LN002509,2025-02-16,used_auto,53552.23,0.1113,72,1022.89,660-699,3278.99,0.5526,1.0119,GA
LN002510,2025-03-27,new_auto,35048.44,0.1966,72,832.62,<580,6709.68,0.2017,1.098,WA
LN002511,2023-01-25,new_auto,19557.6,0.0853,84,310.02,700-739,6723.38,0.2846,1.2173,GA
LN002512,2023-12-31,used_auto,28096.17,0.0751,60,563.12,700-739,4039.58,0.6109,0.8554,IL
LN002513,2024-05-24,refi_auto,25791.89,0.1691,72,572.48,580-619,8106.4,0.2197,0.8993,CA
LN002514,2023-12-11,used_auto,36494.88,0.1858,48,1083.13,<580,3037.13,0.75,1.0041,NY
LN002515,2024-03-23,used_auto,50669.6,0.0695,60,1002.12,700-739,8564.92,0.1825,0.8644,MI
LN002516,2024-12-31,used_auto,48018.47,0.0764,60,965.39,700-739,3839.84,0.6299,1.234,OH
LN002517,2023-08-04,used_auto,17480.16,0.1705,84,357.73,580-619,5608.49,0.1632,1.2434,PA
LN002518,2024-03-14,new_auto,44610.33,0.17,48,1287.23,580-619,9479.11,0.3646,0.8737,GA
LN002519,2023-10-14,used_auto,48692.54,0.1463,72,1019.85,620-659,3321.63,0.5232,0.8824,MI
LN002520,2024-09-20,new_auto,45966.53,0.0465,72,732.85,780+,8315.66,0.2193,1.1381,NC
LN002521,2023-10-22,new_auto,28740.48,0.0478,84,403.25,780+,4109.89,0.3446,1.161,WA
LN002522,2024-08-04,new_auto,22420.87,0.1088,72,425.38,660-699,2847.67,0.6091,0.8583,GA
LN002523,2025-06-15,used_auto,23688.73,0.1233,48,627.66,620-659,9904.22,0.2739,1.1378,GA
LN002524,2024-12-02,new_auto,52398.92,0.0722,48,1260.11,740-779,7833.89,0.376,0.897,OH
LN002525,2023-10-27,new_auto,35049.82,0.059,72,579.22,740-779,10188.48,0.1363,1.1543,NC
LN002526,2024-08-03,refi_auto,40409.95,0.1156,48,1055.44,660-699,5152.37,0.4297,1.0217,NC
LN002527,2024-06-26,new_auto,13462.22,0.0656,48,319.63,740-779,6563.43,0.1779,1.0924,FL
LN002528,2023-06-09,used_auto,39989.81,0.2084,60,1078.26,<580,9148.2,0.208,1.0903,WA
LN002529,2024-02-09,used_auto,41048.53,0.1895,84,885.76,<580,6803.55,0.4367,1.0004,NY
LN002530,2025-03-23,new_auto,14609.36,0.1159,84,254.7,660-699,4443.78,0.2032,1.2448,FL
LN002531,2023-09-17,refi_auto,10303.49,0.2066,72,250.76,<580,6927.71,0.1792,0.9745,PA
LN002532,2024-12-08,refi_auto,17988.26,0.1455,84,342.59,620-659,2988.12,0.75,0.8749,PA
LN002533,2023-09-17,used_auto,42783.11,0.0676,60,842.32,700-739,5925.76,0.5259,1.0881,IL
LN002534,2024-08-04,refi_auto,49205.28,0.057,48,1148.83,780+,7410.79,0.319,0.9887,WA
LN002535,2023-08-09,new_auto,16826.47,0.0578,72,277.12,740-779,9061.5,0.0974,1.0538,MI
LN002536,2023-12-20,used_auto,49829.95,0.18,48,1463.75,<580,10171.16,0.2463,0.8494,PA
LN002537,2024-10-16,refi_auto,38187.24,0.0662,48,907.72,740-779,4577.24,0.5375,1.0293,WA
LN002538,2024-06-05,new_auto,37988.7,0.0518,48,877.95,740-779,5029.9,0.282,0.9826,MI
LN002539,2024-04-14,new_auto,23518.12,0.1957,48,710.29,<580,5050.41,0.5011,1.0148,MI
LN002540,2023-10-16,new_auto,9976.95,0.1092,48,257.47,660-699,10361.83,0.1731,0.943,NC
LN002541,2024-04-18,used_auto,29187.74,0.1579,48,824.05,580-619,10688.95,0.2397,0.8696,AZ
LN002542,2024-01-10,refi_auto,32774.42,0.1668,60,808.9,580-619,6766.61,0.2121,0.842,PA
LN002543,2024-01-30,used_auto,45545.16,0.0683,48,1087.05,780+,3498.54,0.75,1.172,NC
LN002544,2023-11-25,used_auto,32501.86,0.1099,60,706.51,660-699,6193.35,0.3479,0.8188,TX
LN002545,2023-12-02,refi_auto,17746.83,0.0957,72,324.94,660-699,8077.72,0.108,0.9565,NC
LN002546,2023-06-17,used_auto,19604.95,0.0786,60,396.21,740-779,7543.72,0.2786,1.1425,OH
LN002547,2024-07-06,used_auto,14675.23,0.164,84,294.83,580-619,5548.24,0.1424,1.1066,OH
LN002548,2025-03-18,used_auto,30789.24,0.0651,48,730.31,780+,9481.26,0.2994,0.8029,PA
LN002549,2023-09-19,new_auto,46809.4,0.0954,84,766.01,660-699,6325.98,0.3791,1.0913,MI
LN002550,2024-03-12,used_auto,42716.66,0.1818,72,978.62,<580,3831.41,0.6572,1.2245,CA
LN002551,2025-01-09,new_auto,33585.32,0.0635,48,794.15,780+,7188.4,0.3388,1.0124,TX
LN002552,2025-02-03,used_auto,18516.73,0.091,60,385.28,700-739,10591.07,0.2389,1.0111,CA
LN002553,2025-03-09,used_auto,21747.0,0.1596,84,431.45,580-619,8150.28,0.3508,0.8893,IL
LN002554,2024-11-22,used_auto,11898.38,0.1822,60,303.57,<580,8673.89,0.1518,0.8871,OH
LN002555,2024-04-25,refi_auto,53322.66,0.1005,84,886.6,660-699,9759.88,0.2878,1.0012,CA
LN002556,2024-01-21,used_auto,44834.05,0.0771,48,1088.44,740-779,8358.42,0.3314,1.0136,MI
LN002557,2024-11-28,used_auto,44278.39,0.0621,84,651.31,740-779,6135.1,0.186,1.0742,GA
LN002558,2025-04-23,new_auto,21515.89,0.073,48,518.22,700-739,7842.94,0.2199,0.8727,OH
LN002559,2023-07-06,refi_auto,25853.51,0.0604,60,500.3,780+,9198.72,0.2471,1.2307,FL
LN002560,2024-11-18,used_auto,43731.24,0.0573,48,1021.62,740-779,6560.97,0.338,0.928,NY
LN002561,2024-12-19,used_auto,23725.02,0.1137,48,617.46,660-699,3477.45,0.75,0.8167,CA
LN002562,2024-07-27,used_auto,46953.79,0.1845,48,1390.33,<580,3051.99,0.6102,0.9806,IL
LN002563,2023-11-23,used_auto,47700.69,0.0773,84,737.07,740-779,9880.84,0.3196,0.8915,OH
LN002564,2023-04-04,used_auto,24833.36,0.1168,60,548.4,660-699,3683.94,0.5981,1.0124,OH
LN002565,2023-06-09,refi_auto,41411.39,0.1177,84,725.94,660-699,9795.12,0.2674,0.908,TX
LN002566,2025-03-08,new_auto,54760.98,0.0538,60,1042.97,780+,9501.75,0.2463,0.9642,PA
LN002567,2023-01-03,used_auto,23654.41,0.1757,60,595.15,580-619,10905.71,0.1917,0.8578,TX
LN002568,2024-11-13,used_auto,42527.96,0.0697,48,1017.79,740-779,7278.06,0.3955,0.8389,WA
LN002569,2023-04-28,new_auto,12042.77,0.0907,72,217.5,660-699,5094.39,0.477,1.023,GA
LN002570,2024-11-02,new_auto,10679.94,0.0583,60,205.63,780+,10904.49,0.1202,0.9894,NY
LN002571,2024-08-26,used_auto,47132.48,0.096,48,1186.37,660-699,3533.16,0.4852,1.1251,TX
LN002572,2025-04-23,used_auto,19035.42,0.0816,48,466.14,700-739,8762.37,0.3021,0.9394,PA
LN002573,2024-09-06,new_auto,38253.77,0.0675,72,647.61,780+,8531.97,0.1946,0.9508,FL
LN002574,2023-04-01,new_auto,42760.97,0.0665,72,721.87,700-739,8591.47,0.2928,0.9877,NY
LN002575,2024-06-16,used_auto,33088.11,0.0693,48,791.26,740-779,3950.71,0.3779,1.0858,CA
LN002576,2025-05-17,refi_auto,43768.52,0.0991,84,724.58,660-699,10131.86,0.3241,1.1461,TX
LN002577,2023-08-06,refi_auto,18353.54,0.0688,48,438.48,780+,3097.95,0.5184,1.0468,AZ
LN002578,2023-05-23,new_auto,48514.84,0.063,60,944.71,740-779,7758.21,0.3488,0.9306,CA
LN002579,2025-06-03,refi_auto,43108.81,0.0692,84,648.94,700-739,7772.51,0.2692,0.9837,MI
LN002580,2024-05-05,used_auto,12880.75,0.0894,84,206.85,700-739,6727.28,0.3737,1.0291,GA
LN002581,2024-11-11,new_auto,32946.21,0.0743,60,659.08,740-779,6155.17,0.2565,1.0451,AZ
LN002582,2023-07-08,new_auto,38772.8,0.1164,60,855.44,660-699,6571.1,0.3255,1.0665,GA
LN002583,2025-04-16,used_auto,47047.72,0.1054,60,1012.17,660-699,6469.88,0.3533,1.2273,MI
LN002584,2023-11-22,used_auto,38118.72,0.1703,48,1100.51,580-619,6603.16,0.4207,0.9088,IL
LN002585,2024-05-22,new_auto,24045.72,0.0793,84,373.94,700-739,4048.81,0.3665,1.0715,GA
LN002586,2023-10-25,used_auto,16834.17,0.1367,48,457.24,620-659,5400.12,0.5353,1.2133,CA
LN002587,2025-04-22,new_auto,52519.55,0.0616,84,771.27,740-779,7321.78,0.2166,0.8315,FL
LN002588,2025-05-11,refi_auto,24566.54,0.0769,48,596.17,700-739,7181.94,0.2739,1.0917,OH
LN002589,2024-08-31,new_auto,49032.76,0.0758,48,1187.39,700-739,2835.77,0.75,0.9179,WA
LN002590,2023-08-27,used_auto,29018.67,0.0901,84,467.03,700-739,5666.56,0.3328,0.8224,AZ
LN002591,2024-02-05,new_auto,17220.32,0.1837,60,440.76,<580,5587.14,0.1557,1.0897,AZ
LN002592,2023-07-05,new_auto,34866.17,0.2091,84,793.46,<580,8224.85,0.3058,0.8672,FL
LN002593,2024-05-25,new_auto,36422.22,0.1446,48,1003.72,620-659,5952.42,0.5634,0.8061,AZ
LN002594,2025-04-04,refi_auto,46182.15,0.1436,84,874.66,620-659,8139.91,0.271,0.9168,IL
LN002595,2025-03-11,new_auto,52423.96,0.112,72,1003.22,660-699,10951.97,0.2682,0.947,WA
LN002596,2023-09-19,used_auto,21023.2,0.1917,72,493.5,<580,10190.59,0.2341,1.2087,TX
LN002597,2025-01-11,used_auto,31168.5,0.0562,72,510.98,740-779,4875.85,0.355,0.9145,CA
LN002598,2025-02-04,used_auto,50127.2,0.1493,84,965.32,620-659,5702.27,0.5766,0.8894,OH
LN002599,2025-05-25,used_auto,34393.52,0.1157,72,664.73,660-699,8170.3,0.3847,1.0835,GA
LN002600,2024-04-16,new_auto,53995.96,0.0749,72,933.33,740-779,4770.77,0.293,1.0983,NC
LN002601,2025-02-28,used_auto,51442.65,0.117,72,997.71,660-699,4798.37,0.6458,1.0927,IL
LN002602,2023-02-02,used_auto,38494.91,0.074,84,588.55,700-739,10973.9,0.2285,1.1899,MI
LN002603,2023-10-03,used_auto,22363.27,0.204,72,540.86,<580,10955.11,0.0923,0.8787,GA
LN002604,2023-07-20,used_auto,8384.96,0.1037,72,156.91,660-699,4212.17,0.6471,1.0716,IL
LN002605,2025-03-18,used_auto,18682.0,0.2021,60,497.14,<580,9725.2,0.2258,0.9213,MI
LN002606,2023-12-26,refi_auto,8225.0,0.0819,48,201.53,700-739,3320.17,0.2724,1.0516,CA
LN002607,2024-07-29,used_auto,40389.0,0.1091,72,766.91,660-699,10938.15,0.1113,0.8832,CA
LN002608,2024-12-01,new_auto,49581.76,0.1242,84,886.43,620-659,7692.33,0.388,1.109,NY
LN002609,2023-04-13,used_auto,37160.71,0.075,72,642.51,740-779,4342.34,0.6441,1.1262,CA
LN002610,2023-09-28,used_auto,35076.91,0.1582,60,849.65,580-619,6089.06,0.2719,1.0073,FL
LN002611,2023-08-17,used_auto,25874.3,0.0705,72,441.75,700-739,3710.28,0.2572,0.9636,PA
LN002612,2025-03-28,used_auto,24454.57,0.1288,48,654.6,620-659,4928.26,0.5517,1.2396,IL
LN002613,2025-04-28,used_auto,35476.21,0.0597,48,832.67,740-779,6708.42,0.4795,0.937,MI
LN002614,2024-03-01,used_auto,40365.98,0.141,84,758.69,620-659,3912.84,0.401,1.1803,NC
LN002615,2024-01-19,used_auto,26107.75,0.1499,60,620.96,620-659,9736.02,0.2558,1.1737,GA
LN002616,2024-06-10,used_auto,43116.69,0.0728,72,740.91,740-779,10040.36,0.1517,0.9909,OH
LN002617,2024-08-07,used_auto,44826.2,0.0783,60,905.27,700-739,2915.75,0.75,0.8266,NY
LN002618,2024-03-22,used_auto,19303.45,0.2037,60,515.41,<580,10368.17,0.2151,1.2274,WA
LN002619,2025-01-10,new_auto,23772.58,0.1114,60,518.53,660-699,10325.02,0.1156,1.1047,GA
LN002620,2024-07-23,used_auto,12698.04,0.0952,60,266.81,660-699,5099.26,0.2296,1.1489,PA
LN002621,2025-04-15,new_auto,24175.35,0.0671,72,408.81,780+,8131.75,0.1149,0.9662,NY
LN002622,2023-05-16,used_auto,48373.99,0.0943,60,1014.29,660-699,9240.55,0.2096,0.9108,NC
LN002623,2025-02-05,used_auto,25794.05,0.0955,48,648.64,660-699,3703.63,0.4799,1.0657,OH
LN002624,2024-01-17,new_auto,11998.8,0.0905,60,249.37,700-739,8104.55,0.1476,1.1973,NY
LN002625,2024-11-25,new_auto,9792.33,0.0586,60,188.68,780+,8248.67,0.2275,1.0176,AZ
LN002626,2023-12-14,new_auto,14912.64,0.1675,84,302.6,580-619,7760.64,0.201,1.152,CA
LN002627,2025-01-18,new_auto,15601.01,0.0423,84,214.9,780+,3958.29,0.4968,1.1346,PA
LN002628,2024-03-29,used_auto,15314.13,0.0929,60,320.06,660-699,6055.98,0.4458,1.1541,NY
LN002629,2023-01-02,used_auto,30750.18,0.0882,72,551.55,700-739,3922.65,0.5308,1.003,NC
LN002630,2023-11-22,new_auto,35958.27,0.0836,48,883.94,700-739,5859.91,0.2929,0.9144,TX
LN002631,2024-07-22,refi_auto,8276.28,0.2033,84,185.43,<580,8887.69,0.1948,1.0522,IL
LN002632,2025-02-18,new_auto,52186.21,0.1991,48,1585.54,<580,4194.83,0.6392,0.9799,GA
LN002633,2023-12-23,used_auto,10233.63,0.1803,60,260.03,<580,5039.77,0.4299,1.0067,OH
LN002634,2023-09-07,used_auto,42009.26,0.0722,84,638.56,700-739,7241.97,0.1727,0.834,PA
LN002635,2023-04-13,used_auto,11368.53,0.0911,72,205.55,700-739,3621.06,0.3158,0.9689,PA
LN002636,2024-07-17,new_auto,12631.38,0.1361,60,291.36,620-659,5765.63,0.21,0.8142,WA
LN002637,2025-05-11,used_auto,49429.74,0.1402,48,1351.24,620-659,8734.05,0.361,0.9,TX
LN002638,2024-04-22,used_auto,39375.53,0.1226,84,700.57,620-659,10920.93,0.2495,1.0701,WA
LN002639,2023-09-21,used_auto,38456.75,0.1029,60,822.59,660-699,3178.62,0.4006,0.8582,WA
LN002640,2025-06-11,used_auto,53426.61,0.0774,84,825.81,740-779,3735.95,0.4703,1.0523,TX
LN002641,2025-02-22,used_auto,47383.64,0.0596,60,915.18,740-779,4576.87,0.2904,0.9671,CA
LN002642,2024-04-28,used_auto,11783.66,0.0469,72,188.09,780+,5766.82,0.4586,0.9891,FL
LN002643,2024-04-01,new_auto,26305.81,0.0684,60,518.9,700-739,6518.86,0.3092,0.9063,WA
LN002644,2023-12-29,new_auto,43496.69,0.08,84,677.95,700-739,8950.69,0.3285,0.9082,GA
LN002645,2024-05-21,used_auto,43950.88,0.1615,84,876.71,580-619,7260.0,0.4607,0.9675,NY
LN002646,2023-08-11,new_auto,47765.17,0.1057,72,898.68,660-699,9549.95,0.1467,1.1282,AZ
LN002647,2023-06-30,used_auto,52902.12,0.085,48,1303.95,700-739,5275.79,0.6513,1.1986,NC
LN002648,2024-12-01,used_auto,8039.88,0.1185,48,211.13,660-699,3387.27,0.4773,1.1506,OH
LN002649,2024-03-07,used_auto,25605.88,0.1589,60,621.19,580-619,3724.1,0.5086,1.0393,NY
LN002650,2024-08-30,used_auto,30522.3,0.0643,84,452.21,780+,5368.19,0.3795,1.0544,PA
LN002651,2024-11-30,refi_auto,18173.18,0.0555,60,347.55,780+,2824.52,0.4814,0.899,IL
LN002652,2023-05-29,new_auto,42260.02,0.0597,48,991.9,780+,9077.16,0.2931,0.8815,WA
LN002653,2023-02-14,used_auto,39082.07,0.044,48,889.45,780+,5943.07,0.4384,0.9261,OH
LN002654,2023-10-15,used_auto,40222.79,0.1974,48,1218.43,<580,7254.37,0.2748,1.0311,NC
LN002655,2024-11-24,new_auto,12112.74,0.1534,84,236.05,580-619,8146.43,0.3071,1.0162,NC
LN002656,2024-09-21,used_auto,47316.03,0.0806,72,830.99,700-739,9627.57,0.2369,0.9282,NC
LN002657,2024-02-24,new_auto,15577.81,0.091,48,388.39,700-739,6820.73,0.1512,1.0458,MI
LN002658,2023-03-20,used_auto,42675.16,0.0556,48,993.64,780+,10958.19,0.3061,0.8042,NC
LN002659,2023-07-24,used_auto,48145.33,0.146,72,1007.6,620-659,6132.33,0.3168,1.2469,CA
LN002660,2023-04-16,used_auto,52888.95,0.175,84,1096.17,580-619,9507.4,0.3297,1.139,GA
LN002661,2025-05-23,used_auto,18242.17,0.0924,48,456.04,700-739,3527.18,0.75,0.8951,WA
LN002662,2025-04-23,used_auto,49691.79,0.0516,60,941.39,740-779,8521.14,0.1868,0.8932,TX
LN002663,2023-07-19,used_auto,31206.33,0.0957,60,656.46,660-699,3742.34,0.4127,1.2427,GA
LN002664,2023-11-14,used_auto,19377.62,0.0531,72,314.87,780+,4995.64,0.1592,1.1815,WA
LN002665,2024-05-30,new_auto,30382.42,0.0699,72,517.84,700-739,8947.83,0.1939,1.1494,NY
LN002666,2023-08-12,used_auto,53481.24,0.116,48,1397.89,660-699,4055.82,0.75,1.2496,IL
LN002667,2024-09-06,new_auto,23141.36,0.0938,72,421.51,700-739,3667.9,0.709,0.8314,WA
LN002668,2023-04-19,new_auto,49387.48,0.052,72,799.97,740-779,9622.99,0.3231,1.2041,WA
LN002669,2023-04-11,used_auto,27073.36,0.0401,84,370.19,780+,4712.82,0.4427,0.9611,NY
LN002670,2025-03-01,used_auto,22961.93,0.0528,84,327.57,740-779,4584.55,0.184,0.9091,NC
LN002671,2024-01-07,used_auto,42633.28,0.0883,48,1057.49,700-739,8135.02,0.2951,1.0977,IL
LN002672,2023-07-12,new_auto,21045.56,0.0869,60,433.71,700-739,8561.47,0.2158,1.0862,MI
LN002673,2024-04-26,used_auto,12368.54,0.077,48,300.21,700-739,3345.65,0.3449,1.2333,NY
LN002674,2024-12-24,used_auto,30476.3,0.0431,84,420.94,780+,8186.27,0.2902,1.2386,FL
LN002675,2025-05-09,used_auto,38377.95,0.142,72,794.92,620-659,3571.27,0.7145,1.1958,WA
LN002676,2023-01-15,used_auto,27354.35,0.1474,60,647.03,620-659,8814.86,0.2271,0.9388,CA
LN002677,2023-10-05,new_auto,45172.43,0.0477,60,847.71,780+,5231.55,0.6473,1.1927,FL
LN002678,2023-12-26,used_auto,15395.07,0.0734,72,264.99,700-739,2860.05,0.6948,0.9976,WA
LN002679,2024-09-19,new_auto,39410.46,0.0544,48,915.47,780+,10834.97,0.206,0.9233,IL
LN002680,2025-04-30,new_auto,24522.99,0.1386,48,668.41,620-659,10157.49,0.2064,0.944,AZ
LN002681,2023-03-19,used_auto,54535.56,0.1705,48,1575.04,580-619,6970.28,0.5436,0.9735,AZ
LN002682,2024-08-30,used_auto,9276.58,0.045,84,128.95,780+,5420.1,0.206,1.1372,FL
LN002683,2024-09-06,refi_auto,19367.51,0.1915,84,420.22,<580,6348.81,0.3593,1.2495,FL
LN002684,2025-04-22,used_auto,18985.2,0.0661,48,451.2,740-779,7463.19,0.1414,0.8294,PA
LN002685,2024-10-08,new_auto,39809.94,0.0751,60,797.9,740-779,9224.22,0.2027,0.9262,FL
LN002686,2024-11-21,used_auto,39647.33,0.1354,60,913.1,620-659,5015.3,0.3457,1.1627,PA
LN002687,2024-03-22,new_auto,19192.11,0.0713,72,328.41,700-739,3640.73,0.75,1.0371,IL
LN002688,2024-01-28,new_auto,28428.91,0.1443,72,592.36,620-659,4240.97,0.3632,1.0529,IL
LN002689,2023-12-22,used_auto,24145.69,0.0525,60,458.43,780+,5588.21,0.4815,1.0599,FL
LN002690,2025-05-13,refi_auto,37779.27,0.0671,72,638.85,780+,7791.98,0.3815,1.2145,AZ
LN002691,2025-05-09,new_auto,28065.24,0.0771,84,433.39,740-779,5123.71,0.2526,1.0704,NC
LN002692,2023-12-15,new_auto,29521.62,0.1141,60,647.92,660-699,2837.15,0.75,1.1592,OH
LN002693,2024-01-22,used_auto,29400.48,0.178,72,667.24,580-619,8864.49,0.2719,0.9809,PA
LN002694,2024-12-18,used_auto,35685.01,0.0573,72,586.87,780+,6547.28,0.288,0.8479,AZ
LN002695,2023-03-24,refi_auto,48190.41,0.1975,48,1460.04,<580,9739.49,0.3313,1.2087,TX
LN002696,2024-03-04,new_auto,32609.18,0.0629,84,480.92,780+,3641.56,0.4788,1.1732,GA
LN002697,2024-11-09,new_auto,23919.21,0.0663,84,356.69,740-779,10538.2,0.2151,0.973,OH
LN002698,2024-03-21,refi_auto,40105.26,0.1261,60,904.53,620-659,10751.19,0.1966,1.1994,IL
LN002699,2024-02-23,new_auto,53891.03,0.1178,72,1047.42,660-699,9027.64,0.1644,0.9508,GA
LN002700,2023-09-28,used_auto,52574.41,0.0645,72,882.52,740-779,3173.6,0.75,1.1372,FL
LN002701,2023-02-04,used_auto,30166.56,0.0711,60,598.9,740-779,10175.97,0.2715,0.856,FL
LN002702,2023-06-26,refi_auto,40076.98,0.0972,72,736.81,660-699,9944.6,0.3353,0.9925,GA
LN002703,2024-08-09,new_auto,54657.67,0.0411,84,749.88,780+,9036.85,0.188,1.0911,NY
LN002704,2025-01-07,used_auto,34286.52,0.0516,84,487.18,740-779,4406.07,0.4571,0.8993,CA
LN002705,2024-10-26,new_auto,43913.98,0.1932,84,957.26,<580,7728.87,0.1995,1.1629,NY
LN002706,2023-12-25,new_auto,51271.05,0.2058,60,1374.97,<580,10233.72,0.3677,1.0204,PA
LN002707,2023-08-09,used_auto,49902.08,0.1016,84,832.56,660-699,4002.78,0.75,1.1363,OH
LN002708,2024-07-04,new_auto,37556.8,0.1277,84,678.54,620-659,8927.11,0.2979,0.9047,CA
LN002709,2023-02-18,new_auto,18450.46,0.0782,84,285.92,700-739,3527.97,0.6397,1.1343,NC
LN002710,2024-02-28,used_auto,49637.71,0.048,72,794.82,780+,6580.07,0.4779,0.8779,FL
LN002711,2024-09-11,refi_auto,28891.32,0.0994,48,731.93,660-699,6977.41,0.4465,1.0494,NC
LN002712,2023-10-20,new_auto,31302.38,0.0732,72,538.5,740-779,7828.86,0.3121,1.0925,PA
LN002713,2025-02-10,new_auto,24644.66,0.0557,84,354.96,740-779,9255.13,0.2903,1.1911,NY
LN002714,2024-03-07,used_auto,34205.91,0.0984,72,630.94,660-699,9951.38,0.1086,1.19,NC
LN002715,2024-10-29,new_auto,28922.15,0.096,48,728.0,660-699,3423.46,0.75,1.1449,NY
LN002716,2024-02-23,used_auto,45072.02,0.1993,48,1369.88,<580,7482.0,0.3182,0.8151,MI
LN002717,2023-12-08,used_auto,15050.71,0.1123,72,288.25,660-699,5615.92,0.3283,1.2314,AZ
LN002718,2023-02-02,used_auto,24071.95,0.0704,60,477.11,700-739,9892.34,0.1176,0.9852,AZ
LN002719,2025-01-24,refi_auto,43846.51,0.0909,48,1093.0,700-739,4933.87,0.3155,1.2498,CA
LN002720,2025-02-22,used_auto,46301.84,0.1975,72,1102.36,<580,9560.67,0.175,1.07,IL
LN002721,2024-05-29,used_auto,26757.8,0.0994,48,677.88,660-699,3511.46,0.3707,1.199,NY
LN002722,2023-04-06,used_auto,51670.0,0.0621,48,1218.45,740-779,5358.06,0.4279,1.0019,PA
LN002723,2024-11-18,used_auto,32022.72,0.0851,72,569.47,700-739,8708.49,0.2965,0.9852,AZ
LN002724,2023-12-18,used_auto,33735.32,0.0544,48,783.64,740-779,8871.07,0.31,0.966,IL
LN002725,2023-07-04,new_auto,38169.48,0.067,60,750.41,700-739,8551.35,0.3125,0.8016,IL
LN002726,2024-07-01,used_auto,50688.6,0.0757,72,878.13,740-779,5081.56,0.4598,0.9089,GA
LN002727,2023-11-12,new_auto,19908.71,0.1606,60,484.78,580-619,9980.5,0.2059,0.9692,NC
LN002728,2023-06-21,refi_auto,18021.06,0.1377,48,490.38,620-659,4877.31,0.5133,1.0252,OH
LN002729,2025-02-03,refi_auto,46897.85,0.0901,72,845.59,660-699,7766.8,0.2403,0.8075,AZ
LN002730,2025-02-04,used_auto,44805.28,0.1644,60,1100.08,580-619,9674.08,0.3807,1.0418,AZ
LN002731,2023-07-28,refi_auto,27440.13,0.0928,84,445.4,700-739,6728.34,0.1569,0.8406,MI
LN002732,2025-03-01,used_auto,8407.15,0.1907,72,196.87,<580,4403.88,0.5855,1.2367,MI
LN002733,2024-09-08,new_auto,17871.76,0.0837,72,316.59,700-739,8029.1,0.2793,1.02,MI
LN002734,2023-06-24,used_auto,37134.21,0.1143,72,715.02,660-699,8588.23,0.3034,1.2381,PA
LN002735,2023-08-09,new_auto,45959.6,0.0642,48,1088.23,780+,5889.68,0.3816,1.0794,PA
LN002736,2023-02-26,refi_auto,35617.04,0.1293,48,954.28,620-659,7291.4,0.4019,0.8185,NY
LN002737,2023-11-16,new_auto,20135.44,0.0506,72,324.84,780+,3842.51,0.536,1.1674,FL
LN002738,2025-01-23,used_auto,25388.85,0.1639,60,622.68,580-619,10820.21,0.2667,1.1782,CA
LN002739,2023-04-01,used_auto,15272.67,0.1771,72,345.84,580-619,3543.56,0.2646,1.1257,NY
LN002740,2023-03-02,new_auto,38132.33,0.1309,48,1024.7,620-659,10608.61,0.2008,0.8175,OH
LN002741,2024-02-22,used_auto,33042.72,0.1402,48,903.27,620-659,10128.37,0.2626,1.1996,MI
LN002742,2025-03-30,new_auto,44098.53,0.0746,84,675.53,700-739,8879.66,0.2965,0.9068,OH
LN002743,2024-09-20,refi_auto,13624.93,0.1368,60,314.77,620-659,7700.61,0.1209,0.983,IL
LN002744,2025-02-05,new_auto,27597.87,0.1405,48,754.84,620-659,2987.84,0.75,1.213,GA
LN002745,2023-05-07,used_auto,36945.4,0.0395,60,679.57,780+,4112.31,0.3963,1.16,GA
LN002746,2024-02-16,used_auto,31662.52,0.0688,48,756.44,700-739,7989.12,0.2822,1.2175,FL
LN002747,2024-08-09,used_auto,37059.31,0.0884,60,766.42,700-739,3049.91,0.5221,0.9219,WA
LN002748,2024-04-11,new_auto,24227.35,0.1869,72,562.06,<580,6836.67,0.3853,1.0481,TX
LN002749,2024-05-20,new_auto,9433.76,0.0788,84,146.47,740-779,10285.53,0.1103,0.9528,WA
LN002750,2025-01-04,used_auto,34155.55,0.1782,60,863.99,580-619,7802.49,0.1869,0.9506,TX
LN002751,2024-06-12,refi_auto,49575.45,0.1141,48,1291.2,660-699,8593.28,0.2345,1.0843,GA
LN002752,2023-11-04,used_auto,21537.7,0.1809,60,547.97,<580,4949.61,0.3775,0.9614,NC
LN002753,2023-03-27,refi_auto,26759.55,0.1494,72,564.96,620-659,3141.6,0.713,0.9157,AZ
LN002754,2024-10-04,used_auto,31737.79,0.1031,72,592.94,660-699,4474.75,0.268,0.975,MI
LN002755,2024-09-20,new_auto,32196.7,0.1048,84,542.52,660-699,8769.64,0.203,0.9915,IL
LN002756,2024-08-28,new_auto,26299.58,0.0788,84,408.34,740-779,8106.67,0.3399,0.8621,TX
LN002757,2023-10-11,refi_auto,45570.13,0.065,84,676.69,780+,2874.8,0.5884,1.1738,AZ
LN002758,2025-02-17,refi_auto,11743.15,0.0673,48,279.74,740-779,4557.42,0.1572,0.9482,WA
LN002759,2024-08-06,refi_auto,32489.6,0.0739,72,560.02,740-779,8784.79,0.2496,1.2278,OH
LN002760,2024-07-28,used_auto,43413.82,0.1278,48,1159.95,620-659,10647.67,0.1947,0.9982,NY
LN002761,2023-08-15,refi_auto,52993.7,0.0773,60,1067.69,700-739,8044.76,0.4067,0.9491,FL
LN002762,2025-05-04,used_auto,8367.85,0.0817,84,131.13,700-739,9480.48,0.1787,1.1466,MI
LN002763,2025-01-04,used_auto,35871.06,0.095,60,753.36,660-699,9955.63,0.151,1.2078,PA
LN002764,2024-06-10,used_auto,13206.8,0.0456,60,246.58,780+,5862.84,0.1259,1.2042,MI
LN002765,2024-09-17,used_auto,40030.89,0.115,84,696.0,660-699,10234.51,0.2445,1.0261,GA
LN002766,2023-05-31,used_auto,18284.11,0.1492,72,385.82,620-659,7511.16,0.348,1.0137,CA
LN002767,2023-06-12,used_auto,11814.56,0.1343,72,239.86,620-659,8406.17,0.2617,1.0699,PA
LN002768,2023-10-26,used_auto,33260.11,0.0637,72,557.04,740-779,3513.28,0.7019,1.1176,PA
LN002769,2025-03-19,refi_auto,51641.6,0.1029,72,964.27,660-699,9037.03,0.3552,1.0934,IL
LN002770,2025-03-08,used_auto,23728.32,0.073,84,361.61,700-739,5715.86,0.2558,1.1454,AZ
LN002771,2023-02-21,refi_auto,36734.73,0.1032,84,615.93,660-699,4748.18,0.5488,1.2111,IL
LN002772,2025-02-15,used_auto,31702.89,0.0445,48,722.22,780+,6047.22,0.2553,0.8169,WA
LN002773,2025-03-21,used_auto,38047.17,0.1252,72,754.16,620-659,3985.58,0.579,1.1417,WA
LN002774,2023-09-18,used_auto,36209.51,0.1344,84,667.41,620-659,7337.04,0.3157,1.034,GA
LN002775,2023-11-04,new_auto,11892.2,0.084,48,292.56,700-739,5051.67,0.4827,0.8884,PA
LN002776,2025-02-03,used_auto,23681.26,0.1866,60,609.88,<580,5872.77,0.502,0.9796,NC
LN002777,2023-02-11,new_auto,20277.09,0.1625,48,577.26,580-619,5629.41,0.4025,1.2016,IL
LN002778,2024-10-06,used_auto,20564.2,0.0614,84,301.8,780+,7990.53,0.1258,0.8612,MI
LN002779,2025-04-20,used_auto,40747.91,0.0738,48,982.96,740-779,3678.1,0.75,1.1198,MI
LN002780,2024-01-01,used_auto,51497.88,0.0946,72,940.08,660-699,8850.48,0.1938,0.8385,MI
LN002781,2025-06-14,used_auto,38503.37,0.0697,60,761.87,740-779,9859.34,0.2681,1.0043,MI
LN002782,2024-10-18,new_auto,15459.6,0.0705,72,263.94,700-739,4583.86,0.4363,0.9789,PA
LN002783,2025-03-11,used_auto,8118.8,0.1368,48,220.56,620-659,9615.75,0.2545,0.837,IL
LN002784,2024-12-05,refi_auto,36536.04,0.0669,84,545.91,700-739,5872.08,0.1868,1.0577,OH
LN002785,2024-07-08,used_auto,36388.72,0.125,60,818.67,620-659,8311.91,0.2603,0.924,FL
LN002786,2024-03-20,used_auto,19493.25,0.0884,72,349.83,700-739,8236.3,0.2181,0.998,MI
LN002787,2025-03-23,new_auto,50200.85,0.1044,72,941.19,660-699,5474.38,0.5365,0.9185,WA
LN002788,2025-03-30,used_auto,18464.79,0.143,84,349.1,620-659,8189.39,0.1188,1.1869,IL
LN002789,2023-11-02,new_auto,8125.63,0.1675,48,233.42,580-619,6792.39,0.3999,1.1123,CA
LN002790,2024-10-20,used_auto,29799.2,0.0937,48,746.8,660-699,8244.72,0.1684,1.2274,OH
LN002791,2023-09-26,refi_auto,44025.49,0.1084,72,834.38,660-699,4771.21,0.2918,1.2025,WA
LN002792,2024-10-25,new_auto,24562.69,0.076,72,425.88,700-739,6090.59,0.1731,0.9542,WA
LN002793,2023-09-01,new_auto,26494.87,0.0749,72,457.97,700-739,6634.26,0.3348,0.9413,FL
LN002794,2024-01-06,refi_auto,24427.35,0.0655,72,411.2,700-739,6785.07,0.3134,1.1748,PA
LN002795,2023-06-21,used_auto,10082.63,0.2036,72,243.62,<580,7950.17,0.1135,0.887,NY
LN002796,2024-02-15,used_auto,44993.64,0.1391,84,840.95,620-659,2815.42,0.455,0.8458,IL
LN002797,2025-04-20,used_auto,41666.91,0.0466,84,582.28,780+,8289.42,0.2483,1.1642,WA
LN002798,2023-10-18,new_auto,34130.64,0.1414,72,705.85,620-659,10956.49,0.205,0.8975,MI
LN002799,2024-11-25,used_auto,13765.08,0.0508,84,195.07,740-779,3626.34,0.2113,0.9566,TX
LN002800,2023-02-04,new_auto,12928.43,0.0875,84,206.37,700-739,6572.1,0.3569,0.9214,NC
LN002801,2023-04-23,used_auto,16370.6,0.0809,72,287.75,700-739,8375.21,0.1866,1.1166,WA
LN002802,2023-07-22,used_auto,44687.89,0.0699,84,674.24,740-779,6450.39,0.3974,0.9588,GA
LN002803,2024-06-30,new_auto,49322.0,0.1139,84,854.66,660-699,3172.9,0.4355,0.8576,PA
LN002804,2023-03-18,used_auto,53450.82,0.1269,72,1064.25,620-659,9526.24,0.3277,1.0754,OH
LN002805,2024-02-19,used_auto,50806.45,0.1293,84,922.34,620-659,8009.07,0.4331,0.902,AZ
LN002806,2024-12-12,new_auto,41476.57,0.0608,84,607.5,780+,6421.36,0.4379,0.8282,OH
LN002807,2023-08-22,new_auto,41068.9,0.0906,48,1023.17,700-739,8246.38,0.4165,1.1031,MI
LN002808,2023-12-17,used_auto,25143.6,0.0744,84,384.92,740-779,9559.77,0.2003,1.2384,FL
LN002809,2024-06-02,used_auto,19152.38,0.0609,72,318.22,780+,8601.84,0.2881,0.8637,PA
LN002810,2023-09-28,refi_auto,12873.25,0.1143,60,282.66,660-699,10646.7,0.2288,0.8748,AZ
LN002811,2025-04-05,new_auto,15476.13,0.0763,48,375.14,700-739,7601.76,0.3305,1.0459,FL
LN002812,2024-01-22,used_auto,48661.9,0.0618,72,810.61,740-779,6502.34,0.2755,1.0831,MI
LN002813,2025-03-02,new_auto,40262.72,0.0595,72,666.32,740-779,10381.18,0.1259,0.8439,WA
LN002814,2023-01-19,refi_auto,50539.0,0.0753,60,1013.42,700-739,5932.78,0.4052,1.03,AZ
LN002815,2025-01-09,new_auto,33972.99,0.1094,48,877.06,660-699,8458.14,0.2073,1.1769,GA
LN002816,2023-06-19,used_auto,33241.72,0.1169,84,581.31,660-699,10500.62,0.148,1.1018,TX
LN002817,2023-07-09,new_auto,32544.69,0.0449,72,516.47,780+,4989.1,0.21,0.8439,NC
LN002818,2024-05-09,new_auto,26290.87,0.1559,84,516.07,580-619,10003.29,0.1784,0.931,TX
LN002819,2024-01-22,new_auto,27824.03,0.07,84,419.94,740-779,3688.94,0.5464,1.149,FL
LN002820,2023-05-31,used_auto,30709.59,0.0696,48,734.81,740-779,8019.37,0.1924,0.8422,TX
LN002821,2023-02-15,used_auto,32258.84,0.1368,72,659.2,620-659,3644.42,0.526,1.0584,NY
LN002822,2023-11-02,used_auto,26194.76,0.0479,72,419.32,780+,9325.93,0.1484,0.9932,CA
LN002823,2023-09-14,new_auto,9739.23,0.0865,60,200.52,700-739,7795.65,0.0828,1.1531,IL
LN002824,2023-04-28,used_auto,41353.79,0.1946,48,1246.54,<580,4681.64,0.4131,1.1665,WA
LN002825,2024-07-11,used_auto,10494.77,0.0556,72,171.76,780+,7380.96,0.1072,0.9787,FL
LN002826,2023-09-12,used_auto,8506.41,0.0733,48,205.0,700-739,10677.95,0.2467,0.8301,AZ
LN002827,2024-03-09,used_auto,44705.07,0.0492,60,842.0,780+,6092.54,0.2051,0.8784,IL
LN002828,2025-05-13,used_auto,33868.94,0.0653,72,569.82,740-779,9299.87,0.226,0.8637,IL
LN002829,2023-01-05,used_auto,25298.69,0.1269,72,503.72,620-659,4375.42,0.6285,1.0875,GA
LN002830,2023-08-11,new_auto,45761.55,0.1155,84,796.85,660-699,5354.29,0.6008,0.9698,WA
LN002831,2024-07-10,new_auto,49175.85,0.072,72,843.13,740-779,3186.1,0.75,0.8398,NY
LN002832,2025-04-07,used_auto,25279.24,0.1485,84,485.68,620-659,7443.34,0.1225,0.8992,IL
LN002833,2023-02-28,used_auto,31168.38,0.1157,48,814.22,660-699,4376.41,0.4511,1.0251,IL
LN002834,2025-04-08,new_auto,50773.58,0.141,48,1390.01,620-659,5505.67,0.71,0.914,NY
LN002835,2024-04-09,used_auto,35758.04,0.0563,84,516.05,740-779,5958.52,0.2493,1.1402,GA
LN002836,2024-11-02,refi_auto,28472.41,0.0918,84,460.7,660-699,5094.49,0.3029,1.2238,WA
LN002837,2023-08-31,used_auto,29387.19,0.0581,60,565.54,780+,9710.62,0.2442,1.0126,TX
LN002838,2023-09-28,new_auto,35266.77,0.1326,84,646.57,620-659,5533.31,0.4893,1.0249,MI
LN002839,2025-01-12,new_auto,33513.72,0.1769,48,979.04,580-619,7610.52,0.3838,1.2424,NY
LN002840,2024-08-31,used_auto,54568.88,0.0616,72,908.49,740-779,9730.03,0.1712,0.8232,IL
LN002841,2024-05-10,used_auto,35246.91,0.0657,84,524.59,780+,6191.16,0.191,0.8484,IL
LN002842,2025-03-20,new_auto,29130.02,0.0987,72,537.75,660-699,6230.29,0.3134,1.0303,NC
LN002843,2023-07-28,used_auto,35100.91,0.1589,72,759.28,580-619,5000.58,0.6669,0.8111,IL
LN002844,2025-01-10,used_auto,52962.0,0.1914,72,1242.33,<580,8881.47,0.1877,0.9952,IL
LN002845,2025-03-11,new_auto,48678.59,0.0695,84,733.5,740-779,3354.97,0.6785,1.2192,PA
LN002846,2024-10-31,used_auto,48528.2,0.1165,84,847.6,660-699,6400.07,0.3237,0.8184,NY
LN002847,2025-02-16,refi_auto,27094.59,0.0763,84,417.32,700-739,6641.17,0.1839,1.1354,NC
LN002848,2024-03-05,used_auto,10593.18,0.1931,60,276.6,<580,10904.52,0.0869,1.0493,FL
LN002849,2025-03-05,used_auto,27122.73,0.149,60,643.83,620-659,5156.84,0.2724,0.8867,NY
LN002850,2024-12-26,new_auto,36988.78,0.2079,72,903.01,<580,5095.37,0.2655,0.9805,TX
LN002851,2024-09-18,refi_auto,25758.76,0.0795,72,451.01,740-779,8603.29,0.2728,0.801,MI
LN002852,2024-06-01,new_auto,28569.36,0.0914,72,516.97,700-739,9183.93,0.2433,0.8407,MI
LN002853,2023-10-22,used_auto,10282.33,0.1436,72,213.86,620-659,4881.23,0.525,1.0501,PA
LN002854,2023-05-27,refi_auto,19534.22,0.0935,48,489.36,660-699,4898.59,0.3442,1.2334,PA
LN002855,2024-05-06,new_auto,53798.05,0.0623,72,897.44,740-779,10759.11,0.1953,1.1603,PA
LN002856,2023-08-23,refi_auto,33880.48,0.0691,84,509.86,740-779,7263.72,0.1336,0.8812,WA
LN002857,2025-01-04,new_auto,13750.13,0.0916,84,222.35,700-739,3080.3,0.75,1.0796,MI
LN002858,2024-05-10,refi_auto,51357.67,0.0935,60,1074.85,700-739,7227.55,0.3477,1.036,FL
LN002859,2024-01-06,used_auto,17540.19,0.0629,48,414.27,780+,4863.11,0.2387,0.9394,GA
LN002860,2023-07-19,used_auto,30272.8,0.17,84,618.65,580-619,5339.62,0.2381,0.8038,FL
LN002861,2023-12-13,used_auto,30137.35,0.0656,48,715.54,700-739,8552.99,0.1764,1.0195,AZ
LN002862,2024-01-11,refi_auto,14915.56,0.1848,48,441.89,<580,3474.61,0.75,0.9624,OH
LN002863,2023-05-15,new_auto,31419.59,0.1841,48,929.7,<580,3255.54,0.75,0.9826,NC
LN002864,2023-06-24,used_auto,44656.19,0.1307,84,814.08,620-659,8383.76,0.2947,0.9138,TX
LN002865,2023-07-13,used_auto,10603.9,0.136,72,216.24,620-659,5197.31,0.3484,1.2225,NY
LN002866,2024-10-21,refi_auto,31861.36,0.1948,60,834.94,<580,8448.11,0.2025,1.0407,TX
LN002867,2025-01-29,used_auto,48628.15,0.1001,60,1033.44,660-699,4678.78,0.4951,0.834,AZ
LN002868,2024-03-18,used_auto,12686.98,0.084,48,312.11,700-739,3584.36,0.2259,0.8481,NC
LN002869,2025-05-18,used_auto,30719.2,0.069,60,606.83,700-739,5673.26,0.3991,0.8208,PA
LN002870,2023-10-03,used_auto,24583.09,0.1571,60,594.03,580-619,10750.16,0.1846,0.8017,IL
LN002871,2024-10-08,new_auto,30401.01,0.0752,60,609.46,700-739,7665.8,0.1613,1.041,MI
LN002872,2025-03-17,used_auto,11634.29,0.0643,84,172.37,780+,3482.91,0.5443,1.2381,NC
LN002873,2025-04-26,refi_auto,22227.08,0.1158,72,429.7,660-699,10300.87,0.1444,1.1648,NY
LN002874,2025-03-21,new_auto,14123.44,0.083,60,288.4,700-739,8483.43,0.1273,1.0939,NC
LN002875,2023-07-15,new_auto,51428.2,0.063,84,758.71,740-779,6736.13,0.46,0.916,AZ
LN002876,2024-01-21,used_auto,24102.57,0.1291,84,437.29,620-659,7054.91,0.1701,1.2385,MI
LN002877,2023-02-14,new_auto,27086.73,0.1113,72,517.38,660-699,4626.96,0.4448,1.1044,FL
LN002878,2025-06-03,used_auto,43856.26,0.0718,48,1053.86,700-739,8053.8,0.2148,1.0119,GA
LN002879,2023-08-22,used_auto,41886.76,0.056,48,976.05,780+,7731.54,0.2972,0.9595,NC
LN002880,2023-02-03,new_auto,15886.25,0.1015,60,338.71,660-699,3832.3,0.343,0.8692,NY
LN002881,2023-04-13,used_auto,10493.41,0.1128,72,201.24,660-699,10368.21,0.1916,0.8264,AZ
LN002882,2023-03-09,used_auto,13110.46,0.1113,84,225.38,660-699,4311.64,0.2381,0.9398,OH
LN002883,2023-05-09,refi_auto,27791.9,0.1191,48,730.64,660-699,10006.18,0.2524,1.0348,IL
LN002884,2024-07-05,new_auto,23508.08,0.0658,72,396.07,740-779,6476.68,0.2269,0.8711,AZ
LN002885,2024-05-03,used_auto,43797.97,0.1429,84,827.81,620-659,8412.01,0.3844,1.0166,CA
LN002886,2024-04-21,new_auto,35971.04,0.0627,60,699.95,780+,6336.46,0.4905,1.1338,WA
LN002887,2024-10-13,used_auto,8498.1,0.0716,60,168.91,740-779,7761.93,0.0778,0.8171,TX
LN002888,2025-05-12,used_auto,27109.22,0.1159,72,524.23,660-699,5269.07,0.364,1.02,WA
LN002889,2024-05-19,new_auto,38956.96,0.0516,72,630.29,740-779,4243.5,0.3717,0.9802,IL
LN002890,2024-09-28,used_auto,10874.76,0.163,72,237.69,580-619,9453.68,0.1297,1.0569,NY
LN002891,2024-08-27,new_auto,35004.72,0.1376,72,716.81,620-659,5419.61,0.2921,1.15,FL
LN002892,2025-04-25,used_auto,16202.32,0.0641,60,316.33,740-779,5541.87,0.2079,1.1723,PA
LN002893,2023-08-02,new_auto,8925.61,0.1944,72,210.91,<580,5591.17,0.3568,1.1772,TX
LN002894,2024-10-10,new_auto,22580.63,0.1454,60,531.75,620-659,5203.59,0.3802,0.9141,IL
LN002895,2024-02-14,new_auto,46489.79,0.0697,60,919.9,700-739,4687.24,0.3026,1.2121,TX
LN002896,2024-07-01,used_auto,23352.72,0.1746,84,483.46,580-619,8611.35,0.196,0.9604,NC
LN002897,2024-12-04,used_auto,53418.84,0.199,48,1622.71,<580,5041.74,0.4677,1.0914,AZ
LN002898,2023-11-25,new_auto,22360.78,0.1224,60,500.12,620-659,5844.95,0.2941,0.8394,NY
LN002899,2025-01-20,used_auto,52244.87,0.1131,48,1358.17,660-699,7608.34,0.4753,1.17,MI
LN002900,2023-03-12,new_auto,42917.36,0.0609,72,713.09,780+,7812.17,0.214,1.1429,IL
LN002901,2024-02-06,used_auto,23659.53,0.0649,72,397.6,740-779,5735.13,0.5033,1.2024,GA
LN002902,2023-05-04,new_auto,32201.76,0.0695,72,548.24,740-779,6158.55,0.1602,1.1527,WA
LN002903,2023-05-15,used_auto,11498.37,0.1101,72,218.92,660-699,10112.57,0.217,0.9069,TX
LN002904,2024-11-06,new_auto,28483.47,0.0412,48,644.66,780+,5171.13,0.2253,1.0732,GA
LN002905,2024-12-10,used_auto,38650.16,0.1079,84,657.53,660-699,9993.57,0.1732,1.1086,GA
LN002906,2025-02-11,refi_auto,9975.54,0.203,48,305.16,<580,3696.3,0.2376,0.928,GA
LN002907,2024-07-04,used_auto,42435.94,0.068,84,636.33,740-779,9614.68,0.2278,1.0508,IL
LN002908,2024-02-22,new_auto,53769.13,0.1317,48,1447.03,620-659,5964.16,0.3994,1.0354,PA
LN002909,2023-12-25,used_auto,24558.77,0.1058,72,462.19,660-699,10447.29,0.2786,0.8206,AZ
LN002910,2024-05-05,used_auto,23701.35,0.192,60,617.44,<580,5917.59,0.2374,0.8154,FL
LN002911,2023-06-08,new_auto,8083.55,0.0691,48,193.23,740-779,8320.48,0.3208,0.9307,AZ
LN002912,2024-06-30,new_auto,27738.82,0.1205,60,617.74,620-659,8762.64,0.2949,0.813,NY
LN002913,2024-09-14,used_auto,28841.9,0.2065,72,701.75,<580,3646.57,0.4562,1.2396,PA
LN002914,2024-06-11,used_auto,11733.25,0.1316,72,236.53,620-659,7427.25,0.3653,0.9705,WA
LN002915,2024-03-17,used_auto,48814.67,0.1001,84,810.63,660-699,10124.37,0.1378,0.9369,TX
LN002916,2024-10-02,used_auto,25175.82,0.1021,72,469.07,660-699,4841.34,0.5205,1.0267,AZ
LN002917,2023-12-06,used_auto,14887.83,0.1116,60,324.89,660-699,5665.82,0.4521,0.9557,NY
LN002918,2024-07-24,used_auto,30410.43,0.1438,48,836.82,620-659,8351.46,0.1743,1.0228,NC
LN002919,2023-04-16,used_auto,47463.52,0.1532,72,1011.88,580-619,7289.55,0.3969,0.8057,FL
LN002920,2023-12-17,new_auto,52835.01,0.1487,72,1113.47,620-659,5563.53,0.2814,0.826,OH
LN002921,2023-08-31,new_auto,54695.81,0.0866,60,1126.39,700-739,7457.83,0.351,1.084,PA
LN002922,2024-06-22,new_auto,25742.81,0.1018,48,655.13,660-699,4458.02,0.6283,0.9269,NY
LN002923,2023-08-20,new_auto,9405.71,0.0524,60,178.53,740-779,5365.55,0.36,1.0783,TX
LN002924,2023-06-06,refi_auto,21065.05,0.1031,84,353.09,660-699,5375.55,0.2512,1.1396,PA
LN002925,2023-12-02,used_auto,24883.64,0.0807,84,388.71,700-739,4085.45,0.3744,1.0036,AZ
LN002926,2025-01-31,new_auto,13987.55,0.0911,60,291.11,660-699,10152.44,0.1303,0.9675,NC
LN002927,2025-04-25,used_auto,52812.33,0.0955,48,1328.07,660-699,8206.22,0.3496,1.1315,OH
LN002928,2024-12-27,used_auto,37564.57,0.1732,48,1090.16,580-619,5561.88,0.4312,0.9941,PA
LN002929,2024-08-20,used_auto,18222.96,0.0538,72,296.7,740-779,9124.86,0.1935,1.0764,PA
LN002930,2025-05-26,new_auto,11896.19,0.0942,84,193.94,660-699,7814.29,0.3094,1.1646,OH
LN002931,2025-05-06,new_auto,14803.14,0.144,72,308.21,620-659,8491.45,0.1221,1.0415,GA
LN002932,2025-05-07,new_auto,48810.4,0.127,48,1302.2,620-659,5261.67,0.3409,1.2244,CA
LN002933,2023-09-12,new_auto,15167.48,0.0594,48,355.79,780+,10344.71,0.2406,1.0719,AZ
LN002934,2025-04-30,new_auto,12007.68,0.0729,48,289.16,700-739,9961.53,0.1946,1.135,CA
LN002935,2023-11-08,used_auto,36935.01,0.072,84,561.07,740-779,10642.59,0.2302,0.8644,WA
LN002936,2023-04-06,used_auto,39446.79,0.0963,48,993.48,660-699,10744.34,0.1748,0.8353,NY
LN002937,2023-03-29,used_auto,13210.62,0.0757,48,319.85,740-779,5358.81,0.5238,0.9538,WA
LN002938,2024-02-29,new_auto,37900.5,0.0633,48,895.84,740-779,5339.69,0.4283,1.026,TX
LN002939,2024-04-14,new_auto,10245.02,0.095,84,167.44,700-739,6516.53,0.187,1.1679,PA
LN002940,2023-05-09,new_auto,12914.62,0.1443,72,269.1,620-659,9056.01,0.1686,0.9416,FL
LN002941,2025-05-28,used_auto,30202.64,0.0981,48,763.26,660-699,6530.95,0.2683,0.9001,NC
LN002942,2023-04-20,used_auto,35289.35,0.1476,84,676.23,620-659,2830.42,0.75,0.9111,WA
LN002943,2023-01-05,used_auto,54947.31,0.1287,60,1246.57,620-659,9489.73,0.2673,0.9352,GA
LN002944,2023-12-23,new_auto,43676.64,0.1935,60,1141.42,<580,10510.49,0.2938,1.0504,NC
LN002945,2023-12-07,used_auto,12116.69,0.0641,48,286.84,780+,3019.45,0.6164,0.9827,OH
LN002946,2023-10-25,new_auto,23139.6,0.1019,84,386.42,660-699,10434.37,0.0799,0.9264,PA
LN002947,2024-10-27,used_auto,49210.26,0.1014,72,915.14,660-699,6971.88,0.3517,1.0103,NY
LN002948,2024-05-12,new_auto,54446.71,0.1176,84,954.16,660-699,9343.05,0.1459,0.8323,NY
LN002949,2023-04-16,new_auto,50650.3,0.0829,60,1034.05,700-739,9490.16,0.3677,0.9999,CA
LN002950,2023-01-25,new_auto,13011.0,0.0601,84,190.13,780+,9623.61,0.2883,0.9251,FL
LN002951,2023-08-21,new_auto,21805.06,0.0673,72,368.93,780+,5540.34,0.3738,1.0015,NY
LN002952,2023-06-15,used_auto,22242.79,0.1369,84,413.03,620-659,10876.4,0.262,0.9683,NY
LN002953,2025-06-16,new_auto,44479.28,0.0658,60,871.96,700-739,8760.52,0.2356,1.2081,TX
LN002954,2023-04-25,used_auto,35526.33,0.1254,84,637.44,620-659,10835.56,0.1393,0.9737,WA
LN002955,2024-03-13,used_auto,29449.01,0.0681,84,441.73,700-739,4574.94,0.4571,0.9365,WA
LN002956,2025-05-16,new_auto,31279.57,0.0607,60,605.74,780+,9300.79,0.3002,1.1702,PA
LN002957,2024-04-09,new_auto,39078.94,0.1151,60,859.64,660-699,9899.21,0.2737,0.9746,AZ
LN002958,2024-05-08,used_auto,54578.55,0.2088,72,1335.3,<580,7527.36,0.4617,1.2025,IL
LN002959,2024-09-14,refi_auto,28229.79,0.101,48,717.34,660-699,6717.07,0.2413,0.9437,FL
LN002960,2025-06-16,used_auto,26263.32,0.1602,84,521.94,580-619,8519.38,0.2599,1.0756,MI
LN002961,2024-10-05,used_auto,26830.27,0.0746,84,411.0,740-779,2927.72,0.75,1.0982,AZ
LN002962,2023-04-12,used_auto,47806.89,0.1269,60,1080.18,620-659,4854.41,0.3649,1.113,WA
LN002963,2024-10-26,used_auto,52826.94,0.0825,60,1077.47,700-739,5769.35,0.3042,1.1752,TX
LN002964,2025-04-18,used_auto,16160.83,0.1495,48,449.36,620-659,3192.87,0.3213,1.2313,CA
LN002965,2024-07-29,used_auto,11908.72,0.0748,48,287.83,700-739,6205.28,0.4108,1.0069,OH
LN002966,2023-02-18,refi_auto,43108.3,0.0688,48,1029.88,740-779,3942.38,0.4116,0.9039,AZ
LN002967,2023-02-22,used_auto,38791.98,0.0558,72,635.23,740-779,8261.28,0.2253,1.0578,AZ
LN002968,2023-03-17,refi_auto,41317.61,0.0818,84,647.7,700-739,6720.18,0.2203,1.2195,TX
LN002969,2025-05-26,new_auto,13868.84,0.1403,84,260.13,620-659,10579.24,0.1133,1.2463,MI
LN002970,2023-05-24,used_auto,11299.74,0.0432,48,256.76,780+,9131.22,0.1997,0.8613,TX
LN002971,2024-10-04,used_auto,32734.66,0.1195,72,639.12,660-699,3796.83,0.4964,1.0871,WA
LN002972,2024-06-02,new_auto,16910.41,0.1279,48,451.9,620-659,8460.28,0.2142,0.9074,NY
LN002973,2023-08-19,used_auto,35779.58,0.1324,84,655.58,620-659,6363.27,0.1711,0.9097,IL
LN002974,2024-10-12,used_auto,42506.11,0.0848,72,755.27,700-739,3947.28,0.75,0.8671,GA
LN002975,2024-08-04,refi_auto,16215.83,0.0766,60,326.17,740-779,6580.98,0.1973,1.1806,MI
LN002976,2023-10-13,new_auto,16765.5,0.0556,84,241.4,740-779,9045.2,0.1337,1.1077,NY
LN002977,2023-03-18,used_auto,28172.62,0.0711,84,426.72,740-779,6959.82,0.3945,1.1977,OH
LN002978,2023-12-08,new_auto,10177.61,0.0577,48,237.95,740-779,5427.89,0.3201,0.8383,MI
LN002979,2024-05-05,used_auto,39016.53,0.0708,84,590.39,740-779,8528.52,0.1592,1.0167,IL
LN002980,2023-08-30,refi_auto,35124.98,0.2006,48,1069.99,<580,8648.56,0.2377,0.9756,NC
LN002981,2024-06-04,used_auto,49657.25,0.179,84,1040.78,580-619,8743.74,0.2192,0.8856,OH
LN002982,2025-03-26,used_auto,16234.83,0.1896,84,350.42,<580,6640.94,0.1883,1.0049,IL
LN002983,2025-04-15,used_auto,53907.06,0.1456,72,1127.02,620-659,9061.86,0.1849,1.2328,FL
LN002984,2024-04-11,used_auto,40062.91,0.1222,84,711.94,620-659,8338.38,0.3939,1.2334,TX
LN002985,2024-07-22,used_auto,14975.63,0.1307,84,273.01,620-659,9875.33,0.0913,0.8721,OH
LN002986,2024-06-04,new_auto,17775.73,0.0739,48,428.89,740-779,5764.25,0.5088,0.8144,WA
LN002987,2025-06-04,refi_auto,37529.09,0.1798,60,952.58,580-619,6992.47,0.2636,1.2091,FL
LN002988,2024-03-13,new_auto,30170.05,0.0715,60,599.54,740-779,3482.44,0.6892,0.9033,MI
LN002989,2023-01-24,new_auto,24399.98,0.0555,84,351.21,740-779,3896.62,0.2289,1.0021,PA
LN002990,2024-03-16,used_auto,19909.06,0.1402,84,373.32,620-659,8391.4,0.1341,1.0759,NY
LN002991,2023-01-19,new_auto,15379.48,0.0869,72,274.86,700-739,5698.56,0.1537,1.1192,MI
LN002992,2023-08-01,new_auto,13396.7,0.0481,72,214.57,780+,8622.04,0.1041,1.1947,WA
LN002993,2024-06-25,new_auto,8504.56,0.1936,60,222.3,<580,4773.14,0.148,1.1356,NY
LN002994,2024-08-11,refi_auto,39474.28,0.2005,72,946.66,<580,4419.43,0.5322,1.1631,CA
LN002995,2024-02-10,used_auto,14652.65,0.0677,48,349.31,780+,9888.64,0.1007,0.987,NY
LN002996,2025-05-28,used_auto,44874.3,0.1684,84,912.9,580-619,8760.44,0.2266,0.9119,TX
LN002997,2023-01-05,new_auto,19877.89,0.1483,84,381.69,620-659,3616.64,0.454,1.0611,TX
LN002998,2024-02-21,new_auto,45072.61,0.0749,48,1089.6,700-739,3618.79,0.75,0.8427,OH
LN002999,2023-01-07,refi_auto,47016.37,0.1551,48,1320.69,580-619,7608.06,0.3117,0.8536,MI
LN003000,2023-12-04,used_auto,53323.21,0.0622,84,784.61,740-779,3609.47,0.75,0.8878,FL
LN003001,2023-11-29,used_auto,40812.15,0.0709,60,809.86,740-779,8217.4,0.4095,1.221,PA
LN003002,2024-12-17,new_auto,29433.37,0.0634,72,492.53,740-779,4727.1,0.6176,1.1331,WA
LN003003,2023-04-29,refi_auto,16194.77,0.1302,60,368.65,620-659,7685.68,0.1134,0.8479,MI
LN003004,2023-07-01,used_auto,23009.04,0.0706,60,456.26,740-779,6596.66,0.3646,1.0485,GA
LN003005,2024-01-03,new_auto,28921.68,0.1959,48,873.79,<580,10748.83,0.1226,1.2088,PA
LN003006,2025-05-19,used_auto,41214.84,0.0568,48,961.9,780+,9661.51,0.2393,1.1597,OH
LN003007,2023-10-30,new_auto,36630.15,0.0768,72,636.54,740-779,10649.68,0.1652,1.1115,AZ
LN003008,2024-09-05,used_auto,16509.19,0.0598,72,273.45,740-779,7420.95,0.2221,1.0002,IL
LN003009,2024-02-26,new_auto,39989.11,0.0626,60,777.95,780+,2950.24,0.627,0.9491,FL
LN003010,2025-05-19,new_auto,44051.55,0.1105,48,1139.61,660-699,10978.03,0.1404,1.0565,MI
LN003011,2023-07-05,used_auto,50843.49,0.0402,48,1148.45,780+,10001.2,0.2999,1.2339,CA
LN003012,2024-04-14,new_auto,41338.04,0.0679,84,619.67,740-779,3298.46,0.75,0.8881,GA
LN003013,2024-02-04,new_auto,39566.09,0.0841,60,810.04,700-739,2857.67,0.75,1.0231,CA
LN003014,2024-04-22,used_auto,42334.56,0.0672,84,633.16,740-779,7533.99,0.3883,1.0675,CA
LN003015,2024-06-15,refi_auto,40708.79,0.0931,60,851.19,700-739,4532.2,0.6046,1.1367,AZ
LN003016,2023-09-22,used_auto,32128.11,0.112,84,553.5,660-699,7002.74,0.1691,1.1478,NY
LN003017,2023-10-19,used_auto,40743.8,0.0405,48,920.87,780+,8089.41,0.2912,1.0234,IL
LN003018,2024-10-19,used_auto,44798.93,0.0868,72,800.43,700-739,9211.04,0.205,1.1078,AZ
LN003019,2025-01-31,used_auto,21023.88,0.1455,48,580.33,620-659,6505.58,0.3473,1.1728,GA
LN003020,2024-08-04,used_auto,51533.84,0.1585,60,1249.1,580-619,5241.29,0.5043,0.9596,CA
LN003021,2024-09-17,new_auto,45615.61,0.0728,72,783.85,700-739,7553.86,0.4245,0.8942,PA
LN003022,2024-03-15,used_auto,41400.01,0.137,48,1125.1,620-659,6588.9,0.4338,1.1523,MI
LN003023,2023-03-15,new_auto,31847.01,0.0967,84,523.28,660-699,5504.9,0.4339,1.1588,GA
LN003024,2024-03-29,new_auto,46719.13,0.1197,48,1229.61,660-699,6808.21,0.548,0.8947,AZ
LN003025,2023-07-17,used_auto,47489.28,0.079,84,737.81,700-739,3570.14,0.75,1.0866,MI
LN003026,2025-01-02,used_auto,8122.86,0.0802,60,164.78,700-739,5980.81,0.1521,0.8858,WA
LN003027,2023-02-14,new_auto,19105.93,0.0957,72,349.82,660-699,3865.15,0.5095,1.107,WA
LN003028,2024-12-12,new_auto,54984.87,0.1241,84,982.73,620-659,5383.5,0.3217,0.9071,AZ
LN003029,2023-05-12,used_auto,21382.94,0.0635,72,357.92,740-779,7672.73,0.1142,0.8628,NY
LN003030,2023-11-18,used_auto,21724.9,0.1438,72,452.09,620-659,10067.08,0.2125,1.1197,MI
LN003031,2023-03-17,used_auto,54465.63,0.1174,60,1204.41,660-699,3101.33,0.75,1.0116,NY
LN003032,2023-06-13,new_auto,52039.84,0.1138,72,1000.69,660-699,9354.43,0.3377,0.85,CA
LN003033,2025-05-12,new_auto,39145.58,0.0678,60,771.07,700-739,6716.39,0.4143,1.1536,GA
LN003034,2023-08-31,used_auto,27045.39,0.1472,60,639.44,620-659,9928.29,0.3055,1.0435,AZ
LN003035,2024-01-14,new_auto,26151.55,0.0585,72,431.56,740-779,4836.33,0.1739,0.9155,MI
LN003036,2024-05-25,new_auto,23649.45,0.0538,84,338.5,740-779,4540.42,0.3239,0.803,NC
LN003037,2023-07-16,used_auto,39591.72,0.0777,60,798.43,740-779,4703.11,0.3189,0.9845,IL
LN003038,2024-02-14,new_auto,39883.59,0.0623,48,940.88,740-779,7060.3,0.4063,1.1712,IL
LN003039,2024-12-03,used_auto,46522.01,0.0943,84,758.69,660-699,10096.29,0.2374,0.8827,FL
LN003040,2024-03-18,used_auto,25602.66,0.1601,48,725.72,580-619,6083.37,0.3506,1.0725,AZ
LN003041,2024-08-21,used_auto,51131.29,0.041,72,802.29,780+,8361.36,0.1892,0.8251,NY
LN003042,2024-07-18,used_auto,29483.5,0.138,60,682.98,620-659,10281.39,0.1872,1.1277,AZ
LN003043,2025-03-12,new_auto,40254.11,0.1269,48,1073.73,620-659,8873.19,0.2052,1.2139,AZ
LN003044,2025-06-05,new_auto,47954.74,0.0717,84,727.76,700-739,3497.33,0.4315,0.9881,TX
LN003045,2023-02-25,new_auto,14829.93,0.046,84,206.83,780+,6444.67,0.1897,1.0043,MI
LN003046,2023-03-05,used_auto,31076.79,0.1362,84,575.88,620-659,9272.14,0.3166,1.2201,GA
LN003047,2024-08-13,new_auto,39030.99,0.1449,48,1076.2,620-659,10671.88,0.3405,0.8753,PA
LN003048,2023-01-14,new_auto,27549.99,0.1926,72,648.14,<580,3926.3,0.75,1.021,IL
LN003049,2025-04-16,used_auto,8914.27,0.1028,72,166.41,660-699,6407.68,0.3269,0.9157,MI
LN003050,2023-01-15,used_auto,29293.28,0.164,72,641.89,580-619,6648.04,0.3379,1.0414,NC
LN003051,2024-03-20,used_auto,36481.8,0.1925,84,793.73,<580,6638.44,0.4368,0.8238,CA
LN003052,2025-03-25,used_auto,31505.79,0.1636,60,772.2,580-619,7275.2,0.208,1.0351,IL
LN003053,2024-03-24,used_auto,14891.5,0.162,48,423.56,580-619,8601.04,0.2891,0.9157,TX
LN003054,2024-07-09,new_auto,31156.51,0.1994,84,690.74,<580,3072.86,0.6322,1.1228,PA
LN003055,2024-08-14,new_auto,40428.76,0.2089,84,919.56,<580,5899.59,0.5964,1.2362,MI
LN003056,2023-05-17,new_auto,35383.77,0.0707,48,848.46,700-739,10016.96,0.2918,1.2485,PA
LN003057,2024-09-10,new_auto,25534.79,0.0856,48,630.11,700-739,9675.33,0.2865,0.8381,CA
LN003058,2024-12-09,used_auto,20299.49,0.0396,84,277.1,780+,2822.66,0.75,1.0121,PA
LN003059,2025-01-11,used_auto,30837.25,0.077,72,536.17,740-779,4198.51,0.4743,1.092,TX
LN003060,2023-06-05,new_auto,21394.12,0.0967,72,392.79,660-699,8802.48,0.2393,1.0039,AZ
LN003061,2023-01-01,used_auto,39475.47,0.0488,48,906.95,780+,3551.04,0.75,1.0568,TX
LN003062,2023-06-02,new_auto,12988.36,0.0817,72,228.81,700-739,3030.23,0.3357,0.9675,MI
LN003063,2023-01-13,used_auto,15683.2,0.0879,60,323.96,700-739,8567.3,0.2431,0.8147,AZ
LN003064,2024-11-10,refi_auto,30121.39,0.1771,84,627.98,580-619,5006.05,0.4078,1.1118,MI
LN003065,2023-12-21,refi_auto,27846.26,0.0829,84,438.05,700-739,8934.96,0.1564,1.142,FL
LN003066,2023-12-24,used_auto,36929.91,0.1123,60,807.19,660-699,3260.48,0.4265,0.9279,WA
LN003067,2024-04-14,new_auto,52234.42,0.1436,72,1086.42,620-659,3561.91,0.75,0.8844,IL
LN003068,2024-04-03,refi_auto,45102.49,0.0739,84,689.35,740-779,8880.78,0.3138,1.109,GA
LN003069,2023-04-01,used_auto,50323.95,0.088,48,1247.54,700-739,9667.36,0.2433,1.0234,NC
LN003070,2024-09-18,used_auto,45597.11,0.1356,84,843.45,620-659,7032.93,0.2015,0.9228,TX
LN003071,2024-03-30,new_auto,46515.9,0.1001,84,772.46,660-699,4201.51,0.6636,1.1032,OH
LN003072,2023-05-29,new_auto,37008.53,0.1367,60,854.81,620-659,4297.79,0.4834,0.9096,NC
LN003073,2025-06-01,new_auto,50364.02,0.0527,48,1166.02,740-779,10270.56,0.2635,1.1603,CA
LN003074,2024-01-01,new_auto,39839.12,0.0659,72,671.4,780+,7690.93,0.3734,0.8344,IL
LN003075,2025-05-21,used_auto,17853.3,0.1146,84,310.03,660-699,8730.35,0.1314,0.9237,PA
LN003076,2024-05-22,used_auto,49583.24,0.1844,84,1054.96,<580,4970.52,0.4459,1.2355,AZ
LN003077,2024-05-10,new_auto,48023.42,0.0479,60,901.65,780+,9545.61,0.2555,1.198,PA
LN003078,2024-07-06,used_auto,14622.6,0.0519,72,236.79,740-779,6657.94,0.3214,1.074,OH
LN003079,2023-09-16,used_auto,21850.31,0.1075,84,371.26,660-699,10658.97,0.1718,1.0464,AZ
LN003080,2025-04-08,used_auto,16471.17,0.0979,48,416.09,660-699,6555.69,0.292,1.0409,OH
LN003081,2024-05-30,new_auto,47112.45,0.0954,84,770.97,660-699,9887.03,0.3051,1.0789,PA
LN003082,2024-04-07,used_auto,54678.09,0.0807,84,854.13,700-739,5511.27,0.3388,1.0307,OH
LN003083,2023-08-07,new_auto,8200.76,0.0665,60,161.03,780+,8720.76,0.211,1.1114,GA
LN003084,2023-03-07,refi_auto,40489.02,0.0679,84,606.94,780+,4292.36,0.4671,1.0986,WA
LN003085,2024-06-24,new_auto,50103.19,0.0805,48,1224.34,700-739,3709.22,0.75,1.1787,OH
LN003086,2024-01-04,used_auto,19392.85,0.0716,72,332.12,740-779,6138.41,0.4494,0.8315,GA
LN003087,2024-04-21,used_auto,41146.8,0.086,60,846.17,700-739,9916.05,0.1395,1.2239,TX
LN003088,2024-12-24,new_auto,19859.19,0.0659,72,334.68,700-739,10735.96,0.0894,0.8158,FL
LN003089,2024-10-28,refi_auto,19339.81,0.0916,84,312.73,660-699,10673.82,0.1031,1.1982,WA
LN003090,2024-03-04,used_auto,33234.1,0.0691,60,656.66,740-779,5131.0,0.4017,1.1935,NY
LN003091,2023-07-10,used_auto,12941.57,0.0688,60,255.53,740-779,7257.57,0.0947,1.045,PA
LN003092,2024-09-29,used_auto,45503.48,0.0662,84,678.35,780+,3436.11,0.75,0.9345,PA
LN003093,2025-05-25,used_auto,18887.4,0.103,72,352.77,660-699,3455.22,0.75,0.8744,PA
LN003094,2025-05-04,new_auto,14556.96,0.0931,84,236.5,700-739,6348.89,0.1146,1.2164,IL
LN003095,2024-12-10,used_auto,41593.31,0.1358,72,847.73,620-659,4239.95,0.5545,0.8703,PA
LN003096,2025-04-14,used_auto,9692.16,0.0436,60,180.07,780+,3449.79,0.3086,1.1035,IL
LN003097,2025-06-07,refi_auto,29632.76,0.0888,60,613.4,700-739,4518.79,0.3018,0.8075,GA
LN003098,2023-05-20,used_auto,54067.65,0.0428,84,746.03,780+,10421.63,0.2681,1.0453,GA
LN003099,2025-01-09,used_auto,44556.41,0.0446,60,829.86,780+,7139.31,0.3999,1.2417,NY
LN003100,2025-01-31,used_auto,50900.12,0.1635,60,1247.28,580-619,9615.53,0.2714,0.836,TX
LN003101,2024-10-13,used_auto,18695.13,0.0967,72,343.24,660-699,9468.78,0.2538,1.2404,WA
LN003102,2024-10-21,new_auto,49863.25,0.0952,60,1047.71,660-699,9841.98,0.3374,1.0038,WA
LN003103,2023-05-09,new_auto,23537.81,0.0602,72,390.31,740-779,8586.89,0.2124,0.8274,NC
LN003104,2023-01-24,used_auto,46770.97,0.1251,72,926.83,620-659,9489.68,0.3276,1.2153,OH
LN003105,2024-06-17,used_auto,9962.66,0.0718,60,198.12,740-779,5514.75,0.2432,1.2087,IL
LN003106,2023-10-28,used_auto,18477.79,0.0674,84,276.54,740-779,10117.46,0.2806,1.0922,CA
LN003107,2025-06-03,used_auto,34222.13,0.1756,48,997.42,580-619,5749.42,0.4664,1.0869,OH
LN003108,2023-10-13,used_auto,18943.79,0.1017,72,352.58,660-699,5916.93,0.131,1.2338,PA
LN003109,2023-03-14,refi_auto,43068.01,0.0779,60,868.94,700-739,4499.28,0.63,1.0806,WA
LN003110,2023-06-15,used_auto,23523.84,0.166,84,475.31,580-619,3037.86,0.75,0.9905,NY
LN003111,2024-02-27,new_auto,22700.93,0.0902,72,409.42,700-739,10662.87,0.1629,0.8143,TX
LN003112,2023-01-30,used_auto,17697.46,0.0676,48,421.82,700-739,4648.19,0.6289,1.0592,WA
LN003113,2024-07-16,used_auto,31714.06,0.1527,84,616.79,580-619,3979.0,0.3793,0.9601,IL
LN003114,2025-04-18,refi_auto,33761.38,0.2099,48,1045.26,<580,7234.87,0.2049,0.8526,NY
LN003115,2023-06-19,new_auto,45981.47,0.1298,84,835.99,620-659,2973.64,0.75,1.0024,PA
LN003116,2024-08-18,new_auto,22982.2,0.0614,84,337.28,740-779,8212.41,0.1884,1.1136,AZ
LN003117,2024-10-26,used_auto,31247.96,0.0561,72,512.14,780+,10805.35,0.0896,0.9542,NY
LN003118,2025-05-09,used_auto,34467.82,0.0839,84,543.94,700-739,3740.81,0.5546,1.1939,OH
LN003119,2023-05-27,used_auto,37340.48,0.0673,72,631.79,780+,3874.05,0.75,1.2036,TX
LN003120,2023-04-09,refi_auto,44361.09,0.0584,60,854.33,780+,9153.7,0.1549,1.0926,CA
LN003121,2023-03-03,used_auto,12348.97,0.09,72,222.6,700-739,6829.69,0.32,0.9439,NY
LN003122,2024-07-14,used_auto,14368.79,0.1989,72,343.26,<580,6598.48,0.1212,1.1288,FL
LN003123,2025-01-25,new_auto,46659.11,0.1309,60,1063.79,620-659,4212.88,0.75,1.1536,OH
LN003124,2025-05-05,new_auto,42628.88,0.0442,60,793.18,780+,10989.08,0.196,0.9303,TX
LN003125,2024-05-04,new_auto,45469.2,0.0677,48,1083.97,700-739,5765.92,0.5742,0.8741,IL
LN003126,2024-11-02,used_auto,41247.9,0.1285,84,747.02,620-659,7783.81,0.2188,0.8613,NY
LN003127,2023-11-06,new_auto,27111.91,0.0416,48,614.1,780+,10629.46,0.2572,0.8918,WA
LN003128,2024-12-03,refi_auto,20313.35,0.0541,72,331.02,780+,6678.53,0.176,1.0704,IL
LN003129,2023-04-29,new_auto,29698.99,0.1064,48,762.4,660-699,4322.24,0.3907,1.1687,CA
LN003130,2023-10-24,used_auto,37104.55,0.1765,60,935.16,580-619,6920.51,0.5089,0.8177,IL
LN003131,2024-08-15,used_auto,15649.77,0.0658,48,371.71,740-779,7359.68,0.2976,1.1201,GA
LN003132,2023-06-07,new_auto,24941.79,0.0706,48,597.96,700-739,8344.02,0.3487,0.8162,CA
LN003133,2024-03-17,new_auto,26450.09,0.0818,60,538.59,700-739,3571.62,0.75,0.9051,AZ
LN003134,2023-08-11,new_auto,22118.46,0.1178,48,580.08,660-699,10272.53,0.1136,1.1862,WA
LN003135,2023-04-25,used_auto,37063.89,0.0916,84,599.34,700-739,5182.61,0.3291,1.1901,NY
LN003136,2024-03-16,used_auto,9077.53,0.0766,60,182.59,740-779,5033.93,0.4649,1.0666,TX
LN003137,2023-12-22,new_auto,50035.2,0.0532,84,714.74,780+,5628.53,0.5211,1.0232,WA
LN003138,2024-02-08,used_auto,38691.88,0.1546,48,1085.87,580-619,9569.18,0.3291,0.894,TX
LN003139,2025-02-26,used_auto,53105.01,0.0651,48,1259.63,740-779,3561.14,0.75,1.1023,TX
LN003140,2024-01-24,refi_auto,43487.03,0.1493,48,1208.73,620-659,10623.67,0.3087,1.058,NY
LN003141,2024-02-11,used_auto,29697.86,0.1804,72,678.01,<580,6101.27,0.392,1.1768,GA
LN003142,2023-04-21,new_auto,41638.53,0.0946,60,873.67,700-739,4589.24,0.4986,0.8132,WA
LN003143,2024-07-26,used_auto,8418.42,0.0658,84,125.34,700-739,9906.51,0.0676,1.0952,GA
LN003144,2023-10-20,new_auto,22017.49,0.1453,84,419.08,620-659,5568.69,0.3583,1.0209,WA
LN003145,2025-05-10,used_auto,17056.8,0.0913,60,355.15,700-739,4795.93,0.3112,1.1295,IL
LN003146,2023-10-08,new_auto,47993.15,0.0998,60,1019.24,660-699,8424.35,0.3122,0.9519,MI
LN003147,2024-06-15,refi_auto,17943.93,0.1431,84,339.35,620-659,9210.13,0.3105,1.2137,FL
LN003148,2024-07-30,new_auto,31293.62,0.0668,60,614.94,740-779,7291.99,0.2867,0.9784,AZ
LN003149,2024-02-28,refi_auto,32998.79,0.121,60,735.71,620-659,6171.8,0.3405,1.0335,GA
LN003150,2023-05-14,new_auto,28244.2,0.0534,72,459.34,780+,3605.77,0.3792,1.145,TX
LN003151,2024-06-09,new_auto,23647.07,0.1167,84,413.27,660-699,6742.44,0.1328,0.9171,OH
LN003152,2023-11-16,new_auto,43216.95,0.1881,48,1287.86,<580,5832.95,0.3566,0.8507,WA
LN003153,2025-05-30,used_auto,11216.77,0.1324,84,205.52,620-659,3769.75,0.3397,1.2128,NY
LN003154,2023-10-04,new_auto,32270.66,0.044,48,734.43,780+,9218.09,0.2046,1.1192,GA
LN003155,2025-03-08,refi_auto,16246.15,0.0509,60,307.26,780+,5914.15,0.3997,1.2162,NY
LN003156,2023-11-19,new_auto,20545.12,0.0908,72,371.15,660-699,9993.74,0.2261,1.0843,OH
LN003157,2023-03-30,used_auto,24646.1,0.0513,84,349.85,780+,3035.03,0.4144,0.8031,CA
LN003158,2024-08-24,used_auto,54032.65,0.0696,60,1068.89,700-739,10642.98,0.3382,0.9694,NC
LN003159,2024-06-27,used_auto,40451.88,0.0585,84,588.04,780+,8898.71,0.3095,0.9758,NY
LN003160,2025-03-19,used_auto,49113.44,0.0933,72,893.36,700-739,9669.4,0.2773,0.8097,IL
LN003161,2023-04-27,new_auto,41658.39,0.1372,84,774.25,620-659,8400.34,0.3773,0.8149,CA
LN003162,2024-07-29,used_auto,45163.87,0.1457,48,1247.12,620-659,4772.49,0.7214,1.0828,OH
LN003163,2024-08-07,used_auto,30271.48,0.1339,48,817.98,620-659,8466.42,0.1887,1.0192,MI
LN003164,2025-02-05,used_auto,49184.83,0.0537,60,936.54,740-779,7670.13,0.2762,0.9283,GA
LN003165,2024-03-21,new_auto,14494.84,0.0925,84,235.05,660-699,9709.07,0.2236,0.9592,FL
LN003166,2025-01-05,new_auto,8364.36,0.0904,84,134.74,660-699,10728.12,0.2021,1.2482,CA
LN003167,2023-11-17,used_auto,20732.4,0.0788,72,362.29,700-739,8516.36,0.1719,0.8829,AZ
LN003168,2024-05-13,used_auto,18004.35,0.1568,60,434.78,580-619,6265.01,0.4526,1.0315,WA
LN003169,2023-05-09,refi_auto,48055.39,0.1816,84,1014.53,<580,2904.63,0.75,1.2257,AZ
LN003170,2025-06-13,new_auto,38837.32,0.0635,48,918.34,740-779,8848.87,0.2085,1.1854,IL
LN003171,2025-03-30,new_auto,40845.99,0.1456,60,962.31,620-659,7929.21,0.419,1.1815,NY
LN003172,2025-04-09,used_auto,15038.33,0.1499,60,357.68,620-659,8047.24,0.2263,1.1035,NC
LN003173,2023-11-30,refi_auto,38946.44,0.0672,48,927.57,740-779,8208.27,0.1747,0.8623,GA
LN003174,2025-01-16,used_auto,41415.84,0.1229,48,1096.54,620-659,5601.54,0.4872,1.1976,CA
LN003175,2025-01-15,refi_auto,53126.29,0.0788,72,928.37,740-779,3398.47,0.75,0.8009,IL
LN003176,2023-04-16,refi_auto,13605.23,0.159,84,269.45,580-619,4913.92,0.3072,1.0923,IL
LN003177,2024-05-16,new_auto,43637.68,0.0637,72,730.85,740-779,4214.19,0.669,1.1929,NY
LN003178,2025-01-08,used_auto,39514.14,0.0665,72,667.06,780+,10754.56,0.137,1.0237,AZ
LN003179,2023-05-04,new_auto,39710.46,0.1191,84,699.09,660-699,6559.63,0.1865,1.0521,AZ
LN003180,2023-02-01,new_auto,23713.71,0.1528,48,663.34,580-619,8957.91,0.2973,1.0497,PA
LN003181,2023-01-20,used_auto,27090.41,0.0562,48,631.51,780+,7838.94,0.3185,0.9854,FL
LN003182,2023-03-06,used_auto,41789.45,0.0711,60,829.65,700-739,9597.35,0.2763,0.9625,GA
LN003183,2024-11-30,used_auto,39425.91,0.124,48,1046.0,620-659,9101.99,0.1591,0.8062,WA
LN003184,2025-03-06,used_auto,43215.37,0.1153,48,1128.08,660-699,6465.55,0.5122,1.0193,TX
LN003185,2023-02-07,used_auto,42459.23,0.0926,84,688.75,700-739,8961.97,0.352,0.9012,NC
LN003186,2024-12-12,used_auto,41196.15,0.0671,60,810.11,740-779,5038.29,0.3587,0.8695,WA
LN003187,2025-03-28,used_auto,33418.77,0.116,60,736.64,660-699,7848.66,0.2423,1.1836,OH
LN003188,2023-04-02,new_auto,23994.75,0.0745,60,480.24,700-739,6301.98,0.2776,1.1046,IL
LN003189,2025-04-05,used_auto,28997.18,0.1076,84,492.85,660-699,6708.36,0.2479,1.1866,TX
LN003190,2023-08-20,new_auto,14221.71,0.1245,60,319.6,620-659,6387.2,0.1745,1.0752,TX
LN003191,2024-03-29,used_auto,26280.18,0.1486,72,553.7,620-659,5631.57,0.5417,0.967,NY
LN003192,2023-02-10,used_auto,41640.12,0.121,84,737.29,620-659,8978.58,0.3276,1.149,WA
LN003193,2023-05-06,new_auto,28335.99,0.1003,60,602.47,660-699,5028.46,0.3742,1.0154,FL
LN003194,2025-06-19,used_auto,30662.82,0.109,48,791.01,660-699,3307.16,0.75,1.1783,NY
LN003195,2023-09-22,refi_auto,27185.15,0.1179,60,601.84,660-699,3915.22,0.5,0.8977,FL
LN003196,2025-04-13,refi_auto,40766.15,0.1548,60,980.13,580-619,6615.9,0.5063,1.1748,NY
LN003197,2025-04-24,new_auto,23839.87,0.1074,48,613.15,660-699,3089.83,0.75,1.1229,WA
LN003198,2023-02-04,refi_auto,8324.56,0.0858,72,148.33,700-739,3969.11,0.2532,1.221,NY
LN003199,2025-04-10,new_auto,17283.14,0.057,60,331.73,740-779,8398.96,0.2527,1.0418,PA
LN003200,2024-10-02,new_auto,26735.31,0.143,48,734.61,620-659,3848.64,0.6639,1.2009,TX
LN003201,2024-03-07,new_auto,12748.3,0.1357,72,259.76,620-659,8972.48,0.242,0.8512,IL
LN003202,2023-11-06,used_auto,50001.34,0.0846,84,790.84,700-739,5225.5,0.5833,0.9604,WA
LN003203,2023-01-31,new_auto,25279.51,0.07,60,500.56,740-779,6601.25,0.3593,0.9958,MI
LN003204,2025-01-13,new_auto,46723.66,0.1259,84,839.62,620-659,7083.64,0.2876,0.8919,FL
LN003205,2024-11-24,used_auto,37875.98,0.0822,60,771.98,700-739,7746.49,0.3256,1.0732,AZ
LN003206,2025-02-14,new_auto,17927.66,0.1108,48,464.05,660-699,4751.78,0.2256,1.0294,IL
LN003207,2023-01-12,used_auto,24235.93,0.0609,48,570.18,740-779,8383.67,0.3066,0.8575,GA
LN003208,2024-05-21,refi_auto,42612.73,0.1057,48,1092.47,660-699,6106.83,0.4093,1.2457,GA
LN003209,2024-09-22,refi_auto,46955.39,0.1073,84,797.34,660-699,4822.23,0.5036,0.9613,CA
LN003210,2023-11-30,new_auto,32803.65,0.0446,60,610.96,780+,9823.43,0.1883,0.8687,MI
LN003211,2024-09-10,used_auto,50654.58,0.0783,60,1022.98,700-739,7496.64,0.4791,0.9025,OH
LN003212,2024-03-21,refi_auto,21584.43,0.071,72,369.03,700-739,5427.16,0.4433,0.9866,AZ
LN003213,2023-01-17,new_auto,30086.72,0.0804,60,610.63,700-739,3056.75,0.4383,1.1835,AZ
LN003214,2025-01-23,used_auto,29983.91,0.1561,84,588.9,580-619,4615.87,0.5683,0.8755,GA
LN003215,2024-04-07,used_auto,41831.37,0.0898,60,867.94,700-739,10566.0,0.1626,1.2132,OH
LN003216,2023-01-11,used_auto,11069.66,0.085,48,272.85,700-739,9334.98,0.2088,0.815,OH
LN003217,2023-11-13,used_auto,41839.88,0.0868,84,666.39,700-739,4504.56,0.6562,0.8694,OH
LN003218,2024-10-07,used_auto,44133.31,0.0656,60,864.76,780+,8248.68,0.2904,1.0763,OH
LN003219,2023-10-27,refi_auto,45363.09,0.2036,48,1389.13,<580,7715.65,0.3732,1.2133,WA
LN003220,2023-10-06,used_auto,52630.59,0.0682,72,892.76,700-739,5670.57,0.4184,0.9111,GA
LN003221,2025-02-25,used_auto,22106.91,0.1174,60,488.86,660-699,8447.06,0.3575,1.0428,PA
LN003222,2023-12-06,used_auto,44959.82,0.0673,72,760.7,780+,3872.3,0.75,0.8135,GA
LN003223,2025-02-10,refi_auto,12130.16,0.0957,72,222.1,660-699,8869.23,0.1799,1.067,PA
LN003224,2024-09-25,refi_auto,20851.63,0.1145,72,401.71,660-699,3155.85,0.75,1.0287,NY
LN003225,2025-04-28,used_auto,43104.6,0.0917,60,898.34,660-699,3169.65,0.75,1.0902,AZ
LN003226,2024-01-02,used_auto,36588.21,0.1092,72,694.92,660-699,10428.78,0.1679,1.1937,OH
LN003227,2024-05-31,used_auto,16309.79,0.0684,48,389.35,700-739,8425.44,0.1952,1.1701,NC
LN003228,2023-11-03,used_auto,10115.32,0.1899,72,236.41,<580,6240.78,0.2045,0.9922,IL
LN003229,2025-01-29,new_auto,26910.98,0.0632,84,397.27,740-779,6328.56,0.4437,0.8551,CA
LN003230,2023-11-17,new_auto,13442.24,0.1001,60,285.67,660-699,8761.6,0.2832,0.9823,MI
LN003231,2025-03-17,used_auto,31627.3,0.0928,48,791.26,700-739,8035.48,0.3955,0.82,OH
LN003232,2024-02-15,used_auto,18415.71,0.1565,60,444.42,580-619,9729.76,0.1808,1.1218,TX
LN003233,2023-07-17,new_auto,22748.38,0.1725,48,659.35,580-619,4172.27,0.4325,1.1846,PA
LN003234,2024-07-08,refi_auto,49561.04,0.1821,72,1136.27,<580,9447.3,0.362,0.8426,CA
LN003235,2023-04-29,used_auto,26084.04,0.0664,48,620.27,780+,7701.45,0.306,1.1468,NY
LN003236,2025-01-27,used_auto,42029.1,0.0401,72,657.74,780+,5555.55,0.4183,1.1023,IL
LN003237,2024-07-03,refi_auto,27353.86,0.1331,84,502.24,620-659,9318.62,0.2131,1.0174,TX
LN003238,2025-01-02,used_auto,14937.35,0.0905,60,310.44,700-739,8959.95,0.312,1.1823,MI
LN003239,2023-05-24,refi_auto,40993.75,0.198,48,1243.09,<580,4060.33,0.7249,0.8934,CA
LN003240,2023-09-29,new_auto,24591.68,0.0789,48,599.09,740-779,7412.81,0.4144,1.1473,TX
LN003241,2024-07-23,refi_auto,46861.66,0.0793,48,1142.49,700-739,10472.2,0.2463,0.9634,MI
LN003242,2023-07-05,used_auto,19979.67,0.0902,84,321.66,660-699,3670.98,0.6104,1.2033,GA
LN003243,2023-03-17,used_auto,41878.3,0.0695,48,1001.86,740-779,10956.35,0.2468,1.1736,GA
LN003244,2023-05-05,used_auto,15896.86,0.1235,84,283.61,620-659,3194.14,0.657,1.0439,AZ
LN003245,2025-06-14,refi_auto,41391.41,0.0734,60,826.26,740-779,4404.47,0.3694,0.9607,WA
LN003246,2025-04-15,used_auto,41870.23,0.0941,84,682.4,660-699,9261.85,0.1694,1.1558,AZ
LN003247,2024-10-10,used_auto,38930.95,0.1051,48,996.95,660-699,9735.71,0.3427,1.1168,CA
LN003248,2025-02-11,used_auto,33735.93,0.094,72,614.83,700-739,3052.9,0.4501,0.8293,TX
LN003249,2025-02-26,used_auto,8276.63,0.0537,72,134.72,740-779,9162.99,0.2844,1.2005,TX
LN003250,2023-02-09,used_auto,45941.83,0.1452,48,1267.45,620-659,8472.69,0.3265,0.846,PA
LN003251,2025-04-11,new_auto,34504.38,0.0579,72,568.42,740-779,3044.66,0.6099,1.0658,WA
LN003252,2024-03-18,refi_auto,31570.61,0.1024,60,674.52,660-699,8476.95,0.2453,0.9532,IL
LN003253,2024-09-14,used_auto,37970.87,0.0924,72,688.98,700-739,7486.29,0.1574,0.9161,OH
LN003254,2024-03-17,new_auto,37077.15,0.1805,72,846.7,<580,6525.27,0.4808,1.0927,FL
LN003255,2024-09-06,new_auto,43771.5,0.136,84,810.64,620-659,6131.14,0.3376,0.8385,MI
LN003256,2024-04-25,new_auto,52093.28,0.149,84,1002.31,620-659,3939.67,0.75,0.9804,OH
LN003257,2023-05-13,used_auto,32381.37,0.0825,48,794.33,700-739,3904.96,0.7466,1.1089,IL
LN003258,2023-01-09,refi_auto,11985.71,0.0728,84,182.54,740-779,3924.27,0.5516,0.9796,NY
LN003259,2024-01-23,used_auto,20693.21,0.1482,84,397.22,620-659,6761.56,0.1329,0.9781,FL
LN003260,2023-05-16,used_auto,46611.44,0.0589,60,898.75,740-779,3315.83,0.6331,1.2206,NY
LN003261,2025-05-01,refi_auto,23147.6,0.1882,60,598.17,<580,5589.66,0.313,1.1342,TX
LN003262,2023-04-21,new_auto,47335.12,0.2051,72,1147.85,<580,7721.67,0.4508,1.0037,MI
LN003263,2025-02-24,new_auto,44317.59,0.0392,72,691.74,780+,10247.18,0.2991,0.9487,CA
LN003264,2023-10-23,new_auto,20793.17,0.1476,48,576.16,620-659,5500.97,0.5617,1.0807,AZ
LN003265,2024-08-15,new_auto,42103.27,0.1713,48,1217.73,580-619,7757.16,0.459,1.2146,OH
LN003266,2025-06-01,refi_auto,18632.38,0.0423,72,293.46,780+,10251.94,0.2051,0.8338,TX
LN003267,2025-05-13,used_auto,45130.85,0.0654,72,759.51,740-779,8496.27,0.3437,0.8886,AZ
LN003268,2024-03-13,used_auto,35811.82,0.1063,72,674.88,660-699,3170.09,0.4422,1.2176,PA
LN003269,2025-04-03,new_auto,31128.05,0.1782,48,911.46,580-619,6918.44,0.3973,1.2321,AZ
LN003270,2025-04-04,new_auto,22604.42,0.0942,72,412.18,700-739,10945.71,0.1786,1.0774,GA
LN003271,2024-03-03,used_auto,24996.23,0.0642,72,419.23,740-779,9165.68,0.2984,1.1901,NY
LN003272,2023-06-02,new_auto,32565.89,0.066,60,638.72,740-779,8941.68,0.3603,1.1708,MI
LN003273,2024-11-26,used_auto,14028.29,0.1297,72,281.38,620-659,3757.39,0.7077,1.2365,PA
LN003274,2023-07-11,used_auto,23562.58,0.0795,72,412.55,740-779,5558.56,0.2374,1.1313,PA
LN003275,2024-06-29,new_auto,54389.54,0.0522,84,774.37,780+,6368.22,0.5005,1.1189,FL
LN003276,2024-04-28,refi_auto,22063.72,0.0862,84,350.74,700-739,3448.05,0.6421,0.825,MI
LN003277,2025-03-06,used_auto,46612.89,0.1415,84,877.39,620-659,7354.65,0.3544,0.8462,WA
LN003278,2023-09-27,new_auto,38863.35,0.151,72,823.88,580-619,8637.35,0.3813,0.9156,NY
LN003279,2025-06-07,used_auto,8715.59,0.1916,72,204.54,<580,10360.2,0.1338,1.0659,IL
LN003280,2024-05-05,new_auto,41267.88,0.0994,60,875.6,660-699,4550.98,0.568,1.0755,CA
LN003281,2023-06-18,used_auto,25033.96,0.0568,60,480.26,740-779,10074.74,0.2589,1.2198,IL
LN003282,2023-10-29,used_auto,9339.05,0.0908,48,232.76,660-699,8919.76,0.2662,0.9361,OH
LN003283,2025-01-21,used_auto,42727.97,0.0813,72,751.87,700-739,9472.53,0.2881,1.0821,PA
LN003284,2023-05-14,new_auto,51831.8,0.0804,48,1266.34,700-739,10573.85,0.3648,1.164,CA
LN003285,2024-05-17,used_auto,31459.63,0.0977,84,518.54,660-699,6384.26,0.4603,1.0317,OH
LN003286,2023-09-28,new_auto,51231.78,0.0714,60,1017.84,700-739,4172.51,0.4606,1.0709,PA
LN003287,2025-06-17,refi_auto,8647.66,0.1935,48,260.17,<580,10840.6,0.2094,1.1953,PA
LN003288,2024-01-30,used_auto,29776.21,0.1338,84,547.86,620-659,4897.87,0.3997,0.8995,GA
LN003289,2024-07-16,refi_auto,24602.86,0.0504,84,348.2,740-779,5896.53,0.3944,0.8729,FL
LN003290,2025-05-26,refi_auto,45009.85,0.1694,60,1117.16,580-619,3791.56,0.75,0.8956,PA
LN003291,2025-03-20,refi_auto,15756.55,0.1067,72,297.25,660-699,9052.97,0.1095,0.9176,NY
LN003292,2023-06-20,new_auto,8521.39,0.074,72,146.92,700-739,8079.55,0.3395,0.9939,AZ
LN003293,2023-04-07,refi_auto,26841.67,0.079,48,654.02,740-779,10077.04,0.2232,1.2448,FL
LN003294,2024-06-17,used_auto,20437.32,0.15,72,432.15,620-659,7541.88,0.4019,0.8412,AZ
LN003295,2023-08-29,refi_auto,28350.86,0.1229,72,558.55,620-659,4286.79,0.2385,0.975,NC
LN003296,2023-04-08,new_auto,43585.68,0.0656,60,854.03,700-739,9272.13,0.1951,1.2274,CA
LN003297,2023-09-10,used_auto,35231.06,0.0928,72,639.97,700-739,7496.27,0.2145,0.833,NC
LN003298,2024-05-23,new_auto,12906.86,0.0879,84,206.29,700-739,4386.05,0.484,0.9514,FL
LN003299,2023-03-15,used_auto,32424.34,0.1043,72,607.74,660-699,7457.24,0.2416,1.0515,NY
LN003300,2024-07-22,new_auto,30819.73,0.08,48,752.4,740-779,7595.56,0.2155,1.1663,TX
LN003301,2023-01-14,used_auto,45574.03,0.0444,84,632.22,780+,9810.72,0.1483,1.0735,AZ
LN003302,2023-12-09,used_auto,13404.13,0.076,48,324.72,740-779,3570.61,0.2535,1.0744,OH
LN003303,2023-03-18,new_auto,21303.77,0.0875,84,340.06,700-739,10768.92,0.1707,0.8703,OH
LN003304,2025-04-23,used_auto,12090.45,0.0649,84,179.48,780+,3597.44,0.7321,1.1498,OH
LN003305,2024-11-08,used_auto,8871.76,0.0752,48,214.59,740-779,5609.54,0.4648,0.9009,TX
LN003306,2024-11-22,used_auto,34897.9,0.1039,60,748.19,660-699,5974.26,0.259,0.8165,GA
LN003307,2024-06-05,used_auto,43798.75,0.1637,84,879.19,580-619,5305.53,0.5208,0.8257,GA
LN003308,2025-02-09,used_auto,15436.88,0.073,72,265.41,700-739,7887.69,0.2152,1.0991,AZ
LN003309,2023-11-12,refi_auto,28864.78,0.0959,84,473.1,660-699,6628.62,0.1711,1.1066,AZ
LN003310,2024-08-23,used_auto,29927.61,0.08,60,606.82,700-739,8787.29,0.3274,0.8021,GA
LN003311,2023-12-18,used_auto,33935.76,0.1061,84,574.13,660-699,8985.46,0.117,1.1403,AZ
LN003312,2023-10-28,new_auto,24298.14,0.0764,84,374.37,700-739,9868.34,0.2608,1.1738,NY
LN003313,2023-06-03,refi_auto,54664.39,0.0513,72,883.67,780+,10046.41,0.139,0.9722,NC
LN003314,2025-01-23,used_auto,27941.96,0.1141,72,537.74,660-699,7675.13,0.3539,1.1593,MI
LN003315,2025-05-12,used_auto,26200.56,0.1086,72,496.83,660-699,10774.07,0.2353,0.957,AZ
LN003316,2023-01-25,new_auto,48122.43,0.0772,72,837.18,740-779,8111.75,0.3469,0.8584,MI
LN003317,2023-11-19,used_auto,36224.24,0.1202,72,708.57,620-659,8369.65,0.3291,1.075,NY
LN003318,2024-05-08,new_auto,49243.88,0.0721,72,844.53,700-739,5093.19,0.6188,0.8146,PA
LN003319,2024-09-13,new_auto,18147.87,0.2019,72,436.69,<580,10384.29,0.2035,0.8839,CA
LN003320,2024-05-01,used_auto,22238.36,0.1422,48,610.15,620-659,8512.34,0.1902,1.1514,NY
LN003321,2025-04-10,new_auto,45737.77,0.0982,72,843.18,660-699,2810.73,0.75,0.8983,WA
LN003322,2024-04-07,new_auto,12857.91,0.1441,60,301.92,620-659,6142.41,0.2993,1.1912,AZ
LN003323,2025-03-18,new_auto,49870.07,0.0927,84,809.21,700-739,5105.29,0.4209,1.1112,GA
LN003324,2024-09-26,used_auto,19639.08,0.0755,60,393.99,740-779,10208.12,0.1201,1.1527,NC
LN003325,2023-01-22,new_auto,14891.92,0.1216,72,292.38,620-659,9508.93,0.089,1.1947,FL
LN003326,2024-08-29,used_auto,30698.12,0.081,72,539.74,700-739,3742.87,0.4268,1.033,NC
LN003327,2023-09-15,used_auto,17502.68,0.0959,60,368.36,660-699,9876.95,0.0826,0.8392,NY
LN003328,2025-04-07,used_auto,38799.14,0.0471,84,543.11,780+,7130.46,0.1972,0.9536,MI
LN003329,2024-06-24,used_auto,40254.12,0.0773,60,811.02,700-739,9036.32,0.1411,0.9816,NC
LN003330,2025-01-06,used_auto,10841.74,0.0926,48,271.14,660-699,10519.81,0.1892,0.9076,GA
LN003331,2024-06-17,refi_auto,34789.31,0.0428,84,480.03,780+,6586.11,0.2552,1.0901,OH
LN003332,2023-12-09,new_auto,42611.71,0.0452,60,794.8,780+,6885.48,0.4723,1.0007,WA
LN003333,2024-01-08,refi_auto,30996.1,0.092,48,774.29,660-699,7949.34,0.3563,1.1803,CA
LN003334,2023-11-05,used_auto,20564.42,0.0539,84,294.44,780+,7127.22,0.3324,1.1063,NC
LN003335,2023-08-07,new_auto,53542.31,0.0892,60,1109.37,700-739,4885.3,0.6879,0.9581,GA
LN003336,2024-06-10,new_auto,21383.17,0.0594,72,353.78,780+,9996.66,0.2119,1.0156,TX
LN003337,2023-09-20,new_auto,48742.95,0.0816,60,992.07,700-739,9293.26,0.3358,1.1616,NY
LN003338,2024-07-18,new_auto,31145.05,0.0656,72,524.44,740-779,10574.96,0.2942,1.1999,PA
LN003339,2024-04-17,refi_auto,54836.23,0.0826,48,1345.42,700-739,4439.2,0.4855,1.0815,AZ
LN003340,2025-01-31,used_auto,47702.86,0.0637,60,930.46,780+,6271.27,0.4314,0.8243,MI
LN003341,2025-04-22,used_auto,38501.76,0.177,84,802.47,580-619,5925.0,0.2842,1.2317,FL
LN003342,2024-08-30,used_auto,53323.36,0.0496,48,1227.03,780+,10823.47,0.1563,1.0688,CA
LN003343,2023-05-01,new_auto,45357.96,0.0518,60,859.71,740-779,8397.46,0.2046,0.8735,FL
LN003344,2024-11-11,used_auto,24792.28,0.0528,72,402.51,740-779,2835.91,0.5097,0.8902,PA
LN003345,2023-05-08,new_auto,54845.39,0.1756,60,1379.62,580-619,9423.53,0.2018,1.0378,WA
LN003346,2024-06-12,new_auto,53482.07,0.2073,72,1303.78,<580,5238.04,0.4462,1.0017,MI
LN003347,2023-12-02,used_auto,36200.14,0.1165,60,798.86,660-699,5021.34,0.5528,1.0871,NY
LN003348,2025-06-10,new_auto,48327.0,0.0811,84,755.89,700-739,3991.79,0.6635,1.1441,FL
LN003349,2024-10-24,new_auto,14180.69,0.1007,48,360.14,660-699,6936.43,0.1682,0.9631,NC
LN003350,2023-02-24,used_auto,44821.8,0.0848,48,1104.36,700-739,5559.66,0.4045,0.8185,PA
LN003351,2024-02-01,used_auto,42155.83,0.1749,72,949.37,580-619,9728.72,0.1979,1.0258,CA
LN003352,2023-11-30,new_auto,46754.19,0.0879,72,837.9,700-739,7598.67,0.1962,1.1208,WA
LN003353,2025-05-21,used_auto,38757.13,0.1886,72,902.91,<580,3136.78,0.75,0.812,GA
LN003354,2025-05-29,used_auto,44841.15,0.083,60,915.67,700-739,5819.79,0.3518,1.0299,TX
LN003355,2024-05-23,used_auto,39210.22,0.1034,72,733.14,660-699,5260.21,0.5365,1.0034,NC
LN003356,2023-10-23,used_auto,16456.22,0.1285,48,440.26,620-659,3834.77,0.5142,0.8668,WA
LN003357,2023-12-05,used_auto,30678.79,0.0791,48,747.66,700-739,2939.62,0.4369,0.9283,MI
LN003358,2023-04-19,new_auto,47110.01,0.0821,84,739.21,700-739,6587.13,0.2615,1.1238,GA
LN003359,2023-12-18,new_auto,34491.07,0.1136,84,597.12,660-699,3762.79,0.4579,1.0638,TX
LN003360,2025-03-05,used_auto,28253.51,0.0469,48,646.7,780+,5879.95,0.2244,0.8697,FL
LN003361,2024-12-11,used_auto,26673.14,0.0959,48,671.26,660-699,10523.69,0.2726,1.2268,AZ
LN003362,2024-07-23,new_auto,50600.9,0.1391,48,1380.46,620-659,3258.23,0.7375,0.964,NY
LN003363,2024-03-10,used_auto,37256.89,0.0601,72,617.63,740-779,10373.78,0.2681,1.2312,PA
LN003364,2024-06-05,used_auto,17566.25,0.0628,84,258.98,780+,8534.71,0.2991,0.9866,TX
LN003365,2023-10-28,used_auto,24737.7,0.0652,48,586.88,700-739,3045.75,0.6255,1.1229,NY
LN003366,2024-04-12,new_auto,50803.73,0.2004,72,1218.07,<580,9080.86,0.2008,1.1232,IL
LN003367,2024-06-20,used_auto,26034.63,0.1214,60,580.97,620-659,9936.79,0.2467,0.9891,IL
LN003368,2025-02-19,refi_auto,54216.23,0.0554,48,1261.87,780+,10832.05,0.1602,0.9673,PA
LN003369,2024-09-17,new_auto,13077.26,0.1452,60,307.82,620-659,3158.43,0.5068,0.8218,WA
LN003370,2023-01-03,used_auto,19156.13,0.1265,84,344.85,620-659,4792.55,0.4251,0.8832,AZ
LN003371,2024-06-29,new_auto,34344.26,0.0784,60,693.75,700-739,10537.82,0.3114,0.8283,IL
LN003372,2024-02-18,new_auto,52771.81,0.1335,48,1424.92,620-659,8972.06,0.3045,1.0038,NY
LN003373,2023-07-10,new_auto,47636.21,0.0541,48,1105.9,740-779,7258.16,0.2981,1.1147,OH
LN003374,2023-01-31,used_auto,28443.35,0.1344,60,653.6,620-659,8769.03,0.2238,0.9237,OH
LN003375,2024-08-31,used_auto,44025.31,0.1129,84,760.55,660-699,7714.02,0.2742,0.9078,AZ
LN003376,2024-06-23,new_auto,40573.66,0.1342,72,823.5,620-659,5035.53,0.4905,0.94,NC
LN003377,2023-09-13,new_auto,52644.01,0.0765,60,1058.63,700-739,10858.62,0.2496,1.1164,CA
LN003378,2024-10-03,new_auto,28546.63,0.0593,60,550.96,740-779,4407.07,0.3551,1.2237,GA
LN003379,2024-03-04,used_auto,8522.13,0.0667,84,127.25,740-779,4999.81,0.5257,0.9749,AZ
LN003380,2023-09-06,used_auto,53060.63,0.0427,60,983.67,780+,9686.21,0.2738,1.1558,AZ
LN003381,2023-08-20,used_auto,49408.14,0.0541,84,707.89,740-779,7393.52,0.1907,1.2065,NC
LN003382,2024-05-18,used_auto,34225.87,0.1281,84,619.11,620-659,8339.02,0.1392,1.0316,OH
LN003383,2024-08-21,refi_auto,53292.08,0.0649,60,1042.47,740-779,3221.95,0.629,0.9484,GA
LN003384,2024-01-16,refi_auto,23300.93,0.0883,84,372.88,700-739,8144.15,0.2748,1.1559,NC
LN003385,2024-10-14,used_auto,8100.06,0.1166,72,156.93,660-699,3350.25,0.6487,1.2125,WA
LN003386,2024-04-23,used_auto,38039.94,0.1182,72,740.13,660-699,4561.65,0.4497,0.9009,TX
LN003387,2023-06-04,new_auto,53220.05,0.1007,72,987.83,660-699,9357.02,0.1901,0.8277,CA
LN003388,2023-03-26,used_auto,28824.61,0.0527,48,667.34,780+,9896.76,0.1384,0.9123,AZ
LN003389,2023-08-30,used_auto,32801.02,0.0851,48,808.64,700-739,9396.63,0.2243,1.0823,NY
LN003390,2024-12-27,refi_auto,23016.71,0.1363,72,469.73,620-659,10908.91,0.2637,1.1748,IL
LN003391,2025-01-03,refi_auto,50255.01,0.1023,60,1073.47,660-699,4326.57,0.5897,1.066,TX
LN003392,2024-09-22,new_auto,17609.4,0.0529,84,251.3,740-779,3132.57,0.75,1.1602,CA
LN003393,2024-11-01,used_auto,9793.54,0.0545,48,227.54,740-779,7135.71,0.1957,1.2051,OH
LN003394,2023-12-26,used_auto,25006.93,0.083,72,442.12,700-739,9747.41,0.1932,1.1165,IL
LN003395,2023-11-16,new_auto,13314.02,0.0737,72,229.36,700-739,10209.24,0.1702,0.8872,TX
LN003396,2025-02-08,used_auto,50151.94,0.0866,48,1239.95,700-739,4610.77,0.5599,0.8049,FL
LN003397,2024-04-15,refi_auto,13110.54,0.0555,84,188.71,780+,5157.51,0.4569,0.8905,CA
LN003398,2023-09-12,used_auto,53422.05,0.1246,72,1057.23,620-659,4815.8,0.5811,0.9996,CA
LN003399,2023-12-31,used_auto,24515.33,0.1757,60,616.81,580-619,4617.64,0.4116,1.2069,MI
LN003400,2023-02-25,used_auto,14840.65,0.1036,72,277.64,660-699,5574.65,0.2877,1.2231,AZ
LN003401,2023-12-31,used_auto,30234.26,0.1217,84,536.47,620-659,8736.99,0.1356,0.8035,WA
LN003402,2023-03-19,refi_auto,51395.25,0.0665,48,1222.39,740-779,6295.38,0.2587,1.0081,CA
LN003403,2023-09-04,new_auto,32559.85,0.0645,84,482.71,780+,9929.9,0.2216,1.1646,MI
LN003404,2023-10-16,new_auto,45762.75,0.0728,60,912.21,740-779,2936.92,0.75,0.9227,WA
LN003405,2023-10-31,new_auto,11849.33,0.0911,72,214.24,700-739,6679.26,0.1104,0.9991,NY
LN003406,2024-06-25,new_auto,32816.61,0.151,72,695.69,580-619,4248.43,0.6118,0.9855,MI
LN003407,2024-10-30,used_auto,42743.13,0.0822,60,871.18,700-739,8710.1,0.2229,1.1853,CA
LN003408,2025-03-04,new_auto,31707.94,0.1434,48,871.88,620-659,3209.21,0.5481,0.928,MI
LN003409,2023-11-06,new_auto,27582.44,0.0729,48,664.21,740-779,5388.82,0.4868,0.9657,NY
LN003410,2024-04-06,refi_auto,8136.21,0.1146,72,156.79,660-699,3780.05,0.5961,0.9186,NC
LN003411,2024-12-21,used_auto,12506.93,0.1939,72,295.17,<580,6414.86,0.1465,0.8828,WA
LN003412,2024-08-01,new_auto,50230.57,0.064,60,980.47,780+,9873.39,0.3449,1.0824,WA
LN003413,2024-01-19,used_auto,47506.68,0.1062,84,803.97,660-699,7139.33,0.3085,1.0723,TX
LN003414,2024-12-03,new_auto,52736.47,0.0971,60,1112.98,660-699,3050.32,0.75,1.2415,MI
LN003415,2023-08-05,refi_auto,35714.11,0.0732,60,712.59,740-779,4828.26,0.5268,1.0197,GA
LN003416,2025-01-04,used_auto,32399.21,0.1414,72,670.04,620-659,8726.0,0.1335,0.9577,AZ
LN003417,2023-01-22,refi_auto,24682.33,0.1245,72,488.34,620-659,7481.66,0.3926,0.9659,AZ
LN003418,2024-10-25,refi_auto,25963.29,0.1011,72,482.43,660-699,6014.05,0.4647,1.011,MI
LN003419,2025-04-30,used_auto,41898.2,0.1035,60,897.45,660-699,6167.49,0.4815,1.2402,AZ
LN003420,2023-01-28,used_auto,46496.87,0.0669,84,694.74,700-739,7002.77,0.4281,1.1328,IL
LN003421,2024-07-23,used_auto,28492.25,0.0391,48,642.18,780+,7634.45,0.3798,0.8016,CA
LN003422,2023-12-19,new_auto,49000.79,0.0948,84,800.37,700-739,8460.42,0.3153,1.0373,AZ
LN003423,2024-04-20,used_auto,29852.14,0.0797,84,464.84,700-739,9236.14,0.1138,1.102,FL
LN003424,2024-02-15,used_auto,49404.24,0.068,72,837.56,700-739,6299.78,0.4255,1.1309,OH
LN003425,2024-08-30,refi_auto,29131.11,0.1091,72,553.14,660-699,6000.82,0.4515,1.1086,FL
LN003426,2025-05-03,used_auto,46349.86,0.1753,60,1165.16,580-619,5820.84,0.3597,1.2174,IL
LN003427,2024-03-10,used_auto,45462.79,0.0609,60,880.83,780+,5683.99,0.2442,0.9606,NC
LN003428,2025-01-18,refi_auto,41956.53,0.0625,84,617.97,740-779,4350.92,0.5077,1.0479,CA
LN003429,2024-09-20,used_auto,31950.83,0.1183,72,621.82,660-699,6892.83,0.342,0.9682,IL
LN003430,2025-02-08,refi_auto,38766.45,0.0742,60,775.33,700-739,5857.32,0.4277,1.0656,CA
LN003431,2024-10-17,new_auto,9696.54,0.1524,60,231.9,580-619,3304.97,0.4441,0.9144,IL
LN003432,2023-09-02,used_auto,31072.42,0.1673,84,630.15,580-619,10689.75,0.2147,0.8949,AZ
LN003433,2024-06-11,used_auto,19529.84,0.1967,60,513.84,<580,3124.77,0.744,1.0387,WA
LN003434,2024-09-04,used_auto,18910.71,0.0599,72,313.32,740-779,4259.08,0.5237,0.824,AZ
LN003435,2025-05-25,used_auto,31075.11,0.1344,48,840.47,620-659,3732.64,0.6615,0.9815,AZ
LN003436,2024-03-27,new_auto,25314.32,0.0786,60,511.59,700-739,9365.28,0.1296,0.8995,AZ
LN003437,2025-05-14,used_auto,50566.28,0.0902,60,1050.16,660-699,7454.8,0.2762,1.1245,NC
LN003438,2025-05-15,used_auto,38473.51,0.0995,84,637.71,660-699,8480.33,0.2508,1.0171,IL
LN003439,2023-09-11,new_auto,11485.71,0.1838,72,264.44,<580,4535.8,0.4573,0.8929,PA
LN003440,2023-06-11,new_auto,40426.9,0.0538,48,937.98,780+,9827.8,0.1676,1.2359,TX
LN003441,2024-09-18,used_auto,42454.43,0.0706,72,725.03,700-739,6495.8,0.2925,0.988,OH
LN003442,2023-11-29,used_auto,27126.02,0.1313,84,495.39,620-659,10807.14,0.247,1.0417,TX
LN003443,2023-03-11,used_auto,18707.97,0.1177,72,363.51,660-699,4981.38,0.2002,1.1536,TX
LN003444,2023-06-03,refi_auto,44637.53,0.1378,72,914.54,620-659,7902.32,0.2635,1.1787,CA
LN003445,2023-08-08,new_auto,47987.63,0.063,84,707.95,780+,7812.62,0.406,1.0887,FL
LN003446,2024-10-11,refi_auto,35552.51,0.0611,72,591.06,740-779,4523.13,0.3683,1.0263,CA
LN003447,2025-06-10,new_auto,31475.77,0.1757,72,710.26,580-619,6556.06,0.3021,1.0894,GA
LN003448,2024-03-02,refi_auto,40294.46,0.1315,72,812.07,620-659,9623.79,0.2024,0.9455,FL
LN003449,2023-05-28,new_auto,13801.71,0.1869,72,320.19,<580,9302.98,0.2247,1.1131,AZ
LN003450,2024-01-28,new_auto,31039.0,0.1458,84,591.66,620-659,4818.18,0.3406,0.9243,TX
LN003451,2024-03-03,used_auto,51518.15,0.064,72,863.57,780+,6672.73,0.2057,1.0979,TX
LN003452,2023-04-21,new_auto,34821.98,0.0756,48,842.93,740-779,3222.06,0.75,1.1482,GA
LN003453,2023-10-26,new_auto,20208.65,0.1429,48,555.18,620-659,8869.74,0.1078,0.8767,AZ
LN003454,2025-01-19,new_auto,11166.63,0.1654,72,245.56,580-619,6376.2,0.3305,0.8387,MI
LN003455,2024-09-03,new_auto,39683.23,0.133,72,802.9,620-659,8792.72,0.1399,1.033,CA
LN003456,2025-01-14,used_auto,43673.84,0.1296,48,1170.79,620-659,6401.81,0.4559,1.1001,NC
LN003457,2025-06-02,used_auto,41082.82,0.0703,72,701.01,700-739,7659.72,0.1926,1.1665,CA
LN003458,2025-02-08,new_auto,21307.59,0.0821,72,375.78,700-739,6930.97,0.204,0.9279,CA
LN003459,2023-11-26,used_auto,25005.4,0.1411,60,583.26,620-659,7560.0,0.2129,0.8758,FL
LN003460,2024-09-26,new_auto,15627.63,0.2013,48,476.64,<580,6491.84,0.4367,0.8685,PA
LN003461,2024-12-08,used_auto,28484.47,0.0944,84,464.67,700-739,6106.61,0.3665,1.0447,PA
LN003462,2023-04-15,new_auto,45566.63,0.1537,84,888.77,580-619,6547.91,0.4213,1.2272,GA
LN003463,2024-11-01,new_auto,38045.42,0.1237,72,751.14,620-659,4369.39,0.3387,0.8512,TX
LN003464,2024-06-30,new_auto,10896.91,0.0484,60,204.84,780+,4585.37,0.3043,1.173,FL
LN003465,2025-01-22,new_auto,16602.45,0.0465,48,379.72,780+,8763.58,0.126,1.1269,OH
LN003466,2023-11-17,refi_auto,30400.84,0.0925,60,634.77,660-699,10992.39,0.1258,1.2477,NY
LN003467,2024-01-30,refi_auto,49414.0,0.0438,84,684.11,780+,6416.29,0.1825,1.0017,TX
LN003468,2024-02-09,new_auto,51179.61,0.1259,84,919.69,620-659,8046.29,0.4128,0.992,NC
LN003469,2024-10-27,refi_auto,40937.6,0.1469,84,782.86,620-659,6791.72,0.2176,0.8179,MI
LN003470,2023-03-16,new_auto,40343.01,0.1506,60,961.03,580-619,8531.46,0.3871,0.9667,TX
LN003471,2025-04-03,used_auto,43453.39,0.0864,84,691.21,700-739,10725.54,0.1314,1.1592,FL
LN003472,2024-11-18,new_auto,24278.69,0.1166,84,424.18,660-699,8908.52,0.2571,1.0393,NY
LN003473,2024-07-22,used_auto,47668.15,0.0876,60,983.97,700-739,7563.63,0.2758,0.8834,AZ
LN003474,2024-10-03,used_auto,45366.67,0.1653,60,1116.05,580-619,10244.25,0.2872,1.2366,FL
LN003475,2023-07-04,used_auto,38592.77,0.0655,84,574.02,740-779,10054.04,0.2583,0.8179,AZ
LN003476,2023-08-29,used_auto,50962.04,0.0622,60,990.46,780+,3448.4,0.75,0.9652,CA
LN003477,2024-04-23,used_auto,40039.53,0.0678,48,954.71,740-779,8136.57,0.2527,0.9406,WA
LN003478,2024-07-18,new_auto,30056.3,0.2056,48,923.62,<580,6864.07,0.313,1.1254,OH
LN003479,2024-03-02,used_auto,36642.82,0.0888,84,587.32,700-739,4422.12,0.3957,0.97,WA
LN003480,2024-09-17,new_auto,11322.56,0.0554,48,263.53,780+,9457.31,0.2823,0.9613,OH
LN003481,2025-05-16,used_auto,21061.49,0.0701,72,359.18,700-739,7578.13,0.1979,0.8883,NY
LN003482,2023-04-23,used_auto,36779.68,0.0605,48,864.62,740-779,7571.05,0.2275,1.1099,WA
LN003483,2025-04-06,refi_auto,9217.76,0.0623,72,153.77,740-779,5609.52,0.3625,1.2398,GA
LN003484,2024-05-23,used_auto,42504.33,0.1203,72,831.63,620-659,8818.59,0.2025,1.0211,FL
LN003485,2023-07-23,new_auto,27731.03,0.1711,84,568.47,580-619,9920.68,0.31,1.2469,AZ
LN003486,2025-04-15,used_auto,33614.65,0.1542,48,942.69,580-619,6419.06,0.5131,1.1929,IL
LN003487,2023-11-24,used_auto,18812.79,0.0933,72,342.2,700-739,8332.91,0.2849,1.1832,FL
LN003488,2024-05-24,new_auto,50448.42,0.0522,72,817.63,780+,10573.52,0.2032,1.1408,NY
LN003489,2023-06-15,new_auto,47539.35,0.1862,48,1411.92,<580,10160.86,0.394,1.0267,NY
LN003490,2024-06-29,used_auto,44041.87,0.2034,72,1063.63,<580,8321.32,0.1829,0.9057,CA
LN003491,2023-05-13,new_auto,41134.26,0.0989,72,759.77,660-699,8665.16,0.3059,1.213,CA
LN003492,2024-03-08,new_auto,41201.83,0.0907,48,1026.68,660-699,6471.46,0.2663,0.9178,CA
LN003493,2024-08-10,used_auto,33049.07,0.1092,60,717.25,660-699,4306.48,0.2922,1.0555,NC
LN003494,2023-09-19,refi_auto,17852.35,0.0539,48,414.29,740-779,5096.86,0.4378,1.0989,NY
LN003495,2025-05-13,new_auto,14096.34,0.0513,72,227.87,740-779,3344.02,0.2174,0.8094,GA
LN003496,2024-08-07,new_auto,21737.91,0.186,60,559.12,<580,5557.07,0.3048,1.1353,OH
LN003497,2025-02-12,used_auto,43712.44,0.18,60,1110.01,580-619,8367.93,0.3374,0.9608,WA
LN003498,2025-02-15,used_auto,30988.7,0.1138,48,806.65,660-699,8628.34,0.344,1.07,PA
LN003499,2024-01-15,used_auto,41619.77,0.0662,84,620.45,780+,6827.07,0.3029,0.9971,CA
LN003500,2023-08-17,used_auto,38845.24,0.1239,60,871.77,620-659,7773.07,0.1874,1.2369,IL
LN003501,2023-09-16,used_auto,15554.63,0.0983,84,256.86,660-699,4643.56,0.2717,0.8526,MI
LN003502,2023-08-17,used_auto,51681.46,0.1143,48,1346.55,660-699,8090.64,0.4308,1.1727,OH
LN003503,2024-10-03,used_auto,40222.78,0.165,84,810.4,580-619,9186.65,0.3061,0.818,AZ
LN003504,2024-07-06,new_auto,30769.62,0.0596,72,509.36,740-779,7882.49,0.3686,0.8477,AZ
LN003505,2024-08-20,used_auto,41853.76,0.121,72,820.43,620-659,9583.36,0.2653,1.1452,FL
LN003506,2024-04-12,used_auto,22861.41,0.0909,84,368.86,660-699,4668.81,0.3126,0.9892,TX
LN003507,2023-02-26,new_auto,30008.26,0.169,72,665.89,580-619,4417.2,0.5197,0.9256,AZ
LN003508,2025-05-19,used_auto,38497.4,0.0606,60,745.34,780+,8324.91,0.2081,1.2216,TX
LN003509,2024-06-22,refi_auto,32258.98,0.1078,84,548.63,660-699,6539.47,0.3801,1.0265,PA
LN003510,2023-02-02,used_auto,49206.17,0.0583,60,947.41,780+,10794.63,0.2877,1.143,WA
LN003511,2025-02-17,used_auto,39919.41,0.1803,72,911.15,<580,2977.65,0.75,0.9397,CA
LN003512,2023-10-14,used_auto,21867.12,0.0422,84,301.12,780+,5809.9,0.3069,1.1118,CA
LN003513,2023-10-07,new_auto,40620.64,0.0483,84,570.89,780+,6152.61,0.1871,0.9883,FL
LN003514,2024-04-26,new_auto,21740.19,0.0637,84,321.46,780+,3286.21,0.3928,1.0469,CA
LN003515,2023-02-18,new_auto,13521.1,0.1639,48,385.9,580-619,4693.63,0.241,1.0085,WA
LN003516,2025-03-02,new_auto,44934.02,0.1209,60,1001.58,620-659,3903.75,0.75,1.0967,PA
LN003517,2025-03-28,used_auto,30695.58,0.0918,48,766.49,700-739,8989.05,0.2862,0.8257,NY
LN003518,2024-04-23,new_auto,29809.76,0.1087,60,646.21,660-699,4941.2,0.5864,0.8724,TX
LN003519,2023-10-23,used_auto,12948.26,0.148,60,306.68,620-659,3285.34,0.5577,1.1455,NY
LN003520,2023-06-20,new_auto,20421.53,0.1607,84,406.43,580-619,9487.84,0.1075,1.1542,NC
LN003521,2023-07-22,new_auto,46393.34,0.0917,60,966.88,660-699,5024.06,0.6677,1.0071,WA
LN003522,2024-12-06,used_auto,25922.65,0.0705,72,442.58,740-779,3032.34,0.75,1.2354,MI
LN003523,2023-04-22,new_auto,12296.25,0.1395,60,285.79,620-659,4485.14,0.1887,0.9515,AZ
LN003524,2025-01-24,used_auto,51247.39,0.1808,60,1303.58,<580,3027.7,0.5711,0.8461,GA
LN003525,2023-06-17,new_auto,44850.79,0.0758,60,900.42,700-739,4247.6,0.75,0.9392,AZ
LN003526,2023-09-29,used_auto,28573.73,0.0796,60,578.83,740-779,8935.75,0.1995,0.8901,AZ
LN003527,2024-08-07,used_auto,13636.2,0.175,48,397.01,580-619,10699.23,0.1388,1.144,WA
LN003528,2023-08-03,new_auto,14658.45,0.0888,48,363.94,700-739,7178.3,0.3672,0.9483,NC
LN003529,2023-03-03,refi_auto,22886.33,0.0791,84,355.69,740-779,7145.74,0.3274,1.0812,PA
LN003530,2023-07-19,refi_auto,35284.89,0.1756,72,796.02,580-619,10733.39,0.1489,0.8862,MI
LN003531,2025-06-15,used_auto,46797.42,0.0803,60,949.55,700-739,10581.85,0.2807,1.0829,AZ
LN003532,2024-06-04,used_auto,23794.97,0.1778,84,497.06,580-619,5392.45,0.5225,1.1222,CA
LN003533,2023-05-15,refi_auto,37631.25,0.0785,60,760.33,700-739,5757.84,0.5027,1.1701,MI
LN003534,2023-09-28,used_auto,30247.97,0.1347,72,614.73,620-659,5139.25,0.5869,1.0545,IL
LN003535,2023-05-19,new_auto,21268.65,0.1216,84,377.27,620-659,2871.41,0.7061,1.1932,GA
LN003536,2024-08-30,used_auto,53133.26,0.1401,72,1095.13,620-659,9411.06,0.3464,1.0236,NY
LN003537,2023-05-24,used_auto,34436.18,0.0771,72,598.91,740-779,8156.44,0.2249,1.0623,CA
LN003538,2024-09-09,used_auto,9144.79,0.1847,72,211.01,<580,4876.91,0.5664,1.129,GA
LN003539,2023-02-01,used_auto,10840.99,0.205,60,290.24,<580,3958.95,0.5257,0.9138,NC
LN003540,2024-02-08,used_auto,14395.57,0.0851,48,354.89,700-739,8594.62,0.1638,0.856,TX
LN003541,2024-06-27,used_auto,38506.99,0.1269,72,766.71,620-659,4821.51,0.5316,1.0288,OH
LN003542,2025-05-21,refi_auto,29616.67,0.0562,60,567.35,780+,8422.57,0.1783,0.8409,NC
LN003543,2024-09-30,new_auto,27464.56,0.0729,72,472.08,700-739,7756.87,0.3247,0.9595,MI
LN003544,2024-11-28,used_auto,49164.79,0.0552,60,939.56,740-779,8750.31,0.277,1.1933,WA
LN003545,2023-01-25,used_auto,28654.1,0.0532,60,544.95,740-779,3888.33,0.3251,1.1072,FL
LN003546,2025-04-15,refi_auto,26524.5,0.14,60,617.18,620-659,6701.54,0.1854,0.9839,OH
LN003547,2024-07-19,used_auto,21008.33,0.0512,84,298.12,740-779,5558.12,0.2707,0.8363,GA
LN003548,2024-06-28,new_auto,13770.17,0.1205,48,362.96,620-659,10489.33,0.2211,1.1621,WA
LN003549,2024-06-22,new_auto,44422.41,0.0738,72,765.49,700-739,7618.83,0.202,1.2258,WA
LN003550,2023-11-22,used_auto,51768.88,0.0516,84,735.6,780+,9315.63,0.165,1.0812,WA
LN003551,2024-06-16,refi_auto,18774.13,0.1392,84,351.0,620-659,4386.92,0.5661,1.122,NY
LN003552,2024-05-16,used_auto,35187.99,0.0674,72,595.54,700-739,3781.49,0.2702,0.9707,NC
LN003553,2025-06-17,new_auto,17104.37,0.0688,72,290.63,740-779,10620.83,0.2094,0.9734,IL
LN003554,2024-05-02,used_auto,45133.47,0.0899,60,936.68,700-739,9971.61,0.1491,1.2062,NY
LN003555,2025-04-09,new_auto,16531.21,0.1668,60,408.0,580-619,3337.05,0.5409,0.8136,IL
LN003556,2023-05-14,new_auto,37266.75,0.0642,84,551.95,780+,6484.2,0.4283,0.9025,IL
LN003557,2023-06-13,new_auto,52485.67,0.1182,72,1021.2,660-699,7040.99,0.218,1.2404,AZ
LN003558,2023-01-01,used_auto,54891.13,0.0832,48,1348.31,700-739,7108.98,0.3734,1.1223,IL
LN003559,2024-06-18,new_auto,9293.4,0.1997,84,206.2,<580,3500.21,0.2716,1.1389,IL
LN003560,2023-08-03,refi_auto,24316.97,0.0574,72,400.02,740-779,7475.93,0.3343,0.8591,CA
LN003561,2025-03-19,used_auto,50625.85,0.0768,84,781.02,740-779,10557.83,0.1358,0.9624,IL
LN003562,2023-10-17,new_auto,8646.75,0.2081,48,266.87,<580,9313.8,0.2756,1.1987,CA
LN003563,2024-06-09,new_auto,52872.95,0.112,48,1371.67,660-699,10563.9,0.362,0.8212,AZ
LN003564,2023-01-06,used_auto,24428.78,0.086,84,388.1,700-739,5461.24,0.4194,0.9521,IL
LN003565,2023-10-26,used_auto,22272.06,0.0913,84,359.81,660-699,4243.0,0.3077,0.9855,AZ
LN003566,2023-05-18,used_auto,31580.14,0.1187,48,829.61,660-699,7229.45,0.2081,1.1452,TX
LN003567,2024-02-15,refi_auto,18620.37,0.1366,72,380.3,620-659,10289.1,0.2217,1.1099,FL
LN003568,2023-10-21,refi_auto,20257.15,0.1558,72,434.74,580-619,7759.15,0.1646,1.0583,CA
LN003569,2024-11-26,refi_auto,52533.57,0.1126,84,906.7,660-699,6482.89,0.5303,0.9987,PA
LN003570,2025-02-08,used_auto,34491.07,0.0871,72,616.77,700-739,7169.77,0.2788,1.0793,CA
LN003571,2024-04-03,used_auto,52050.29,0.1937,60,1360.83,<580,10822.36,0.2216,0.8412,IL
LN003572,2023-10-13,used_auto,33284.83,0.1468,60,786.26,620-659,6527.02,0.1994,1.2352,IL
LN003573,2024-03-25,used_auto,28264.52,0.128,60,640.21,620-659,10395.68,0.1548,0.9111,PA
LN003574,2024-04-02,used_auto,21758.09,0.1945,60,569.82,<580,5989.62,0.187,1.029,MI
LN003575,2023-08-14,used_auto,54330.26,0.117,60,1200.33,660-699,9006.18,0.3813,1.1481,AZ
LN003576,2024-05-10,used_auto,30072.28,0.0453,72,477.78,780+,9165.78,0.124,0.9639,FL
LN003577,2025-03-17,new_auto,19710.9,0.0398,72,308.2,780+,6554.25,0.2779,1.0592,IL
LN003578,2025-01-11,new_auto,41165.05,0.1554,84,806.87,580-619,5921.39,0.2064,1.0428,TX
LN003579,2023-02-01,new_auto,31081.95,0.0551,84,446.8,780+,8157.58,0.1163,1.2292,NY
LN003580,2023-11-27,new_auto,46594.22,0.0683,84,699.37,780+,5574.7,0.2718,1.0647,GA
LN003581,2023-01-29,used_auto,36977.03,0.0704,84,558.81,740-779,9899.09,0.2753,1.1674,WA
LN003582,2025-06-11,new_auto,10066.9,0.105,84,169.73,660-699,3614.37,0.3268,0.9078,NC
LN003583,2024-02-01,new_auto,21055.59,0.1977,84,464.65,<580,10933.03,0.2585,0.9277,PA
LN003584,2023-07-10,used_auto,37935.7,0.1154,84,660.37,660-699,4754.56,0.6443,1.0063,CA
LN003585,2024-05-28,refi_auto,41270.03,0.063,48,974.91,780+,8860.24,0.2185,0.9686,GA
LN003586,2024-01-06,used_auto,21652.09,0.1062,84,366.42,660-699,5322.37,0.2573,1.0201,NY
LN003587,2024-08-08,new_auto,42112.27,0.0831,84,662.89,700-739,4219.59,0.3599,0.9162,FL
LN003588,2024-04-17,new_auto,17632.85,0.1866,60,454.11,<580,3805.92,0.55,0.8107,WA
LN003589,2025-03-10,new_auto,53582.45,0.0699,48,1282.85,740-779,5173.64,0.4414,1.0302,MI
LN003590,2024-01-24,refi_auto,30699.95,0.1009,72,570.14,660-699,3705.8,0.75,1.0925,GA
LN003591,2023-11-14,new_auto,33758.64,0.2051,48,1036.48,<580,10113.93,0.2294,1.1685,MI
LN003592,2024-04-30,used_auto,51269.38,0.1146,84,890.31,660-699,8965.05,0.242,0.9676,WA
LN003593,2025-01-25,used_auto,19830.27,0.1192,48,521.43,660-699,7409.54,0.1617,1.0251,MI
LN003594,2023-10-22,new_auto,28482.15,0.0599,72,471.9,740-779,10397.9,0.0988,0.9637,IL
LN003595,2023-10-10,used_auto,32873.33,0.0828,84,516.97,700-739,10967.76,0.1775,0.9346,FL
LN003596,2024-07-03,used_auto,40286.14,0.1666,48,1155.38,580-619,6196.06,0.4667,1.0677,NC
LN003597,2023-11-09,new_auto,32730.77,0.0736,72,563.7,740-779,3084.55,0.5834,1.0155,GA
LN003598,2024-12-14,used_auto,35455.34,0.0574,48,828.45,740-779,4906.93,0.2753,0.84,NY
LN003599,2023-09-27,used_auto,19236.07,0.0636,48,454.94,780+,3689.65,0.2985,1.191,AZ
LN003600,2023-06-07,used_auto,31583.07,0.1897,84,681.88,<580,5422.22,0.2537,0.9303,IL
LN003601,2024-06-19,new_auto,20994.57,0.1024,84,351.14,660-699,10478.5,0.1444,1.1184,NY
LN003602,2024-11-03,refi_auto,53009.36,0.1464,60,1251.09,620-659,8131.37,0.3265,1.2164,NY
LN003603,2025-04-07,refi_auto,52896.3,0.1474,84,1013.03,620-659,10781.69,0.1815,1.2442,PA
LN003604,2023-05-25,used_auto,41397.77,0.0723,84,629.47,740-779,8247.22,0.143,1.094,MI
LN003605,2023-09-28,used_auto,10157.78,0.0427,48,230.58,780+,9154.29,0.2891,0.9945,GA
LN003606,2024-07-03,new_auto,30114.77,0.0601,60,582.34,780+,7653.67,0.2414,1.1984,OH
LN003607,2024-09-12,used_auto,25008.72,0.1535,84,487.51,580-619,4368.16,0.4456,1.1271,TX
LN003608,2025-03-16,refi_auto,14162.46,0.2096,84,322.73,<580,9468.16,0.2173,0.8262,IL
LN003609,2023-04-14,used_auto,39776.56,0.1238,48,1054.91,620-659,4340.56,0.75,1.0044,FL
LN003610,2024-01-27,refi_auto,25170.53,0.1523,48,703.45,580-619,7998.07,0.3853,1.129,FL
LN003611,2024-02-22,used_auto,41986.94,0.0625,60,816.61,740-779,4034.14,0.3528,0.9515,NY
LN003612,2024-01-28,new_auto,17970.47,0.0853,48,443.2,700-739,7079.77,0.2086,1.1293,FL
LN003613,2025-05-25,used_auto,12293.15,0.1283,60,278.64,620-659,3239.96,0.5452,0.941,IL
LN003614,2023-07-14,used_auto,11080.65,0.0582,60,213.29,740-779,3302.56,0.75,1.0381,MI
LN003615,2023-02-25,new_auto,8680.69,0.2086,60,234.16,<580,8847.51,0.133,0.8828,IL
LN003616,2023-07-27,refi_auto,36580.77,0.079,60,739.98,700-739,4972.99,0.231,1.2175,CA
LN003617,2023-05-13,used_auto,29998.69,0.1829,60,766.51,<580,4732.0,0.3993,1.1103,NC
LN003618,2024-01-01,used_auto,31007.39,0.1006,72,575.38,660-699,6414.86,0.1743,0.8573,NC
LN003619,2024-02-21,new_auto,22569.28,0.0668,72,381.33,780+,6638.85,0.1499,1.2091,GA
LN003620,2025-05-02,refi_auto,19611.97,0.1565,60,473.29,580-619,7779.18,0.1629,1.1185,FL
LN003621,2023-02-21,new_auto,51885.66,0.0419,72,816.26,780+,9610.15,0.1775,0.9123,GA
LN003622,2024-04-29,used_auto,42820.18,0.1792,72,974.7,580-619,6934.82,0.4811,1.1656,NY
LN003623,2023-04-23,refi_auto,34553.68,0.1449,48,952.75,620-659,4612.59,0.7316,1.1099,FL
LN003624,2023-10-22,new_auto,19393.76,0.0599,72,321.32,780+,5383.48,0.407,0.8394,FL
LN003625,2024-10-31,used_auto,27806.85,0.2002,60,737.02,<580,3075.49,0.75,0.9762,WA
LN003626,2023-10-01,used_auto,10155.33,0.0865,72,181.3,700-739,4354.64,0.2604,0.897,OH
LN003627,2025-02-17,used_auto,43191.19,0.1369,84,802.03,620-659,7623.56,0.2306,0.8703,WA
LN003628,2024-04-17,new_auto,37574.81,0.185,84,800.79,<580,6063.38,0.3795,0.9436,PA
LN003629,2023-08-12,used_auto,50415.58,0.2076,72,1229.91,<580,8282.96,0.225,1.0707,NY
LN003630,2023-05-24,used_auto,9856.14,0.0663,48,234.33,700-739,10176.0,0.2062,0.8953,MI
LN003631,2024-02-28,refi_auto,38333.27,0.1043,84,644.93,660-699,10054.61,0.166,0.9664,CA
LN003632,2023-08-10,used_auto,22526.11,0.1039,48,575.55,660-699,4778.9,0.3304,0.9895,NY
LN003633,2025-02-28,new_auto,25791.43,0.1395,84,482.62,620-659,9816.5,0.2083,1.2222,CA
LN003634,2025-02-13,used_auto,42537.81,0.1,84,706.18,660-699,5363.39,0.2899,1.2378,CA
LN003635,2025-04-16,used_auto,13086.59,0.0719,84,198.73,740-779,6046.24,0.3445,0.9615,IL
LN003636,2023-08-23,used_auto,23378.82,0.1024,48,595.65,660-699,9242.26,0.2602,1.1461,WA
LN003637,2023-04-01,used_auto,15211.97,0.1371,84,282.64,620-659,8841.46,0.2056,1.0868,TX
LN003638,2024-01-13,new_auto,49703.18,0.0748,72,858.89,700-739,5575.79,0.4152,1.0645,WA
LN003639,2023-11-11,used_auto,18803.05,0.1319,48,506.21,620-659,5038.73,0.3042,1.2211,NY
LN003640,2023-05-27,used_auto,30177.61,0.1964,60,793.49,<580,9278.62,0.1654,1.0657,CA
LN003641,2023-06-20,used_auto,25000.07,0.2027,72,602.74,<580,10118.43,0.245,1.0727,IL
LN003642,2023-01-27,new_auto,41666.06,0.0852,72,741.17,700-739,7455.68,0.418,1.0506,NC
LN003643,2023-08-06,used_auto,39377.89,0.0743,60,787.74,740-779,7748.35,0.4148,1.0105,AZ
LN003644,2023-11-15,new_auto,31444.88,0.0527,48,728.01,780+,3212.44,0.75,1.0276,OH
LN003645,2024-08-01,refi_auto,25732.43,0.0993,60,545.85,660-699,6337.72,0.3868,0.8022,AZ
LN003646,2024-08-16,used_auto,31761.27,0.1464,72,665.4,620-659,10224.46,0.1077,0.9471,FL
LN003647,2023-08-04,used_auto,15762.87,0.1043,60,338.26,660-699,5891.43,0.3365,1.1826,FL
LN003648,2025-04-19,used_auto,15465.46,0.1274,72,308.34,620-659,8686.29,0.3049,1.2148,WA
LN003649,2023-09-04,new_auto,53164.33,0.0868,72,949.89,700-739,6633.7,0.2673,1.1024,OH
LN003650,2024-09-05,refi_auto,53972.63,0.0775,48,1311.31,700-739,3176.98,0.608,1.2304,WA
LN003651,2025-01-26,new_auto,10265.27,0.0614,84,150.65,740-779,4184.21,0.5595,0.9738,WA
LN003652,2023-09-18,used_auto,30131.14,0.1194,60,669.34,660-699,5029.08,0.3222,1.2024,TX
LN003653,2023-11-28,used_auto,45426.76,0.0695,72,773.39,740-779,3483.75,0.75,1.0797,GA
LN003654,2023-09-11,new_auto,22085.7,0.0514,60,418.2,740-779,8502.31,0.1571,0.8457,PA
LN003655,2025-03-19,used_auto,42836.47,0.188,84,920.53,<580,7602.06,0.4065,1.0904,NY
LN003656,2025-03-29,used_auto,53563.86,0.0974,48,1351.84,660-699,3546.68,0.75,0.871,TX
LN003657,2024-01-08,new_auto,31555.19,0.191,48,945.17,<580,2848.41,0.5906,1.061,FL
LN003658,2024-07-20,refi_auto,19391.2,0.1448,60,456.04,620-659,8366.89,0.1789,0.8022,FL
LN003659,2024-09-29,used_auto,16628.78,0.1837,84,353.12,<580,6768.03,0.1226,0.8506,MI
LN003660,2024-12-15,refi_auto,52583.27,0.0679,84,788.24,700-739,6784.85,0.279,1.2068,WA
LN003661,2023-08-06,used_auto,40442.29,0.1997,48,1230.03,<580,10599.98,0.2319,0.9542,FL
LN003662,2023-04-27,used_auto,32891.16,0.0467,60,615.74,780+,9230.1,0.2317,1.1502,MI
LN003663,2025-01-02,new_auto,41782.79,0.0481,48,958.64,780+,3731.25,0.75,0.8264,WA
LN003664,2024-09-30,new_auto,30683.74,0.081,60,623.63,700-739,10230.13,0.2815,0.824,NY
LN003665,2023-07-03,used_auto,32424.71,0.0908,60,674.34,700-739,5120.86,0.5163,1.0887,NY
LN003666,2023-05-23,used_auto,40019.37,0.1508,60,953.74,580-619,4259.18,0.6783,1.0459,AZ
LN003667,2023-04-01,used_auto,41435.75,0.0615,72,689.65,740-779,4009.95,0.7485,1.1978,NY
LN003668,2024-01-31,used_auto,34507.98,0.1718,60,860.96,580-619,7138.88,0.4556,0.8968,NC
LN003669,2025-03-24,new_auto,43600.52,0.077,48,1058.29,700-739,3726.11,0.647,1.2154,WA
LN003670,2023-09-20,used_auto,52794.99,0.0652,72,887.98,700-739,3585.98,0.475,0.9786,FL
LN003671,2023-12-13,new_auto,8739.8,0.0951,72,159.76,660-699,3486.09,0.5933,1.219,NY
LN003672,2023-03-04,new_auto,52434.92,0.0654,60,1026.93,700-739,3436.35,0.7494,1.1507,AZ
LN003673,2024-05-16,used_auto,45382.18,0.0901,72,818.26,660-699,6914.76,0.2283,0.931,NC
LN003674,2023-08-21,used_auto,31697.76,0.1931,84,690.78,<580,3205.99,0.345,1.0948,TX
LN003675,2023-01-08,used_auto,39014.33,0.0899,72,703.06,700-739,10456.86,0.1544,0.9475,CA
LN003676,2024-08-01,new_auto,15848.9,0.1092,84,270.71,660-699,4787.47,0.4733,1.0468,TX
LN003677,2023-07-17,used_auto,50665.42,0.1539,72,1082.08,580-619,3685.11,0.75,0.8284,OH
LN003678,2023-07-03,refi_auto,47942.1,0.196,48,1448.7,<580,10063.52,0.3141,0.9637,OH
LN003679,2023-04-01,new_auto,11108.73,0.1941,72,262.3,<580,9818.06,0.1738,0.8349,NC
LN003680,2023-07-19,used_auto,33416.15,0.2082,84,758.63,<580,7447.27,0.4251,1.0503,AZ
LN003681,2024-10-11,new_auto,52900.35,0.0888,48,1313.42,700-739,6472.21,0.4892,0.8114,OH
LN003682,2025-02-10,new_auto,19583.27,0.0945,48,491.53,700-739,7535.9,0.3851,0.8449,OH
LN003683,2025-05-31,new_auto,27123.1,0.0739,84,414.55,740-779,6610.72,0.2617,0.8321,MI
LN003684,2023-11-10,used_auto,42676.29,0.1529,48,1194.0,580-619,7459.6,0.4467,1.0024,MI
LN003685,2023-01-05,refi_auto,48890.08,0.194,48,1472.16,<580,3857.28,0.5724,0.8925,OH
LN003686,2023-07-14,used_auto,18810.14,0.0636,60,366.81,740-779,6411.51,0.3451,0.9452,WA
LN003687,2025-03-13,used_auto,24605.73,0.1676,60,608.34,580-619,7163.35,0.3017,1.05,NY
LN003688,2024-10-05,used_auto,16208.63,0.1038,60,347.42,660-699,7879.07,0.3396,0.8856,WA
LN003689,2024-05-30,used_auto,40169.7,0.0905,72,725.08,660-699,3046.11,0.75,0.9092,GA
LN003690,2024-04-10,new_auto,36502.05,0.0809,84,570.57,700-739,5146.69,0.3108,0.8609,NY
LN003691,2025-01-20,new_auto,41973.31,0.0768,72,729.39,700-739,3873.14,0.4278,0.8348,PA
LN003692,2025-04-30,used_auto,15803.02,0.1191,84,278.21,660-699,4841.21,0.5824,1.1899,NY
LN003693,2023-10-04,refi_auto,52136.6,0.0689,48,1245.82,740-779,9787.22,0.2605,0.8875,TX
LN003694,2025-06-13,used_auto,14260.05,0.1612,60,347.69,580-619,4894.49,0.4625,0.9545,GA
LN003695,2023-10-18,new_auto,48830.89,0.1367,60,1127.87,620-659,10072.53,0.1943,1.0067,OH
LN003696,2023-03-28,used_auto,41680.28,0.1422,72,863.77,620-659,4467.76,0.7119,1.2203,CA
LN003697,2023-03-24,new_auto,49802.2,0.1579,72,1074.55,580-619,6720.02,0.314,1.1444,AZ
LN003698,2023-03-18,used_auto,16442.7,0.0838,72,291.35,700-739,5904.24,0.3055,1.2047,FL
LN003699,2024-02-01,new_auto,50762.95,0.0732,84,774.11,700-739,8061.79,0.193,0.9133,OH
LN003700,2024-09-28,used_auto,31552.09,0.1633,72,690.17,580-619,6415.6,0.24,0.8965,IL
LN003701,2023-11-20,used_auto,43939.66,0.0821,48,1077.03,700-739,5753.1,0.5833,0.8275,CA
LN003702,2024-12-04,refi_auto,38592.97,0.1439,60,905.81,620-659,9824.38,0.2404,1.056,NY
LN003703,2025-01-11,refi_auto,46200.05,0.1967,72,1097.8,<580,5459.11,0.3536,0.8343,PA
LN003704,2024-01-29,new_auto,54045.54,0.2071,60,1453.31,<580,8890.85,0.3409,1.1062,FL
LN003705,2025-01-31,used_auto,54425.94,0.1391,72,1118.87,620-659,7981.62,0.1939,0.9893,IL
LN003706,2023-04-15,used_auto,25748.13,0.1159,84,448.9,660-699,4787.23,0.3822,0.9393,FL
LN003707,2025-03-02,used_auto,32387.02,0.0647,48,767.61,740-779,5963.21,0.1991,0.8349,OH
LN003708,2023-03-25,new_auto,8422.47,0.0932,60,176.15,660-699,5411.05,0.1629,1.2459,GA
LN003709,2024-03-01,refi_auto,43792.37,0.1856,84,934.85,<580,4153.47,0.75,1.0794,PA
LN003710,2024-07-15,used_auto,13302.54,0.0442,84,184.41,780+,10086.23,0.1156,1.1159,OH
LN003711,2024-04-08,new_auto,29718.39,0.1619,84,593.49,580-619,7866.67,0.3541,1.1386,PA
LN003712,2024-02-06,new_auto,51777.45,0.0584,72,854.2,780+,3495.17,0.75,0.8614,TX
LN003713,2023-06-23,new_auto,30951.87,0.0724,84,470.79,700-739,3355.38,0.75,1.0605,PA
LN003714,2024-03-23,used_auto,42773.78,0.0713,72,731.92,740-779,6547.05,0.2817,1.0117,NY
LN003715,2024-05-04,refi_auto,41009.4,0.0573,60,787.69,780+,7662.87,0.1632,0.9415,IL
LN003716,2025-01-07,used_auto,38141.68,0.1155,60,839.79,660-699,5997.61,0.3661,1.0111,AZ
LN003717,2023-08-24,used_auto,18265.65,0.1882,48,544.41,<580,5394.96,0.4898,1.1678,IL
LN003718,2024-10-09,new_auto,53734.97,0.193,48,1615.2,<580,9971.5,0.3192,1.1454,GA
LN003719,2024-02-07,refi_auto,28000.14,0.0655,84,416.46,700-739,4534.13,0.3292,1.0106,TX
LN003720,2024-11-10,new_auto,11848.72,0.0441,48,269.71,780+,3526.54,0.3714,0.9752,FL
LN003721,2024-08-19,used_auto,21428.48,0.0931,48,536.41,660-699,9986.88,0.1225,0.9248,OH
LN003722,2023-10-11,new_auto,44950.37,0.199,72,1074.08,<580,6123.29,0.3271,0.8709,AZ
LN003723,2024-11-29,used_auto,43897.89,0.1484,72,924.41,620-659,3112.15,0.7417,1.2025,MI
LN003724,2025-01-14,new_auto,50114.42,0.0646,72,841.47,740-779,7393.07,0.391,1.127,WA
LN003725,2023-02-22,new_auto,16015.03,0.1599,72,347.31,580-619,6238.33,0.3995,1.1806,CA
LN003726,2023-10-08,used_auto,44324.34,0.0906,84,714.49,700-739,7629.71,0.329,0.8788,IL
LN003727,2025-06-13,used_auto,28120.92,0.0913,60,585.52,700-739,9249.61,0.2011,0.9147,IL
LN003728,2023-01-01,used_auto,10478.56,0.0408,60,193.36,780+,8251.14,0.1624,0.8171,TX
LN003729,2024-04-26,used_auto,24096.97,0.0864,60,496.01,700-739,5119.52,0.3533,1.1329,MI
LN003730,2024-12-23,used_auto,24013.31,0.1412,60,560.24,620-659,8340.86,0.2756,1.0169,NY
LN003731,2023-12-29,used_auto,27609.84,0.0994,84,457.5,660-699,8932.26,0.1014,0.8268,FL
LN003732,2023-07-13,used_auto,17611.18,0.2066,48,542.13,<580,3365.37,0.6714,1.0365,NC
LN003733,2023-04-15,new_auto,25972.68,0.1605,60,632.3,580-619,8203.9,0.3113,0.8185,WA
LN003734,2025-01-25,new_auto,11996.36,0.0655,84,178.43,780+,3195.81,0.3498,1.2434,AZ
LN003735,2023-02-25,used_auto,25564.12,0.1284,72,511.02,620-659,4848.37,0.4841,1.1893,AZ
LN003736,2023-06-12,new_auto,36429.91,0.126,60,821.45,620-659,6664.05,0.366,0.8217,AZ
LN003737,2023-09-03,new_auto,19293.88,0.0515,84,274.06,780+,6889.1,0.244,1.0087,GA
LN003738,2024-05-31,refi_auto,25741.33,0.1007,72,477.79,660-699,5512.76,0.5127,0.8936,CA
LN003739,2023-07-29,used_auto,40703.06,0.0711,48,976.76,700-739,3684.61,0.4038,0.9718,IL
LN003740,2025-06-18,new_auto,46661.51,0.1361,60,1076.32,620-659,4375.55,0.4628,1.0938,CA
LN003741,2023-05-27,used_auto,54219.68,0.1293,72,1086.41,620-659,5558.16,0.5783,1.009,GA
LN003742,2023-05-07,used_auto,45613.19,0.1327,84,836.5,620-659,6408.13,0.4392,0.9439,WA
LN003743,2023-10-20,new_auto,31831.11,0.0631,48,752.09,740-779,10446.87,0.3008,0.989,PA
LN003744,2024-03-23,used_auto,19983.85,0.0431,84,276.02,780+,4843.84,0.2187,0.9268,IL
LN003745,2024-01-05,used_auto,15937.12,0.125,48,423.61,620-659,4093.0,0.5993,1.1487,PA
LN003746,2024-09-09,used_auto,44115.29,0.0698,60,873.12,700-739,7203.51,0.3388,1.1449,CA
LN003747,2024-11-25,refi_auto,41761.27,0.0936,72,760.25,700-739,9607.24,0.2028,0.8371,WA
LN003748,2023-10-28,used_auto,43209.58,0.111,72,824.67,660-699,5371.25,0.5624,1.0956,OH
LN003749,2023-11-07,used_auto,14785.84,0.1147,48,385.53,660-699,3047.41,0.3101,0.9667,FL
LN003750,2023-03-12,refi_auto,42658.45,0.0503,72,687.61,780+,5507.92,0.3947,0.8042,PA
LN003751,2023-02-14,used_auto,36158.47,0.0754,48,874.95,700-739,3824.47,0.7273,0.9691,WA
LN003752,2024-12-15,used_auto,18739.97,0.0537,72,305.03,780+,10210.32,0.2291,1.2084,TX
LN003753,2025-05-21,used_auto,39303.47,0.1938,48,1183.07,<580,9594.98,0.2786,0.9214,GA
LN003754,2025-04-01,new_auto,27439.45,0.1866,72,636.11,<580,2903.13,0.7262,1.0781,AZ
LN003755,2024-05-29,used_auto,20605.15,0.0644,60,402.58,740-779,6799.92,0.2114,0.8806,WA
LN003756,2023-04-03,refi_auto,48852.59,0.0618,84,717.89,780+,6817.06,0.4541,0.9523,MI
LN003757,2023-11-29,used_auto,49572.06,0.0806,48,1211.6,700-739,5649.71,0.5745,0.8494,MI
LN003758,2025-02-03,used_auto,11804.69,0.0626,72,197.09,740-779,10838.9,0.1699,0.9893,NY
LN003759,2023-03-15,used_auto,8665.1,0.1071,72,163.65,660-699,5371.39,0.3898,0.8525,NY
LN003760,2024-01-18,new_auto,54255.31,0.1256,72,1076.57,620-659,10231.65,0.3445,1.0298,GA
LN003761,2023-11-16,new_auto,14046.99,0.0935,84,228.51,700-739,10209.03,0.1588,1.1326,PA
LN003762,2024-10-04,used_auto,26228.14,0.0646,72,440.39,740-779,7109.87,0.2949,1.1723,IL
LN003763,2023-09-24,used_auto,12007.91,0.0517,60,227.54,780+,3279.33,0.3001,1.0821,WA
LN003764,2023-05-17,used_auto,47046.57,0.1255,72,933.28,620-659,9472.37,0.3107,0.9899,NY
LN003765,2025-02-10,new_auto,30685.81,0.1922,48,921.08,<580,3706.89,0.5881,1.2379,IL
LN003766,2025-04-11,used_auto,48526.16,0.1873,48,1444.03,<580,9662.21,0.2735,0.9557,GA
LN003767,2023-12-28,used_auto,16167.51,0.1804,60,410.9,<580,5656.04,0.3264,1.0885,NC
LN003768,2023-01-09,used_auto,42376.3,0.095,72,774.41,660-699,9363.18,0.1259,0.9341,WA
LN003769,2024-12-27,refi_auto,15489.32,0.1861,60,398.48,<580,8969.66,0.1647,1.0357,NC
LN003770,2025-05-09,used_auto,25904.04,0.1424,72,537.11,620-659,3844.06,0.6585,1.1542,GA
LN003771,2024-03-15,used_auto,40453.59,0.1845,60,1037.18,<580,9645.4,0.2722,1.109,AZ
LN003772,2024-10-27,used_auto,31762.06,0.0795,60,643.26,740-779,8222.79,0.2773,0.8899,AZ
LN003773,2023-08-03,used_auto,12412.7,0.0669,48,295.46,780+,6626.39,0.369,0.8135,AZ
LN003774,2023-06-12,used_auto,18741.15,0.1095,72,356.24,660-699,6737.32,0.2778,1.0925,GA
LN003775,2025-01-04,new_auto,32224.81,0.0491,60,606.79,780+,4448.62,0.5645,1.075,FL
LN003776,2023-07-22,used_auto,54430.79,0.0659,60,1067.3,700-739,6822.66,0.2856,1.0848,AZ
LN003777,2023-12-04,used_auto,15299.12,0.0575,72,251.75,740-779,3834.38,0.5655,1.2288,GA
LN003778,2023-03-05,new_auto,37673.89,0.0914,60,784.61,660-699,3247.02,0.6378,1.0046,NC
LN003779,2024-07-08,new_auto,48331.81,0.0619,60,938.67,740-779,5129.12,0.6274,0.9314,IL
LN003780,2024-12-31,used_auto,45568.15,0.198,60,1202.21,<580,6962.96,0.5143,1.2092,CA
LN003781,2024-02-23,new_auto,29939.84,0.1349,72,608.79,620-659,7509.62,0.2064,1.1266,MI
LN003782,2024-02-01,used_auto,14470.31,0.1171,60,319.77,660-699,10662.22,0.2126,1.1622,CA
LN003783,2024-07-29,used_auto,38857.8,0.0713,48,932.84,740-779,10092.84,0.3407,1.0532,OH
LN003784,2025-04-08,new_auto,39532.44,0.0873,72,707.31,700-739,8870.9,0.2041,1.0161,GA
LN003785,2023-02-04,new_auto,49426.3,0.0776,84,764.47,740-779,5614.74,0.3406,1.1496,WA
LN003786,2023-08-02,refi_auto,40779.66,0.0568,84,589.5,780+,8907.48,0.2384,0.8637,IL
LN003787,2025-03-09,refi_auto,44862.28,0.0759,60,900.87,700-739,5945.71,0.2244,0.8527,OH
LN003788,2024-05-19,used_auto,9442.47,0.1915,72,221.55,<580,8305.11,0.1834,1.1175,PA
LN003789,2024-12-30,refi_auto,14383.17,0.2001,48,437.76,<580,10199.53,0.277,1.2169,NY
LN003790,2024-03-29,used_auto,52344.64,0.0697,84,789.25,700-739,6047.35,0.3701,1.2403,FL
LN003791,2024-03-06,new_auto,28858.52,0.0479,72,461.96,780+,6926.95,0.4379,0.9689,NC
LN003792,2023-10-21,used_auto,35227.35,0.2009,72,845.63,<580,6126.18,0.5111,1.0207,NY
LN003793,2025-01-13,used_auto,9596.46,0.0728,84,146.15,700-739,4450.06,0.2434,0.9766,IL
LN003794,2023-09-04,refi_auto,54744.65,0.1881,84,1176.75,<580,10132.98,0.2976,1.0228,WA
LN003795,2023-04-07,used_auto,32321.76,0.0801,48,789.22,700-739,3276.69,0.4709,0.8956,FL
LN003796,2023-02-19,used_auto,27853.82,0.0655,60,545.64,780+,5393.14,0.5769,1.1498,AZ
LN003797,2024-09-14,new_auto,10432.2,0.1804,48,306.66,<580,9192.56,0.1693,1.1744,NC
LN003798,2024-06-15,new_auto,9202.04,0.0775,48,223.57,740-779,10722.64,0.248,1.0028,PA
LN003799,2025-05-14,new_auto,28728.31,0.0617,60,557.67,780+,7972.59,0.3211,0.9274,GA
LN003800,2024-08-12,new_auto,34965.66,0.0791,72,611.53,740-779,3658.0,0.3411,1.039,GA
LN003801,2024-10-14,used_auto,14742.22,0.096,48,371.08,660-699,5671.25,0.1848,1.0971,OH
LN003802,2025-02-12,used_auto,24847.71,0.067,48,591.56,700-739,10725.1,0.212,0.8188,MI
LN003803,2024-09-28,refi_auto,8676.82,0.0738,72,149.52,700-739,3317.04,0.286,1.0541,IL
LN003804,2024-03-04,used_auto,42248.8,0.0568,60,810.52,740-779,4824.6,0.4982,1.0014,NC
LN003805,2025-05-07,used_auto,54705.99,0.1016,60,1166.65,660-699,9700.66,0.2802,1.2221,CA
LN003806,2023-08-12,used_auto,47078.06,0.0395,60,865.95,780+,7426.24,0.4128,1.0117,PA
LN003807,2025-02-13,new_auto,40886.91,0.0958,48,1028.77,660-699,6986.37,0.3328,0.8725,IL
LN003808,2023-06-20,used_auto,49012.09,0.0896,48,1218.74,700-739,4278.96,0.75,0.9091,TX
LN003809,2023-03-21,new_auto,22519.11,0.0924,72,408.61,660-699,3761.2,0.3456,1.1902,NC
LN003810,2025-03-12,new_auto,28572.54,0.1035,84,479.52,660-699,6845.0,0.3191,1.2444,AZ
LN003811,2024-03-30,used_auto,43872.25,0.0912,48,1094.26,700-739,10359.31,0.2569,1.2422,MI
LN003812,2023-01-14,new_auto,24803.52,0.0687,60,489.62,740-779,4753.46,0.5741,0.8941,GA
LN003813,2023-06-29,used_auto,13205.92,0.1162,60,291.23,660-699,4983.56,0.4023,1.0981,GA
LN003814,2023-09-22,used_auto,29870.73,0.1257,84,536.45,620-659,5110.79,0.5455,1.0145,WA
LN003815,2025-04-06,used_auto,22531.22,0.0969,72,413.9,660-699,9077.24,0.1758,1.1236,OH
LN003816,2024-09-10,refi_auto,32355.78,0.0694,72,550.7,700-739,3943.87,0.4749,1.1796,IL
LN003817,2025-01-23,used_auto,46369.48,0.05,48,1067.86,780+,9047.56,0.1873,0.8505,GA
LN003818,2024-05-21,new_auto,18914.5,0.1159,48,494.29,660-699,5422.09,0.3385,1.1312,TX
LN003819,2023-08-03,new_auto,27444.27,0.091,48,684.26,700-739,10758.55,0.2121,1.0268,CA
LN003820,2023-02-22,new_auto,28394.14,0.0711,60,563.71,740-779,9027.1,0.1848,1.2289,NY
LN003821,2024-08-14,new_auto,43040.64,0.0493,60,810.85,780+,8442.83,0.366,1.1498,FL
LN003822,2025-06-13,used_auto,49629.63,0.1242,72,981.14,620-659,6506.98,0.3269,0.9426,MI
LN003823,2023-07-27,refi_auto,52112.65,0.0691,84,784.23,740-779,4377.5,0.5439,1.1707,FL
LN003824,2024-11-18,refi_auto,42732.32,0.0662,84,637.04,780+,3527.12,0.3627,1.0364,GA
LN003825,2024-05-07,used_auto,40336.94,0.0773,84,623.29,740-779,7556.05,0.2701,1.1311,GA
LN003826,2023-10-13,new_auto,49936.57,0.0565,84,721.15,740-779,3001.6,0.75,0.955,NC
LN003827,2025-03-26,used_auto,48902.26,0.0706,48,1172.39,700-739,7480.54,0.4654,1.2131,IL
LN003828,2025-02-10,used_auto,52716.86,0.1527,60,1261.61,580-619,10451.91,0.3067,0.8628,WA
LN003829,2023-04-08,refi_auto,54946.21,0.1918,72,1290.13,<580,4773.35,0.6213,1.1904,PA
LN003830,2023-09-02,new_auto,21075.62,0.1153,60,463.83,660-699,5410.04,0.5247,1.1995,CA
LN003831,2023-06-04,new_auto,49855.39,0.1304,60,1135.38,620-659,3029.52,0.75,0.8713,GA
LN003832,2024-01-25,new_auto,22229.94,0.1084,72,421.31,660-699,10867.6,0.1929,1.1398,MI
LN003833,2025-01-26,used_auto,45280.67,0.1075,84,769.38,660-699,8164.8,0.1681,0.8665,MI
LN003834,2024-03-24,used_auto,47970.4,0.1922,72,1127.44,<580,5964.66,0.6103,0.8946,GA
LN003835,2024-07-11,used_auto,46728.26,0.2083,60,1259.69,<580,4529.38,0.6465,1.183,NC
LN003836,2023-03-21,used_auto,38600.14,0.1587,84,763.82,580-619,10449.85,0.2512,0.9768,GA
LN003837,2023-06-05,new_auto,34043.13,0.1316,48,916.0,620-659,6646.53,0.4443,1.2354,PA
LN003838,2025-03-12,new_auto,17751.78,0.0767,72,308.39,740-779,7791.05,0.2365,1.1645,AZ
LN003839,2024-11-27,used_auto,37689.36,0.103,60,806.36,660-699,4883.84,0.5407,0.9002,TX
LN003840,2025-02-08,new_auto,41526.49,0.1407,84,779.81,620-659,6178.8,0.4646,0.9942,FL
LN003841,2025-05-24,used_auto,22953.23,0.0672,48,546.67,700-739,7174.06,0.2336,1.0769,GA
LN003842,2023-03-23,refi_auto,24543.78,0.1729,48,711.9,580-619,7997.61,0.2797,1.0372,TX
LN003843,2024-03-04,refi_auto,27484.88,0.0913,48,685.66,660-699,4297.78,0.452,0.8028,IL
LN003844,2025-04-22,new_auto,20306.79,0.1998,60,537.78,<580,6991.12,0.3337,0.8477,WA
LN003845,2023-10-22,used_auto,50371.66,0.0983,48,1273.45,660-699,6214.59,0.4911,1.0456,MI
LN003846,2024-11-30,refi_auto,18379.9,0.0638,48,434.86,780+,6330.7,0.1513,0.88,OH
LN003847,2023-03-20,new_auto,32667.1,0.1559,72,701.26,580-619,8888.79,0.3336,0.8063,CA
LN003848,2023-12-21,new_auto,29810.57,0.0701,72,508.38,700-739,2996.62,0.4822,1.0965,AZ
LN003849,2023-07-23,new_auto,28005.45,0.0523,72,454.02,780+,7235.28,0.1892,0.9001,CA
LN003850,2025-03-29,new_auto,29388.84,0.1128,72,563.61,660-699,4894.84,0.5611,0.8768,PA
LN003851,2024-07-16,new_auto,43646.53,0.0703,48,1045.78,700-739,9529.66,0.1932,1.2312,CA
LN003852,2024-07-14,used_auto,10235.26,0.1076,72,193.56,660-699,3937.27,0.6228,1.1928,TX
LN003853,2024-05-03,used_auto,27601.61,0.1629,72,603.15,580-619,10711.86,0.2684,1.1417,WA
LN003854,2023-09-10,used_auto,21092.2,0.1475,48,584.34,620-659,4699.81,0.4907,0.9074,WA
LN003855,2023-09-03,used_auto,42867.85,0.0551,72,700.57,740-779,7722.9,0.3744,1.1547,PA
LN003856,2024-09-02,refi_auto,21897.33,0.1428,60,512.7,620-659,6751.02,0.2633,0.9156,IL
LN003857,2024-10-17,new_auto,42373.09,0.0877,48,1049.83,700-739,4366.83,0.75,1.0352,OH
LN003858,2023-01-21,new_auto,27338.84,0.0574,60,525.24,740-779,7644.42,0.1345,0.9437,MI
LN003859,2023-11-19,used_auto,20801.95,0.0591,84,302.99,780+,8218.49,0.1751,0.8125,CA
LN003860,2024-04-26,refi_auto,29931.35,0.0701,48,716.88,700-739,7837.17,0.2782,0.93,IL
LN003861,2023-07-25,used_auto,40515.31,0.0791,84,629.67,700-739,10505.17,0.2769,0.8044,WA
LN003862,2024-05-13,used_auto,39941.25,0.1351,72,812.58,620-659,10305.92,0.2308,0.9483,NY
LN003863,2023-03-01,used_auto,36147.15,0.1021,48,920.43,660-699,6428.36,0.2804,0.9703,OH
LN003864,2023-08-04,used_auto,20375.88,0.0544,48,473.31,740-779,7254.5,0.1789,1.0325,PA
LN003865,2024-01-09,used_auto,48306.63,0.0887,72,867.64,700-739,2838.93,0.6139,0.9112,CA
LN003866,2024-03-16,new_auto,36561.92,0.1113,84,628.53,660-699,10789.04,0.1715,1.1105,GA
LN003867,2024-04-15,refi_auto,51960.1,0.0715,48,1247.87,700-739,6304.3,0.4011,1.0355,MI
LN003868,2025-04-29,used_auto,34013.35,0.1575,60,822.63,580-619,6797.37,0.4668,0.8705,PA
LN003869,2025-05-19,used_auto,8536.93,0.1487,72,179.91,620-659,4770.7,0.2907,1.1332,GA
LN003870,2023-04-06,used_auto,54139.18,0.1856,84,1155.73,<580,10013.24,0.2191,1.1893,CA
LN003871,2024-11-19,used_auto,30975.26,0.1416,84,583.22,620-659,10821.85,0.1462,1.0202,AZ
LN003872,2024-09-09,used_auto,20946.59,0.1077,48,539.04,660-699,7522.57,0.2468,1.0403,OH
LN003873,2025-03-09,used_auto,53903.13,0.1001,84,895.13,660-699,10555.63,0.1713,0.9732,TX
LN003874,2025-01-16,used_auto,19788.45,0.0753,60,396.8,700-739,10249.89,0.1639,1.2068,IL
LN003875,2024-03-15,new_auto,48666.18,0.1806,48,1431.1,<580,8587.25,0.3405,1.1976,IL
LN003876,2025-03-23,refi_auto,9489.76,0.0907,60,197.31,700-739,9401.96,0.2736,1.0263,PA
LN003877,2024-02-25,used_auto,11212.66,0.1116,48,290.67,660-699,5975.09,0.302,0.8815,NY
LN003878,2024-04-05,new_auto,9506.33,0.1361,72,193.91,620-659,6405.16,0.2837,1.1212,CA
LN003879,2025-05-10,used_auto,46033.19,0.0598,48,1080.67,780+,7336.46,0.2449,1.1466,CA
LN003880,2024-11-20,used_auto,34423.98,0.1692,72,764.26,580-619,10276.73,0.1485,1.0599,IL
LN003881,2025-03-08,refi_auto,9214.15,0.1959,48,278.38,<580,8696.15,0.166,1.2497,MI
LN003882,2024-06-26,new_auto,41523.32,0.0409,72,651.34,780+,4558.94,0.6645,0.8914,MI
LN003883,2024-07-14,used_auto,31218.89,0.1048,48,799.01,660-699,6368.7,0.4032,0.915,WA
LN003884,2024-01-14,new_auto,43237.52,0.0391,48,974.52,780+,8920.04,0.2211,1.153,GA
LN003885,2024-09-13,new_auto,48488.24,0.1837,84,1029.66,<580,5361.26,0.5849,1.0,NC
LN003886,2023-07-31,used_auto,42807.46,0.1553,72,917.53,580-619,8943.1,0.2225,1.0041,WA
LN003887,2024-10-19,refi_auto,41425.54,0.1373,60,958.11,620-659,10148.26,0.2151,1.1586,IL
LN003888,2024-06-04,new_auto,27319.24,0.1089,72,518.46,660-699,10932.66,0.1736,1.2228,NC
LN003889,2023-03-03,used_auto,52180.95,0.079,60,1055.55,740-779,10628.95,0.2372,0.8301,WA
LN003890,2023-05-04,refi_auto,43008.24,0.1243,48,1141.67,620-659,9327.98,0.3288,1.023,PA
LN003891,2023-03-04,used_auto,8095.06,0.1391,84,151.3,620-659,5173.7,0.202,0.809,FL
LN003892,2024-05-21,refi_auto,10767.0,0.0988,60,228.13,660-699,10183.12,0.15,0.9786,NC
LN003893,2024-12-06,used_auto,54984.07,0.1031,60,1176.65,660-699,10027.04,0.2835,1.118,NC
LN003894,2024-12-14,used_auto,42840.59,0.1598,84,850.41,580-619,9961.44,0.2936,0.8803,NC
LN003895,2025-01-06,used_auto,51088.38,0.1706,60,1271.33,580-619,6996.11,0.4367,1.0192,GA
LN003896,2023-03-15,new_auto,48636.63,0.1154,84,846.65,660-699,3084.09,0.75,0.9404,GA
LN003897,2023-12-10,refi_auto,35004.03,0.0746,72,604.55,700-739,10964.01,0.1463,1.0171,GA
LN003898,2024-09-27,new_auto,45924.25,0.2097,60,1241.63,<580,10844.88,0.1605,0.8919,TX
LN003899,2023-03-08,refi_auto,23052.81,0.1139,72,443.41,660-699,3069.08,0.75,0.9768,NY
LN003900,2023-02-26,used_auto,48929.84,0.1341,48,1322.64,620-659,9894.13,0.2085,1.1469,WA
LN003901,2023-06-10,used_auto,27079.41,0.0997,48,686.41,660-699,5459.44,0.4955,0.8804,AZ
LN003902,2024-05-27,new_auto,48534.45,0.0683,72,823.51,780+,4614.29,0.3718,0.875,WA
LN003903,2023-12-07,new_auto,33857.04,0.0904,48,843.18,660-699,4766.04,0.7072,0.8144,NC
LN003904,2024-02-23,new_auto,25773.71,0.1442,84,489.0,620-659,5232.22,0.3096,0.9675,CA
LN003905,2023-06-10,new_auto,8523.32,0.1421,72,176.59,620-659,10850.57,0.0548,1.2338,IL
LN003906,2024-11-20,new_auto,26728.45,0.0538,72,435.19,780+,5172.21,0.2154,0.8859,IL
LN003907,2023-06-04,refi_auto,40836.96,0.0827,60,833.31,700-739,10448.78,0.185,0.9787,GA
LN003908,2025-03-30,used_auto,9644.62,0.1394,72,198.42,620-659,8257.2,0.0892,0.8393,IL
LN003909,2023-08-12,used_auto,52749.72,0.0413,60,974.56,780+,6691.9,0.3767,1.0646,CA
LN003910,2024-11-16,new_auto,45722.92,0.058,72,753.45,740-779,9419.32,0.2005,1.0909,CA
LN003911,2024-01-21,used_auto,40322.73,0.0684,72,684.37,700-739,6218.39,0.2059,0.9248,CA
LN003912,2024-11-22,refi_auto,45813.01,0.1329,72,926.68,620-659,4835.74,0.644,0.8574,OH
LN003913,2024-12-08,used_auto,9838.93,0.0593,48,230.75,780+,10837.84,0.0587,0.9214,CA
LN003914,2024-11-05,used_auto,11398.18,0.1668,72,251.53,580-619,3157.19,0.75,1.0705,OH
LN003915,2024-05-14,used_auto,52574.88,0.1366,48,1427.74,620-659,9437.88,0.4021,1.0319,IL
LN003916,2023-02-12,used_auto,32496.2,0.1205,48,856.55,620-659,5503.54,0.4899,1.2452,PA
LN003917,2023-04-26,new_auto,18181.63,0.1714,48,525.95,580-619,5587.31,0.1788,1.1775,WA
LN003918,2024-11-04,new_auto,25702.78,0.0785,60,519.32,740-779,5598.45,0.4163,1.1243,GA
LN003919,2024-12-19,used_auto,9787.71,0.0555,48,227.85,740-779,9178.73,0.308,0.8437,GA
LN003920,2024-03-16,used_auto,49816.29,0.0938,48,1248.69,700-739,4118.26,0.75,0.9308,NC
LN003921,2023-06-12,used_auto,14776.77,0.0534,72,240.32,740-779,7441.05,0.3415,0.9784,TX
LN003922,2023-03-18,used_auto,37229.02,0.1147,72,717.61,660-699,7595.26,0.3471,0.9445,FL
LN003923,2024-03-03,refi_auto,14985.87,0.0973,48,378.14,660-699,8736.75,0.1545,0.9947,AZ
LN003924,2024-10-08,used_auto,48970.04,0.1128,84,845.71,660-699,5706.27,0.5463,1.2136,CA
LN003925,2025-02-10,new_auto,35010.87,0.1304,48,939.95,620-659,5286.29,0.6393,1.0564,GA
LN003926,2025-06-17,new_auto,20721.49,0.1212,84,367.12,620-659,3982.18,0.5927,1.2194,MI
LN003927,2025-01-14,refi_auto,44136.58,0.1454,48,1218.09,620-659,6668.46,0.2914,0.922,PA
LN003928,2025-04-14,used_auto,12419.18,0.0446,48,282.98,780+,10119.32,0.213,1.0558,MI
LN003929,2023-09-09,new_auto,26652.46,0.1051,48,682.52,660-699,8440.2,0.3512,0.89,OH
LN003930,2024-06-27,new_auto,18304.65,0.0471,72,292.34,780+,9691.27,0.2247,1.0132,MI
LN003931,2023-07-02,refi_auto,13874.26,0.0702,84,209.54,700-739,7817.68,0.1829,1.076,MI
LN003932,2023-08-30,used_auto,46081.06,0.0936,84,749.85,700-739,8444.38,0.1723,0.9864,CA
LN003933,2023-12-19,used_auto,18842.71,0.0576,60,362.18,740-779,7826.78,0.2681,1.1387,MI
LN003934,2025-05-20,used_auto,34368.11,0.0875,48,851.18,700-739,4120.19,0.75,1.2177,FL
LN003935,2023-01-19,new_auto,48462.0,0.0539,48,1124.63,780+,6248.06,0.4426,0.9633,FL
LN003936,2025-05-09,used_auto,34855.42,0.058,60,670.62,740-779,9170.95,0.2767,0.9249,AZ
LN003937,2024-06-25,new_auto,11441.5,0.1423,60,267.59,620-659,10588.2,0.216,0.8557,GA
LN003938,2025-02-01,used_auto,53417.61,0.0757,48,1293.32,740-779,10085.17,0.26,1.0189,OH
LN003939,2024-07-18,used_auto,14379.94,0.0916,48,358.94,660-699,3451.68,0.75,0.9329,NY
LN003940,2024-04-25,new_auto,30008.93,0.1067,84,508.63,660-699,2946.32,0.3718,1.0458,WA
LN003941,2024-09-22,used_auto,24252.24,0.0967,72,445.27,660-699,3968.23,0.3929,1.0662,FL
LN003942,2024-04-01,new_auto,49598.41,0.1648,84,998.73,580-619,9113.69,0.2635,0.9135,AZ
LN003943,2024-06-22,new_auto,13012.58,0.1141,72,250.42,660-699,4330.95,0.2009,1.2165,OH
LN003944,2024-05-15,new_auto,41415.85,0.0957,60,871.23,660-699,7575.97,0.2829,1.1446,PA
LN003945,2024-08-24,refi_auto,16288.26,0.0735,72,280.44,740-779,6589.4,0.4038,1.0816,PA
LN003946,2025-01-09,used_auto,45205.0,0.1293,84,820.65,620-659,3259.02,0.6333,1.1157,NY
LN003947,2024-02-22,new_auto,23995.65,0.0689,48,573.38,700-739,4031.75,0.75,0.9428,CA
LN003948,2024-06-21,used_auto,41091.63,0.0642,72,689.18,740-779,6174.38,0.5281,1.0902,AZ
LN003949,2025-06-13,used_auto,43800.57,0.0655,84,651.47,740-779,4565.04,0.43,1.2138,NY
LN003950,2023-03-08,new_auto,41776.4,0.0734,72,719.09,740-779,10820.76,0.2225,1.1169,CA
LN003951,2024-04-16,new_auto,28596.69,0.0569,72,469.76,740-779,10682.11,0.0921,1.0784,NY
LN003952,2024-07-30,used_auto,14469.05,0.1102,84,247.9,660-699,10043.4,0.1419,1.1446,IL
LN003953,2024-07-17,used_auto,34799.04,0.0602,60,673.09,780+,9442.74,0.2987,0.8091,WA
LN003954,2023-03-01,new_auto,9417.44,0.0873,60,194.26,700-739,6937.8,0.215,0.9873,GA
LN003955,2023-02-13,new_auto,30956.81,0.1376,48,842.22,620-659,4877.54,0.5175,1.1396,IL
LN003956,2024-10-08,used_auto,37725.93,0.0885,48,936.13,700-739,8243.16,0.1642,1.1209,MI
LN003957,2025-06-16,used_auto,16619.46,0.0947,60,348.8,660-699,6766.92,0.3296,1.0885,WA
LN003958,2023-02-15,refi_auto,27906.34,0.0861,60,574.02,700-739,7877.08,0.3516,0.8893,MI
LN003959,2023-07-30,new_auto,29843.18,0.1723,48,864.68,580-619,4276.34,0.4075,1.2095,NY
LN003960,2025-03-16,refi_auto,29774.9,0.1403,84,558.48,620-659,6881.19,0.2073,1.2064,FL
LN003961,2024-12-26,used_auto,23735.9,0.1156,72,458.63,660-699,3194.32,0.7272,0.8041,AZ
LN003962,2025-06-07,used_auto,20067.75,0.0791,84,311.88,700-739,3415.1,0.75,1.0825,PA
LN003963,2024-12-25,used_auto,12010.94,0.1998,48,365.37,<580,6747.23,0.1996,0.9774,GA
LN003964,2025-02-25,used_auto,39419.79,0.0792,48,960.87,700-739,6567.6,0.4587,0.8766,NY
LN003965,2025-05-17,used_auto,38852.38,0.0973,48,980.37,660-699,4587.8,0.4679,0.8888,IL
LN003966,2024-07-27,new_auto,25033.13,0.106,84,423.38,660-699,6814.89,0.2242,0.8047,CA
LN003967,2025-01-13,used_auto,16265.31,0.0707,72,277.85,740-779,9455.88,0.2674,0.9206,GA
LN003968,2023-07-29,refi_auto,11382.89,0.0704,48,272.79,740-779,4934.53,0.4474,1.1549,AZ
LN003969,2024-12-15,refi_auto,13043.89,0.1072,60,281.79,660-699,9857.19,0.2737,0.9502,OH
LN003970,2024-02-15,used_auto,43816.52,0.1375,48,1191.86,620-659,7962.29,0.4311,0.977,NY
LN003971,2024-02-03,new_auto,26511.68,0.0507,48,611.39,780+,9298.85,0.1215,1.1055,OH
LN003972,2023-04-03,used_auto,48895.97,0.209,48,1511.47,<580,9942.98,0.3779,1.0256,NY
LN003973,2024-09-10,used_auto,48587.01,0.0726,84,739.5,740-779,8938.72,0.372,1.0839,GA
LN003974,2024-04-25,new_auto,51329.94,0.1166,72,994.46,660-699,7562.11,0.3427,0.9983,WA
LN003975,2024-09-11,used_auto,32290.96,0.1975,48,978.33,<580,6688.47,0.5303,1.112,GA
LN003976,2024-11-03,used_auto,12516.66,0.0738,60,250.1,700-739,10786.42,0.2522,0.8043,FL
LN003977,2023-09-26,new_auto,40684.47,0.0681,60,801.96,700-739,6006.98,0.4096,1.0119,GA
LN003978,2023-05-19,new_auto,28424.27,0.1964,72,674.92,<580,3421.09,0.6356,0.8376,WA
LN003979,2025-02-09,new_auto,20497.9,0.086,72,365.43,700-739,3317.62,0.6223,1.1584,CA
LN003980,2023-05-13,used_auto,50638.08,0.1001,60,1076.16,660-699,4072.14,0.7367,0.9627,WA
LN003981,2023-06-01,used_auto,39404.5,0.0911,84,636.18,700-739,4398.67,0.6276,0.8681,PA
LN003982,2024-06-23,used_auto,36592.59,0.0567,60,701.84,740-779,5725.88,0.2477,1.1842,IL
LN003983,2024-11-11,used_auto,50007.32,0.1005,84,831.47,660-699,5262.63,0.6283,0.9847,OH
LN003984,2023-09-09,used_auto,27380.93,0.0703,72,467.21,740-779,3077.39,0.75,1.2036,CA
LN003985,2024-07-06,refi_auto,13776.48,0.0665,72,232.57,740-779,8752.99,0.0847,1.0458,NC
LN003986,2023-01-13,used_auto,46484.77,0.1483,48,1289.7,620-659,8926.83,0.2727,0.85,MI
LN003987,2023-09-17,new_auto,34414.56,0.0843,84,543.8,700-739,6789.15,0.2984,1.2348,NC
LN003988,2023-10-30,used_auto,28987.23,0.1143,84,502.91,660-699,5890.81,0.4633,1.1536,GA
LN003989,2023-08-23,new_auto,18305.13,0.059,84,266.53,740-779,6430.02,0.3581,0.9838,NY
LN003990,2023-03-18,used_auto,48449.11,0.0437,84,670.52,780+,10342.99,0.1397,0.8515,MI
LN003991,2023-06-18,new_auto,21637.99,0.1965,84,475.95,<580,4807.96,0.6338,0.8226,CA
LN003992,2025-06-04,new_auto,50689.34,0.0651,84,752.95,700-739,3870.63,0.5347,1.0809,AZ
LN003993,2023-01-17,new_auto,11573.65,0.0757,84,177.92,700-739,6497.35,0.4196,0.9844,IL
LN003994,2023-08-26,used_auto,22902.94,0.0684,48,546.74,700-739,6400.49,0.2504,1.2396,GA
LN003995,2024-09-01,new_auto,28737.36,0.1059,72,540.97,660-699,7096.58,0.3825,1.0277,AZ
LN003996,2023-09-26,refi_auto,48988.32,0.0786,60,990.03,700-739,3728.5,0.7456,1.0408,OH
LN003997,2024-05-05,used_auto,51837.18,0.0409,84,710.7,780+,4793.9,0.4907,0.8815,OH
LN003998,2024-03-31,used_auto,19139.15,0.1092,48,493.92,660-699,3961.15,0.5076,1.0318,MI
LN003999,2024-04-25,used_auto,44916.14,0.1175,48,1177.31,660-699,10407.74,0.3113,1.1747,MI
LN004000,2024-10-16,used_auto,39434.24,0.1155,60,868.25,660-699,3840.03,0.4376,1.0676,TX
LN004001,2023-10-19,new_auto,8577.88,0.0476,48,196.61,780+,6392.83,0.224,1.0477,TX
LN004002,2025-06-09,used_auto,34867.67,0.1283,60,790.32,620-659,5181.69,0.2831,1.096,NC
LN004003,2023-07-27,new_auto,36673.18,0.1574,48,1034.45,580-619,9153.17,0.3401,0.9513,MI
LN004004,2024-07-08,new_auto,41543.0,0.0574,84,601.72,780+,5372.9,0.5578,1.0634,TX
LN004005,2024-07-27,refi_auto,15352.23,0.0706,48,368.06,700-739,7674.17,0.3627,1.0364,NC
LN004006,2024-04-21,new_auto,30122.4,0.0695,60,595.75,740-779,9181.79,0.297,1.2429,GA
LN004007,2024-08-05,used_auto,30036.55,0.1266,60,678.21,620-659,9914.64,0.2964,0.9854,NC
LN004008,2024-12-03,refi_auto,31652.51,0.0748,72,546.97,700-739,10803.87,0.2487,1.1393,AZ
LN004009,2025-01-16,refi_auto,39102.7,0.1333,60,896.33,620-659,7724.93,0.2125,1.0744,WA
LN004010,2024-04-04,new_auto,51666.76,0.1984,60,1364.26,<580,8455.84,0.247,0.9601,PA
LN004011,2023-05-04,new_auto,19167.28,0.16,72,415.77,580-619,8299.83,0.2939,0.9914,CA
LN004012,2023-04-03,new_auto,35450.52,0.1152,84,616.74,660-699,4149.64,0.67,0.9421,WA
LN004013,2024-05-21,used_auto,47829.87,0.0528,48,1107.57,780+,10854.2,0.2749,0.9369,MI
LN004014,2024-05-03,used_auto,40462.08,0.0742,72,698.03,740-779,4405.53,0.4449,1.0784,FL
LN004015,2025-03-27,new_auto,37103.04,0.1011,84,618.07,660-699,8874.23,0.3561,0.9571,NY
LN004016,2024-07-20,used_auto,27524.17,0.0555,60,526.38,740-779,7184.78,0.2262,1.0464,NC
LN004017,2025-02-28,used_auto,16608.58,0.076,72,287.97,740-779,4640.04,0.4181,1.1664,FL
LN004018,2025-06-10,refi_auto,42077.13,0.1551,48,1181.94,580-619,4626.1,0.3911,0.9086,GA
LN004019,2024-05-28,used_auto,46957.22,0.0809,60,954.15,700-739,3073.38,0.75,1.1076,NY
LN004020,2024-03-11,used_auto,51870.2,0.0545,48,1205.14,780+,6271.76,0.3127,1.0411,MI
LN004021,2025-02-10,new_auto,26757.26,0.0794,72,468.36,700-739,7425.8,0.2499,0.9096,MI
LN004022,2023-01-13,used_auto,22967.22,0.1424,84,433.46,620-659,6747.4,0.3384,0.9592,OH
LN004023,2023-11-30,new_auto,46778.78,0.2025,48,1429.73,<580,3011.49,0.75,0.9441,PA
LN004024,2023-01-22,new_auto,30768.25,0.0988,72,568.15,660-699,9230.33,0.2549,0.8209,FL
LN004025,2023-11-07,new_auto,45269.63,0.1226,48,1197.91,620-659,9271.52,0.3468,1.2213,IL
LN004026,2024-10-12,used_auto,8647.53,0.1401,84,162.1,620-659,9085.52,0.2609,0.8387,MI
LN004027,2023-02-16,refi_auto,12198.63,0.0844,48,300.33,700-739,8577.95,0.1946,1.0945,TX
LN004028,2024-08-07,used_auto,23778.61,0.189,60,615.52,<580,3867.01,0.5343,0.9828,IL
LN004029,2025-01-26,refi_auto,26068.07,0.0832,72,461.14,700-739,7915.28,0.2011,1.0921,WA
LN004030,2024-02-18,used_auto,31791.83,0.0512,60,601.7,740-779,9265.79,0.2016,1.0531,OH
LN004031,2023-12-24,refi_auto,22306.86,0.0998,48,565.55,660-699,6773.01,0.3128,0.8994,CA
LN004032,2024-10-07,used_auto,48945.36,0.07,72,834.47,740-779,5031.6,0.5234,1.1525,WA
LN004033,2024-12-28,used_auto,39546.09,0.0911,48,986.17,660-699,8782.98,0.2229,0.8953,PA
LN004034,2023-11-05,used_auto,49030.22,0.2017,84,1093.8,<580,6865.68,0.2707,0.9423,TX
LN004035,2024-08-27,used_auto,42720.8,0.0665,84,637.49,700-739,4528.21,0.471,0.8063,PA
LN004036,2024-07-12,refi_auto,53572.76,0.0678,48,1277.41,780+,4627.6,0.371,1.1861,OH
LN004037,2024-02-23,new_auto,16489.76,0.0929,48,412.62,660-699,3629.41,0.3769,0.9175,GA
LN004038,2024-08-30,used_auto,18886.81,0.0436,72,298.6,780+,4596.09,0.2037,0.9986,PA
LN004039,2023-11-13,new_auto,48745.74,0.1136,72,936.84,660-699,10408.63,0.2958,1.0875,NC
LN004040,2023-04-02,new_auto,10816.57,0.1369,84,200.85,620-659,3781.81,0.6846,1.0934,MI
LN004041,2025-05-04,new_auto,27942.19,0.0768,60,562.3,740-779,5937.77,0.5117,0.8371,OH
LN004042,2023-10-18,refi_auto,23649.52,0.1154,72,456.71,660-699,9081.7,0.184,0.9936,MI
LN004043,2023-09-21,used_auto,37744.99,0.083,84,593.96,700-739,8856.03,0.1832,1.2437,CA
LN004044,2023-09-18,used_auto,45513.59,0.0684,60,897.79,700-739,10442.62,0.2966,1.051,IL
LN004045,2025-01-23,used_auto,14346.74,0.1081,60,310.58,660-699,6442.8,0.3132,1.2189,FL
LN004046,2023-09-25,new_auto,30335.46,0.1325,84,555.99,620-659,5106.81,0.4784,0.9399,OH
LN004047,2023-03-30,new_auto,40608.18,0.1857,60,1043.81,<580,5115.8,0.4222,0.9537,PA
LN004048,2024-12-05,used_auto,28221.39,0.1246,48,749.57,620-659,4504.14,0.3802,0.8553,MI
LN004049,2025-06-06,used_auto,35055.06,0.1005,60,745.68,660-699,9940.01,0.2543,1.1477,NC
LN004050,2023-06-26,used_auto,50422.93,0.1051,48,1291.24,660-699,6986.54,0.3283,1.1946,WA
LN004051,2024-09-25,new_auto,11375.58,0.1917,60,296.15,<580,5316.19,0.4174,0.8829,NY
LN004052,2025-06-18,refi_auto,42465.25,0.0974,84,699.28,660-699,6652.87,0.3145,0.9097,GA
LN004053,2024-06-04,used_auto,41887.05,0.1632,84,839.62,580-619,10033.12,0.1972,1.028,CA
LN004054,2024-12-03,used_auto,43828.87,0.0811,84,685.53,700-739,8049.35,0.26,0.9324,FL
LN004055,2024-05-21,new_auto,36533.56,0.0448,48,832.76,780+,4450.28,0.5187,1.0867,FL
LN004056,2024-12-04,used_auto,43262.48,0.0511,72,698.95,780+,8616.4,0.2816,1.1945,MI
LN004057,2023-05-07,used_auto,50185.53,0.1394,60,1166.17,620-659,9058.7,0.1806,0.834,WA
LN004058,2024-07-21,new_auto,13043.25,0.0635,48,308.42,740-779,5600.66,0.2453,1.2118,AZ
LN004059,2024-07-07,new_auto,12785.03,0.0746,48,308.89,700-739,6999.15,0.1344,0.9813,TX
LN004060,2024-09-21,used_auto,33274.04,0.1761,60,837.9,580-619,6906.01,0.4457,1.1319,AZ
LN004061,2024-05-11,refi_auto,11382.25,0.0496,60,214.59,780+,7419.62,0.2442,0.8424,NY
LN004062,2024-03-06,new_auto,22923.48,0.1441,48,631.14,620-659,8324.75,0.3286,0.8055,FL
LN004063,2023-05-27,used_auto,10801.42,0.1319,60,246.82,620-659,6165.26,0.4578,0.8786,OH
LN004064,2023-05-30,used_auto,38037.58,0.054,72,619.68,740-779,3659.08,0.7487,1.2469,GA
LN004065,2023-10-24,new_auto,45227.5,0.0463,48,1033.99,780+,10634.84,0.1608,0.8272,TX
LN004066,2024-09-21,refi_auto,47684.54,0.2067,84,1078.21,<580,10370.48,0.1463,0.8612,PA
LN004067,2024-01-19,used_auto,36753.98,0.1993,60,972.32,<580,9911.52,0.2323,0.978,TX
LN004068,2024-04-27,new_auto,33960.21,0.0619,60,659.55,780+,3732.43,0.3086,1.2292,NY
LN004069,2023-06-08,used_auto,29308.71,0.2077,60,789.11,<580,7544.22,0.2145,0.8045,TX
LN004070,2023-07-01,new_auto,45152.23,0.0589,60,870.61,780+,6061.99,0.224,0.8033,AZ
LN004071,2024-09-22,used_auto,32142.3,0.0488,84,452.49,780+,7914.35,0.3068,1.1794,FL
LN004072,2023-08-01,new_auto,18735.37,0.1835,72,431.03,<580,10502.14,0.1111,1.1531,FL
LN004073,2025-05-23,used_auto,39913.07,0.1789,72,907.85,580-619,4898.56,0.3173,1.0667,AZ
LN004074,2024-02-16,used_auto,47750.58,0.1289,72,955.78,620-659,5191.46,0.5327,1.0276,OH
LN004075,2024-02-14,new_auto,33665.67,0.0917,60,701.62,660-699,8838.85,0.1917,0.9928,GA
LN004076,2023-10-14,used_auto,19382.55,0.0643,72,325.17,780+,10820.17,0.1991,1.0917,MI
LN004077,2023-02-25,used_auto,24960.9,0.0654,84,371.14,700-739,8930.95,0.3251,1.0777,WA
LN004078,2024-12-24,used_auto,14806.09,0.1389,48,403.78,620-659,9307.52,0.2674,1.2461,PA
LN004079,2023-04-29,new_auto,19114.4,0.2042,72,462.51,<580,8321.3,0.2572,0.9191,TX
LN004080,2023-01-08,used_auto,12259.85,0.1985,60,323.79,<580,10909.67,0.2516,0.9471,GA
LN004081,2025-02-17,new_auto,53672.48,0.1516,60,1281.38,580-619,3433.55,0.7381,0.9243,GA
LN004082,2023-04-18,refi_auto,18861.83,0.1014,72,350.76,660-699,3230.38,0.6068,0.8703,TX
LN004083,2023-12-09,new_auto,29097.27,0.1981,72,693.76,<580,5394.77,0.5784,0.9125,CA
LN004084,2024-02-27,used_auto,25012.99,0.0816,48,612.52,700-739,2846.57,0.75,1.1662,NC
LN004085,2024-03-18,new_auto,24831.22,0.0741,60,496.51,740-779,5791.37,0.295,1.0123,NY
LN004086,2025-03-13,new_auto,19270.98,0.1184,60,427.12,660-699,8577.12,0.3032,1.2377,GA
LN004087,2023-07-17,new_auto,26652.06,0.0998,84,442.18,660-699,2977.96,0.5006,0.8754,MI
LN004088,2023-06-04,used_auto,21514.78,0.0589,48,504.19,780+,5811.11,0.1879,0.9517,FL
LN004089,2024-02-08,refi_auto,37330.11,0.0685,84,560.68,740-779,8491.61,0.2887,0.9565,CA
LN004090,2023-04-12,used_auto,50896.15,0.1387,48,1387.5,620-659,6088.56,0.5569,1.1878,NC
LN004091,2024-12-19,new_auto,52983.73,0.0418,72,833.29,780+,4132.35,0.4385,0.8707,PA
LN004092,2023-03-18,used_auto,22351.62,0.1325,60,511.43,620-659,3409.78,0.7014,0.8918,WA
LN004093,2023-11-22,used_auto,41556.02,0.0928,48,1039.66,660-699,8395.62,0.2769,0.9445,AZ
LN004094,2023-04-03,used_auto,42793.01,0.1801,72,976.26,<580,2861.01,0.575,1.2412,NC
LN004095,2023-05-09,refi_auto,29690.8,0.1016,60,633.18,660-699,8132.06,0.137,0.8466,NC
LN004096,2023-11-22,new_auto,12252.29,0.1486,48,340.12,620-659,6531.63,0.1233,0.91,NC
LN004097,2024-10-27,used_auto,47413.35,0.0728,48,1141.54,700-739,3321.94,0.5063,1.1486,WA
LN004098,2023-06-02,new_auto,14104.37,0.051,48,325.45,780+,8618.78,0.307,1.0488,OH
LN004099,2023-03-13,used_auto,21167.51,0.1881,60,546.89,<580,5284.25,0.4543,1.244,CA
LN004100,2024-06-24,refi_auto,22903.87,0.1287,84,415.05,620-659,10529.56,0.1076,1.2093,FL
LN004101,2024-06-07,refi_auto,10935.01,0.1628,72,238.89,580-619,3835.63,0.2086,0.8357,OH
LN004102,2023-09-01,new_auto,45914.61,0.1182,72,893.35,660-699,3601.93,0.75,1.076,OH
LN004103,2023-08-28,used_auto,22974.3,0.0409,84,314.98,780+,5150.32,0.2487,0.8847,CA
LN004104,2023-10-22,used_auto,20705.82,0.0628,48,488.94,780+,6327.21,0.4114,1.0905,CA
LN004105,2024-03-11,refi_auto,30362.84,0.21,48,940.21,<580,10437.06,0.2637,0.9308,WA
LN004106,2024-05-10,new_auto,12943.75,0.0595,84,188.78,780+,7255.24,0.3382,0.8205,PA
LN004107,2023-08-21,used_auto,43222.26,0.1036,84,725.61,660-699,3238.81,0.7262,1.1447,TX
LN004108,2023-09-04,used_auto,23167.4,0.1458,72,484.61,620-659,8037.55,0.2438,1.177,NY
LN004109,2023-04-07,new_auto,54329.29,0.1449,84,1032.89,620-659,4838.6,0.6413,1.015,AZ
LN004110,2025-03-27,used_auto,15343.12,0.1185,60,340.14,660-699,3427.33,0.735,1.1161,MI
LN004111,2024-09-28,refi_auto,45372.65,0.1864,48,1348.04,<580,3477.37,0.75,1.0333,GA
LN004112,2024-11-03,used_auto,20627.28,0.0655,72,347.23,700-739,4187.05,0.1896,1.1259,MI
LN004113,2024-02-12,used_auto,51319.93,0.1846,48,1519.89,<580,7151.23,0.406,0.869,PA
LN004114,2023-04-03,refi_auto,42827.49,0.1982,60,1130.38,<580,5161.76,0.4781,1.086,IL
LN004115,2024-09-18,new_auto,46187.4,0.1116,84,794.73,660-699,4255.51,0.533,1.0907,TX
LN004116,2023-06-03,used_auto,42578.24,0.1097,84,728.37,660-699,6918.88,0.2271,1.143,AZ
LN004117,2023-03-25,used_auto,35380.69,0.0681,60,697.41,740-779,9183.76,0.3305,0.8944,FL
LN004118,2024-03-15,used_auto,14439.16,0.1201,60,321.26,620-659,7056.65,0.2095,1.1405,CA
LN004119,2024-10-30,used_auto,40867.28,0.1187,72,796.2,660-699,3553.82,0.5095,0.8785,WA
LN004120,2024-11-23,new_auto,22830.77,0.1048,84,384.7,660-699,9875.93,0.1195,1.153,OH
LN004121,2024-06-04,new_auto,19873.64,0.051,60,375.95,740-779,10150.34,0.133,0.9663,NC
LN004122,2025-03-23,used_auto,21511.96,0.1903,72,503.25,<580,10970.27,0.1096,1.2317,MI
LN004123,2024-05-18,refi_auto,38126.83,0.1472,72,800.41,620-659,5742.93,0.534,1.1077,NC
LN004124,2023-06-02,refi_auto,36523.24,0.0769,60,735.15,700-739,6806.22,0.3156,0.9567,NY
LN004125,2023-04-17,used_auto,27846.95,0.0854,48,686.91,700-739,3846.81,0.3675,0.9077,CA
LN004126,2025-02-22,used_auto,19250.85,0.0712,48,462.06,700-739,3040.92,0.5209,0.9678,AZ
LN004127,2023-05-23,refi_auto,27035.27,0.1973,72,643.35,<580,8634.02,0.3443,0.8767,WA
LN004128,2024-12-21,new_auto,15995.98,0.151,84,309.57,580-619,9239.89,0.2015,0.9448,NC
LN004129,2023-01-13,used_auto,43914.09,0.1973,60,1156.87,<580,7595.09,0.4465,0.9118,PA
LN004130,2023-04-25,used_auto,28661.51,0.0546,84,411.32,780+,7867.36,0.1378,1.2274,GA
LN004131,2023-08-03,used_auto,16732.78,0.0613,48,393.97,740-779,7030.09,0.3061,1.1644,NC
LN004132,2025-03-02,new_auto,18898.6,0.2078,72,461.26,<580,5013.65,0.4344,1.0516,NY
LN004133,2023-04-09,new_auto,37983.62,0.0945,84,619.83,700-739,10080.76,0.2766,1.0447,NY
LN004134,2023-02-01,used_auto,39543.74,0.0672,84,591.42,740-779,4186.21,0.6795,0.9409,NC
LN004135,2024-06-15,refi_auto,8717.03,0.0596,60,168.36,740-779,10329.39,0.1236,1.2245,FL
LN004136,2023-07-03,refi_auto,33933.18,0.053,48,786.08,740-779,9188.25,0.1357,1.0499,IL
LN004137,2024-08-28,new_auto,54644.32,0.0667,60,1073.54,700-739,8779.11,0.3019,1.0215,PA
LN004138,2023-10-29,refi_auto,32225.92,0.0721,60,641.31,740-779,6608.87,0.4878,0.9918,CA
LN004139,2024-11-28,used_auto,52519.06,0.1265,48,1399.85,620-659,6459.24,0.2841,0.9849,NC
LN004140,2025-01-05,refi_auto,40810.92,0.1864,60,1050.59,<580,3543.01,0.75,1.2441,GA
LN004141,2023-07-30,refi_auto,54492.8,0.0827,72,962.64,700-739,8897.22,0.1595,0.9102,WA
LN004142,2023-08-09,new_auto,40203.41,0.1569,84,791.44,580-619,7906.71,0.4213,0.8038,NC
LN004143,2024-01-15,used_auto,9291.63,0.0679,60,183.07,700-739,10008.78,0.2552,0.9291,PA
LN004144,2024-03-17,used_auto,45903.19,0.1617,72,1000.03,580-619,6479.88,0.4513,0.8571,PA
LN004145,2023-05-18,used_auto,14929.27,0.1464,72,312.77,620-659,3297.08,0.4995,0.9478,IL
LN004146,2024-04-06,new_auto,41675.71,0.0716,84,632.26,700-739,7919.03,0.1636,0.8109,FL
LN004147,2023-11-25,used_auto,9607.68,0.0494,48,221.0,780+,9746.27,0.1345,1.2389,TX
LN004148,2023-09-27,used_auto,34713.4,0.0616,84,509.78,780+,7224.78,0.3698,1.2203,OH
LN004149,2023-07-09,new_auto,41090.06,0.15,48,1143.57,620-659,9559.85,0.2644,0.9325,TX
LN004150,2024-11-12,new_auto,51547.72,0.0581,48,1206.11,780+,10784.71,0.3368,1.2155,MI
LN004151,2025-03-29,used_auto,21188.58,0.1069,60,457.42,660-699,3197.73,0.75,1.0907,MI
LN004152,2023-03-22,used_auto,19408.52,0.0927,48,485.47,700-739,3386.75,0.75,1.1888,OH
LN004153,2025-03-15,new_auto,37569.89,0.0406,84,514.57,780+,2956.66,0.363,0.9147,OH
LN004154,2023-10-27,used_auto,32399.92,0.0392,48,730.4,780+,2911.12,0.75,0.8168,WA
LN004155,2023-12-26,used_auto,19840.21,0.1039,60,425.36,660-699,5224.66,0.5655,1.1644,FL
LN004156,2024-03-30,new_auto,54695.59,0.1065,60,1179.69,660-699,9849.35,0.2489,0.8605,GA
LN004157,2023-06-24,refi_auto,32926.18,0.2009,72,790.39,<580,8855.53,0.1566,1.0282,AZ
LN004158,2023-12-04,used_auto,26050.68,0.0443,72,412.69,780+,3291.0,0.6982,0.9657,IL
LN004159,2024-12-01,new_auto,23895.32,0.1806,48,702.67,<580,9162.24,0.182,1.0844,OH
LN004160,2023-04-14,used_auto,48267.55,0.1191,84,849.73,660-699,10000.37,0.305,1.1749,AZ
LN004161,2023-06-16,refi_auto,18748.88,0.2047,60,501.65,<580,3797.45,0.5031,1.0123,MI
LN004162,2025-02-18,used_auto,27424.86,0.1276,72,547.06,620-659,5080.12,0.4435,0.9273,AZ
LN004163,2025-03-02,refi_auto,16460.63,0.1105,48,425.83,660-699,10520.09,0.1919,0.8833,CA
LN004164,2025-02-24,refi_auto,45372.59,0.0759,60,911.12,740-779,5029.22,0.587,1.1063,NC
LN004165,2025-01-04,used_auto,41381.33,0.0624,84,609.29,780+,8934.96,0.1929,1.0586,OH
LN004166,2024-01-29,new_auto,32922.81,0.0666,72,555.94,780+,2964.12,0.3262,1.0972,MI
LN004167,2025-03-30,refi_auto,19988.23,0.0622,60,388.48,740-779,8083.76,0.1762,1.1337,PA
LN004168,2024-03-04,new_auto,53005.73,0.1126,84,914.85,660-699,6057.84,0.449,1.1625,OH
LN004169,2024-07-30,used_auto,17671.56,0.0659,72,297.82,740-779,4835.5,0.534,0.9578,CA
LN004170,2024-03-11,used_auto,27902.36,0.0754,84,428.53,740-779,5314.21,0.3361,1.006,WA
LN004171,2025-05-08,used_auto,40527.4,0.0414,48,917.61,780+,7731.38,0.4249,0.8737,OH
LN004172,2025-05-17,used_auto,38486.23,0.1563,84,756.33,580-619,6368.87,0.3817,1.1805,TX
LN004173,2025-01-21,used_auto,43345.17,0.0784,48,1054.93,700-739,3014.5,0.75,1.0937,NY
LN004174,2025-03-14,used_auto,38649.57,0.0747,84,592.25,740-779,6776.48,0.3612,1.1851,NC
LN004175,2023-02-26,used_auto,46769.51,0.0933,48,1171.2,660-699,5714.59,0.4483,1.1814,FL
LN004176,2023-02-06,refi_auto,43243.8,0.0599,72,716.47,780+,5821.93,0.2984,1.078,AZ
LN004177,2024-10-07,used_auto,37280.36,0.0661,84,555.58,740-779,9460.39,0.1317,0.9752,NY
LN004178,2024-11-01,refi_auto,20554.48,0.1124,72,393.77,660-699,5726.88,0.42,1.1193,NC
LN004179,2023-01-04,used_auto,43383.29,0.1023,60,926.68,660-699,9590.22,0.2966,1.2372,WA
LN004180,2025-01-21,new_auto,54985.29,0.066,60,1078.43,780+,9198.85,0.3247,0.8722,NC
LN004181,2024-05-24,used_auto,40689.49,0.1543,84,795.02,580-619,7488.63,0.3571,1.1963,TX
LN004182,2024-02-17,used_auto,54575.95,0.0642,60,1065.8,780+,8830.12,0.3267,0.9919,TX
LN004183,2023-09-28,refi_auto,46114.95,0.1362,60,1063.95,620-659,9178.52,0.2638,1.1938,PA
LN004184,2024-05-08,refi_auto,36203.11,0.1747,72,814.9,580-619,4411.68,0.4551,0.8255,IL
LN004185,2023-05-23,used_auto,28320.55,0.0567,84,409.26,740-779,9939.49,0.1848,1.0365,OH
LN004186,2023-12-08,used_auto,21532.55,0.1198,48,566.82,660-699,5994.65,0.508,0.9927,TX
LN004187,2023-12-24,used_auto,45732.41,0.0603,60,884.77,740-779,5623.0,0.2673,1.0729,GA
LN004188,2023-03-06,used_auto,30576.84,0.0803,60,620.43,700-739,3238.46,0.75,0.8095,NY
LN004189,2023-08-26,used_auto,22470.07,0.1421,48,616.4,620-659,3959.64,0.75,1.0161,FL
LN004190,2024-12-14,used_auto,48441.54,0.0553,72,792.11,740-779,7912.85,0.1778,0.8017,GA
LN004191,2024-03-06,used_auto,50658.45,0.0834,48,1244.82,700-739,8087.86,0.2508,1.1812,OH
LN004192,2024-01-01,new_auto,13028.0,0.1847,84,277.42,<580,10946.67,0.2439,0.9184,IL
LN004193,2023-03-02,refi_auto,38715.65,0.0908,60,805.18,660-699,9576.48,0.2552,1.2077,MI
LN004194,2025-04-26,used_auto,28314.41,0.078,72,493.68,700-739,4064.3,0.5306,1.2172,NY
LN004195,2023-09-06,new_auto,30638.55,0.0914,72,554.41,700-739,10070.24,0.2105,0.935,NC
LN004196,2025-01-18,new_auto,37506.99,0.0689,72,637.48,740-779,3240.43,0.4856,1.1673,FL
LN004197,2024-01-02,used_auto,14422.16,0.0628,84,212.63,780+,7518.73,0.3197,0.9805,TX
LN004198,2024-11-22,new_auto,17299.79,0.0517,60,327.82,780+,5078.95,0.508,1.0852,WA
LN004199,2025-01-21,used_auto,14748.4,0.1186,84,259.25,660-699,9050.83,0.1913,1.1983,PA
LN004200,2024-03-29,used_auto,47109.37,0.0648,48,1116.76,780+,9370.96,0.3626,1.2354,FL
LN004201,2025-06-11,used_auto,31399.58,0.1062,48,805.76,660-699,3226.48,0.386,0.9707,FL
LN004202,2024-05-12,refi_auto,52988.29,0.0764,60,1065.31,700-739,9645.77,0.2162,1.1346,NY
LN004203,2023-04-15,used_auto,14614.1,0.1886,72,340.46,<580,3435.44,0.75,1.0071,IL
LN004204,2024-01-09,used_auto,45810.27,0.1875,60,1182.05,<580,6542.41,0.5742,0.881,NC
LN004205,2023-08-03,new_auto,37155.22,0.0717,72,636.5,700-739,5406.37,0.2238,0.8943,CA
LN004206,2025-06-15,new_auto,13348.72,0.0747,72,230.61,700-739,5828.9,0.2754,0.9014,CA
LN004207,2023-07-15,used_auto,40637.07,0.0717,48,976.31,740-779,10894.23,0.2663,0.9239,CA
LN004208,2024-12-23,used_auto,27498.08,0.0398,84,375.61,780+,10991.19,0.0719,1.2247,WA
LN004209,2023-02-15,used_auto,28929.33,0.0526,60,549.38,780+,9637.31,0.2083,1.0851,CA
LN004210,2025-03-29,refi_auto,12592.21,0.0764,72,218.58,740-779,7438.58,0.2055,0.8345,PA
LN004211,2024-06-20,new_auto,48658.62,0.0935,72,885.57,700-739,2927.51,0.4392,0.8348,GA
LN004212,2023-10-05,used_auto,35897.39,0.1178,48,941.44,660-699,4202.78,0.6596,1.1848,NY
LN004213,2025-03-16,used_auto,47223.36,0.1149,48,1231.78,660-699,3325.98,0.75,1.184,TX
LN004214,2023-12-02,new_auto,11896.56,0.0485,60,223.69,780+,10366.34,0.2104,1.0575,IL
LN004215,2025-03-10,refi_auto,51287.06,0.0578,48,1199.31,780+,9610.33,0.201,0.9828,NY
LN004216,2025-05-17,used_auto,20879.42,0.0778,84,323.15,740-779,10972.86,0.1876,0.9877,MI
LN004217,2023-07-03,used_auto,49874.71,0.1313,72,1004.62,620-659,6672.0,0.2132,0.923,OH
LN004218,2023-04-23,new_auto,10674.12,0.1077,72,201.92,660-699,8235.98,0.258,0.9868,WA
LN004219,2023-11-04,new_auto,20119.07,0.0532,60,382.63,740-779,6888.87,0.273,1.157,PA
LN004220,2025-06-02,used_auto,25986.08,0.0761,48,629.65,700-739,10567.45,0.2156,1.102,MI
LN004221,2023-10-05,used_auto,34162.92,0.102,84,570.68,660-699,9772.28,0.1727,0.821,WA
LN004222,2025-02-05,refi_auto,50588.44,0.1284,60,1146.9,620-659,7917.88,0.4522,1.1446,GA
LN004223,2023-08-21,used_auto,32911.64,0.0918,72,596.19,660-699,9754.0,0.1167,1.1686,NC
LN004224,2024-03-30,used_auto,54034.11,0.0915,84,873.48,700-739,6980.75,0.4591,1.2263,TX
LN004225,2024-03-31,new_auto,27316.09,0.1369,48,742.21,620-659,5217.47,0.5875,1.2171,GA
LN004226,2024-04-28,new_auto,38708.92,0.0663,48,920.3,700-739,10193.73,0.177,0.962,FL
LN004227,2023-09-15,new_auto,43167.19,0.0886,84,691.46,700-739,6171.15,0.2142,0.8213,CA
LN004228,2024-04-13,used_auto,23154.96,0.0509,84,328.25,740-779,6345.84,0.1426,1.1743,MI
LN004229,2023-07-03,new_auto,42901.65,0.0764,48,1040.12,740-779,10172.8,0.3389,1.0491,PA
LN004230,2024-03-14,used_auto,29458.01,0.1231,84,524.91,620-659,10352.01,0.1918,0.8206,NC
LN004231,2023-05-01,new_auto,42128.0,0.174,60,1056.07,580-619,7336.52,0.2682,1.0638,OH
LN004232,2024-09-29,refi_auto,35817.89,0.1245,72,708.66,620-659,4099.21,0.75,1.1354,NC
LN004233,2024-08-13,new_auto,52825.59,0.0789,72,923.37,700-739,9238.19,0.1562,1.0357,CA
LN004234,2025-03-02,used_auto,24228.75,0.1675,72,535.62,580-619,9426.69,0.2598,1.0826,GA
LN004235,2024-02-19,used_auto,54481.26,0.0812,48,1333.12,700-739,4246.2,0.75,0.954,FL
LN004236,2025-03-22,new_auto,12513.72,0.1804,48,367.85,<580,4019.52,0.4597,1.0962,CA
LN004237,2024-01-16,refi_auto,15914.92,0.0514,84,225.99,740-779,8689.81,0.1879,0.9019,MI
LN004238,2024-12-23,refi_auto,37269.16,0.0745,84,570.73,700-739,6392.51,0.2822,0.8346,GA
LN004239,2023-02-25,used_auto,49170.12,0.179,84,1030.57,580-619,10374.27,0.2961,0.9736,FL
LN004240,2023-07-02,new_auto,48501.1,0.0654,60,949.89,740-779,10394.26,0.3012,1.0785,MI
LN004241,2024-07-26,used_auto,45838.39,0.0688,48,1095.11,780+,5975.12,0.349,1.0756,NC
LN004242,2023-07-24,used_auto,50582.51,0.0759,84,778.1,740-779,10273.18,0.2897,1.0411,AZ
LN004243,2023-10-22,refi_auto,43469.45,0.0685,48,1037.91,780+,6383.54,0.3364,0.9318,NY
LN004244,2024-12-19,used_auto,45133.18,0.0569,48,1053.55,740-779,9003.03,0.2291,0.8279,MI
LN004245,2025-05-19,used_auto,8061.66,0.066,84,120.1,740-779,10078.19,0.1354,1.0544,AZ
LN004246,2023-11-19,used_auto,45449.7,0.1285,84,823.12,620-659,10045.34,0.3358,1.086,WA
LN004247,2024-04-11,new_auto,20351.82,0.0654,84,302.61,700-739,8169.8,0.2414,0.8719,GA
LN004248,2025-05-24,new_auto,16839.42,0.1406,48,460.67,620-659,5429.26,0.414,0.8225,CA
LN004249,2025-03-04,used_auto,52692.24,0.0665,72,889.52,780+,5250.01,0.3335,1.044,TX
LN004250,2023-12-19,new_auto,22450.47,0.0765,60,451.46,700-739,6911.26,0.3728,1.0,MI
LN004251,2023-04-30,new_auto,40593.01,0.1489,72,855.92,620-659,3398.32,0.75,1.2043,NY
LN004252,2025-01-06,new_auto,11789.17,0.144,84,223.54,620-659,8314.39,0.3344,0.9555,MI
LN004253,2025-04-21,refi_auto,37251.01,0.1707,72,830.15,580-619,3519.9,0.3648,1.1369,OH
LN004254,2025-01-22,new_auto,41519.69,0.1747,84,859.8,580-619,4917.99,0.67,1.2399,MI
LN004255,2024-10-01,used_auto,36374.24,0.2051,60,974.05,<580,9378.19,0.1826,0.9832,FL
LN004256,2023-07-27,used_auto,34872.01,0.0775,72,607.17,740-779,6474.2,0.3292,1.1768,TX
LN004257,2024-02-26,new_auto,25372.73,0.0905,48,632.0,700-739,5878.89,0.1947,0.9857,TX
LN004258,2023-03-30,new_auto,46983.58,0.1154,60,1034.24,660-699,6712.89,0.4135,0.9337,FL
LN004259,2023-11-01,used_auto,46262.77,0.082,84,725.68,700-739,5992.84,0.2933,0.8854,NY
LN004260,2024-09-02,new_auto,40587.06,0.0415,72,637.77,780+,10189.25,0.311,1.1118,OH
LN004261,2023-08-27,used_auto,43749.59,0.101,72,812.71,660-699,10936.31,0.2952,0.9717,AZ
LN004262,2024-11-20,new_auto,29044.08,0.0555,84,418.05,780+,9994.74,0.2538,0.9079,TX
LN004263,2025-02-16,new_auto,15315.76,0.1747,60,384.52,580-619,9466.08,0.2436,1.0363,NY
LN004264,2023-01-17,used_auto,8191.16,0.1544,48,229.8,580-619,7806.78,0.2818,0.8691,OH
LN004265,2023-02-11,used_auto,19522.47,0.2051,84,439.53,<580,10416.79,0.1711,0.9364,NC
LN004266,2023-07-27,used_auto,42696.44,0.0789,84,663.14,700-739,8816.27,0.2718,1.2286,GA
LN004267,2023-05-31,used_auto,53635.73,0.1046,48,1372.22,660-699,9713.71,0.3579,1.2392,NY
LN004268,2024-04-22,refi_auto,34519.29,0.1209,60,769.43,620-659,5215.76,0.4351,1.0839,MI
LN004269,2024-12-03,used_auto,26620.16,0.1831,84,564.35,<580,9683.86,0.1913,1.0373,FL
LN004270,2024-02-13,used_auto,49329.89,0.1063,84,835.08,660-699,2892.44,0.7148,1.1979,PA
LN004271,2024-07-11,used_auto,49136.45,0.0698,48,1176.18,700-739,5354.94,0.65,0.9663,AZ
LN004272,2023-10-20,new_auto,51658.26,0.1327,48,1392.79,620-659,8356.45,0.3717,0.8706,CA
LN004273,2023-08-06,used_auto,29448.01,0.0831,48,723.2,700-739,4578.94,0.2651,0.828,OH
LN004274,2024-08-10,new_auto,33665.21,0.0905,72,607.67,700-739,4910.78,0.4429,1.0052,TX
LN004275,2024-07-06,used_auto,20771.13,0.0673,60,408.65,780+,4377.66,0.394,1.1582,GA
LN004276,2024-05-31,used_auto,42602.79,0.0431,48,967.85,780+,4298.94,0.429,1.1015,WA
LN004277,2024-05-02,used_auto,43141.64,0.1925,48,1295.64,<580,5425.45,0.572,1.1979,AZ
LN004278,2024-10-19,new_auto,9141.94,0.08,48,223.18,700-739,9703.29,0.1122,1.0358,MI
LN004279,2025-03-16,used_auto,28624.31,0.0538,84,409.7,740-779,2989.62,0.75,0.8361,MI
LN004280,2023-05-03,refi_auto,12626.24,0.109,84,215.53,660-699,4442.35,0.1771,1.1683,NC
LN004281,2023-04-24,used_auto,14463.69,0.0794,72,253.17,700-739,10716.92,0.1127,0.8884,NC
LN004282,2023-05-19,new_auto,18623.49,0.0632,72,311.47,780+,8124.1,0.2546,0.9838,TX
LN004283,2025-02-21,used_auto,51314.62,0.0782,72,895.21,700-739,8662.86,0.2513,1.2036,CA
LN004284,2023-11-21,used_auto,27095.27,0.1016,48,689.29,660-699,7719.17,0.34,1.0299,GA
LN004285,2024-02-16,new_auto,50439.06,0.1099,72,959.8,660-699,4027.45,0.5201,1.1547,NC
LN004286,2023-10-05,new_auto,36533.77,0.1798,60,927.32,580-619,3909.22,0.744,1.0125,TX
LN004287,2023-08-27,new_auto,22778.39,0.1132,48,592.27,660-699,4666.85,0.2898,1.1228,PA
LN004288,2024-09-12,used_auto,18275.67,0.0971,60,385.7,660-699,9388.58,0.2792,1.0999,PA
LN004289,2023-03-30,new_auto,38404.26,0.0976,84,632.8,660-699,4331.07,0.4479,0.9938,TX
LN004290,2023-03-23,used_auto,31370.17,0.1392,48,855.98,620-659,7388.39,0.2629,1.0208,WA
LN004291,2023-02-23,used_auto,15563.78,0.1244,60,349.68,620-659,7940.55,0.0955,0.9795,WA
LN004292,2023-03-19,used_auto,27391.76,0.1886,84,589.61,<580,8020.91,0.1334,1.1597,OH
LN004293,2024-11-12,new_auto,50632.5,0.0675,48,1206.59,700-739,7697.79,0.3315,0.96,IL
LN004294,2025-06-09,new_auto,52310.07,0.0671,60,1028.66,780+,3117.7,0.526,1.1983,OH
LN004295,2025-04-21,new_auto,42554.08,0.0647,72,714.72,740-779,9870.0,0.258,0.8703,TX
LN004296,2025-03-03,new_auto,46603.19,0.0429,84,643.25,780+,8429.45,0.339,0.8254,NY
LN004297,2023-03-02,used_auto,26651.33,0.1746,84,551.75,580-619,7470.31,0.1586,1.1373,AZ
LN004298,2023-09-16,used_auto,43297.34,0.067,48,1030.79,700-739,9472.87,0.1727,1.101,TX
LN004299,2025-03-18,used_auto,52672.23,0.0772,60,1060.96,700-739,4011.1,0.6156,0.9892,OH
LN004300,2023-12-31,used_auto,38378.91,0.1429,84,725.38,620-659,5575.14,0.564,1.1032,TX
LN004301,2024-06-04,refi_auto,21369.05,0.0767,72,371.23,740-779,3452.16,0.75,0.8067,MI
LN004302,2024-05-20,refi_auto,17035.56,0.0752,84,261.46,740-779,5615.57,0.3527,1.2051,MI
LN004303,2024-06-26,used_auto,10788.72,0.0867,72,192.71,700-739,10029.15,0.095,1.1552,WA
LN004304,2023-01-21,refi_auto,43846.91,0.0515,48,1012.75,740-779,6074.8,0.5735,1.1278,AZ
LN004305,2023-08-21,refi_auto,14293.25,0.1488,84,274.85,620-659,8580.24,0.1543,1.1485,NY
LN004306,2024-12-10,refi_auto,35877.73,0.0593,84,522.92,740-779,7107.46,0.4235,1.2118,AZ
LN004307,2025-02-21,refi_auto,10528.25,0.0799,84,164.04,740-779,10533.35,0.0806,1.0863,GA
LN004308,2023-01-11,refi_auto,30598.85,0.0736,60,611.1,740-779,8224.27,0.2021,1.0533,GA
LN004309,2023-06-27,refi_auto,38977.96,0.0922,48,974.05,660-699,7690.78,0.3052,0.9312,IL
LN004310,2023-12-31,used_auto,19638.63,0.1014,72,365.21,660-699,3875.3,0.2705,0.857,PA
LN004311,2024-10-20,used_auto,53571.7,0.0915,60,1115.96,660-699,5130.32,0.5494,0.8008,MI
LN004312,2024-01-23,used_auto,12163.91,0.113,72,233.4,660-699,4674.48,0.4549,0.9578,MI
LN004313,2024-04-23,used_auto,54713.31,0.0457,60,1021.76,780+,10336.83,0.1961,1.1225,WA
LN004314,2024-10-26,used_auto,27476.99,0.1996,48,835.55,<580,10507.92,0.1677,0.948,OH
LN004315,2023-08-03,refi_auto,33374.19,0.1435,72,693.97,620-659,9826.44,0.25,1.1341,WA
LN004316,2023-06-05,new_auto,32583.21,0.0522,48,753.62,740-779,9312.01,0.167,0.9389,CA
LN004317,2024-04-20,used_auto,23008.79,0.0469,84,321.86,780+,10792.35,0.1699,0.8978,AZ
LN004318,2023-01-21,new_auto,10737.26,0.0647,84,159.29,780+,3006.13,0.4576,1.0904,AZ
LN004319,2025-02-20,new_auto,39430.36,0.0956,84,645.66,660-699,4270.3,0.3764,1.0955,NY
LN004320,2023-02-11,new_auto,15187.36,0.1787,84,318.05,580-619,7772.22,0.1073,1.1324,NC
LN004321,2023-12-03,refi_auto,42897.49,0.1092,84,732.71,660-699,7754.98,0.2928,1.0226,FL
LN004322,2023-11-04,used_auto,37154.88,0.0687,60,733.43,740-779,5988.18,0.4852,1.1648,MI
LN004323,2025-01-05,new_auto,39906.55,0.1376,60,923.6,620-659,10850.76,0.3074,1.0036,IL
LN004324,2023-11-20,new_auto,46002.95,0.1723,48,1332.9,580-619,3624.99,0.75,0.9584,IL
LN004325,2023-08-18,new_auto,30638.64,0.0585,84,445.39,740-779,10653.48,0.1539,0.9492,NY
LN004326,2025-04-16,new_auto,38437.16,0.0562,60,736.33,780+,3384.11,0.75,1.0885,NC
LN004327,2023-05-26,used_auto,10987.91,0.145,48,303.02,620-659,9846.84,0.1562,1.0837,CA
LN004328,2025-04-16,used_auto,44937.1,0.0551,84,645.96,740-779,5323.08,0.4489,1.0534,PA
LN004329,2023-08-21,used_auto,49260.72,0.0667,48,1172.08,700-739,5678.49,0.5234,1.224,PA
LN004330,2024-05-22,new_auto,38534.25,0.0517,48,890.39,780+,7835.35,0.1655,1.2052,GA
LN004331,2024-11-22,new_auto,42318.67,0.053,60,804.43,780+,8613.12,0.3762,1.0241,GA
LN004332,2023-12-23,new_auto,50808.91,0.0703,84,767.59,740-779,5401.53,0.2523,1.1361,FL
LN004333,2023-04-10,used_auto,17701.08,0.0798,48,431.97,700-739,6444.68,0.2814,0.8868,OH
LN004334,2023-11-20,new_auto,38744.56,0.058,48,906.37,740-779,7668.46,0.3323,1.0969,AZ
LN004335,2024-08-11,refi_auto,43854.75,0.0765,72,761.44,700-739,8286.88,0.2869,0.8029,WA
LN004336,2024-02-28,used_auto,28997.52,0.0699,72,494.24,740-779,6493.83,0.4506,1.0996,PA
LN004337,2023-02-01,used_auto,10763.23,0.1102,60,234.13,660-699,5666.51,0.3628,0.8534,NY
LN004338,2025-01-29,used_auto,29287.76,0.2099,84,667.94,<580,5712.05,0.2276,0.925,MI
LN004339,2023-04-05,refi_auto,11627.09,0.1022,84,194.35,660-699,8771.22,0.2399,1.1583,WA
LN004340,2023-12-17,used_auto,19025.76,0.1198,48,500.83,660-699,2808.27,0.466,1.0943,NC
LN004341,2023-05-23,new_auto,25396.68,0.1153,84,441.96,660-699,5774.58,0.3203,0.8867,IL
LN004342,2025-03-22,used_auto,22140.44,0.0879,72,396.79,700-739,2822.26,0.6874,1.0764,WA
LN004343,2024-05-11,new_auto,36762.01,0.1589,84,727.87,580-619,9038.21,0.17,0.9398,AZ
LN004344,2025-05-06,used_auto,12590.85,0.1913,72,295.27,<580,4606.47,0.5509,1.0083,TX
LN004345,2025-05-02,used_auto,49066.05,0.1249,48,1303.93,620-659,10597.7,0.308,0.8316,GA
LN004346,2025-05-29,new_auto,51924.02,0.1741,84,1073.45,580-619,3713.74,0.75,1.0156,TX
LN004347,2023-05-03,new_auto,36383.33,0.0966,84,597.63,660-699,3272.97,0.6921,0.9211,NC
LN004348,2023-10-19,used_auto,48178.73,0.0791,84,748.77,700-739,8332.81,0.1653,1.0589,GA
LN004349,2023-06-02,used_auto,37230.62,0.1102,84,637.87,660-699,5023.39,0.3906,0.8312,FL
LN004350,2025-05-19,refi_auto,18292.43,0.0804,84,285.47,700-739,7236.66,0.1893,1.0111,IL
LN004351,2024-02-06,refi_auto,15197.14,0.0883,84,243.2,700-739,5655.37,0.2706,1.039,PA
LN004352,2023-02-06,refi_auto,29008.6,0.0726,60,577.97,700-739,10498.26,0.1423,1.1927,IL
LN004353,2023-07-19,new_auto,23249.3,0.0646,72,390.38,740-779,7641.36,0.2056,0.852,NY
LN004354,2023-03-09,refi_auto,42160.69,0.0926,72,765.42,660-699,5931.24,0.4801,1.0348,OH
LN004355,2025-03-25,new_auto,33131.37,0.2084,84,752.57,<580,5330.4,0.4676,1.1734,CA
LN004356,2023-08-10,used_auto,27746.6,0.0748,72,479.47,700-739,8294.88,0.1505,1.1646,AZ
LN004357,2024-09-17,refi_auto,27190.72,0.1571,48,766.56,580-619,9329.72,0.1529,1.0941,CA
LN004358,2023-11-08,used_auto,11504.36,0.0972,48,290.24,660-699,3015.93,0.75,1.0674,GA
LN004359,2023-09-19,new_auto,20300.81,0.0731,48,489.05,740-779,5494.6,0.404,0.9002,FL
LN004360,2025-05-12,used_auto,12376.8,0.116,48,323.5,660-699,7902.45,0.2824,0.9953,PA
LN004361,2025-05-02,new_auto,31525.04,0.0948,48,791.71,700-739,8052.04,0.3739,1.0352,OH
LN004362,2023-06-05,new_auto,50134.55,0.1328,84,919.69,620-659,3587.34,0.6603,1.01,IL
LN004363,2025-01-31,refi_auto,27233.73,0.146,48,752.42,620-659,7368.38,0.1653,1.1332,MI
LN004364,2023-11-27,new_auto,39882.07,0.0726,84,607.01,700-739,6773.13,0.3709,1.2387,WA
LN004365,2025-06-04,new_auto,8317.85,0.0969,60,175.46,660-699,3484.81,0.2059,1.1539,GA
LN004366,2024-04-24,new_auto,34244.14,0.1931,60,894.16,<580,8427.33,0.313,1.0852,GA
LN004367,2024-01-07,refi_auto,36671.01,0.1377,72,751.12,620-659,9883.53,0.324,0.8815,CA
LN004368,2023-05-18,new_auto,8471.05,0.0908,84,136.64,700-739,4705.72,0.2367,1.0802,FL
LN004369,2024-06-02,used_auto,40775.84,0.1042,72,764.07,660-699,7533.49,0.4028,0.8744,FL
LN004370,2023-04-04,used_auto,24939.28,0.1311,60,568.85,620-659,8491.82,0.1804,1.1545,NY
LN004371,2024-11-19,new_auto,13673.6,0.0844,72,242.69,700-739,6713.76,0.293,1.1504,MI
LN004372,2023-07-29,new_auto,37260.52,0.0619,72,620.86,780+,10857.9,0.2573,0.9118,NC
LN004373,2023-06-03,used_auto,18138.28,0.1048,48,464.23,660-699,6595.33,0.4303,1.1671,AZ
LN004374,2025-01-29,new_auto,21101.72,0.0465,60,394.84,780+,3587.23,0.347,0.9572,NC
LN004375,2023-01-13,refi_auto,23317.11,0.0631,48,550.92,740-779,6824.82,0.4251,0.9682,GA
LN004376,2024-09-19,refi_auto,23307.71,0.0598,48,547.17,740-779,10991.94,0.1472,1.0333,OH
LN004377,2023-07-04,refi_auto,33429.53,0.1956,60,877.51,<580,5795.58,0.3523,0.9983,IL
LN004378,2024-04-19,used_auto,29234.95,0.143,60,684.8,620-659,7966.3,0.2359,1.028,WA
LN004379,2023-07-27,new_auto,10842.91,0.1306,60,247.04,620-659,9576.64,0.0988,0.8646,WA
LN004380,2024-10-13,refi_auto,54700.0,0.0762,48,1325.65,700-739,3320.83,0.75,1.1826,NC
LN004381,2024-03-30,refi_auto,18106.29,0.059,48,424.4,740-779,9601.34,0.2862,1.2217,NC
LN004382,2024-03-26,used_auto,48005.65,0.0553,84,690.53,780+,4534.66,0.477,0.9064,IL
LN004383,2024-07-17,used_auto,32675.64,0.0909,72,590.46,700-739,4835.02,0.2887,1.2208,WA
LN004384,2025-04-27,used_auto,41109.37,0.0586,60,792.09,780+,10872.5,0.2855,0.9757,MI
LN004385,2023-12-07,used_auto,47716.78,0.1128,84,824.07,660-699,9295.22,0.2237,1.1629,CA
LN004386,2025-03-14,new_auto,26022.11,0.1782,60,658.25,580-619,2898.6,0.75,1.0956,OH
LN004387,2023-08-03,used_auto,39800.54,0.074,60,795.63,740-779,7622.31,0.3552,0.974,PA
LN004388,2024-10-29,new_auto,39855.5,0.2083,48,1230.51,<580,10309.79,0.2504,1.0667,NY
LN004389,2024-01-26,new_auto,11489.21,0.0935,60,240.45,700-739,7053.34,0.1382,0.8634,FL
LN004390,2025-03-28,used_auto,42339.8,0.0394,60,778.61,780+,6774.9,0.2952,1.0229,CA
LN004391,2025-02-12,new_auto,38593.64,0.069,72,656.13,740-779,5888.15,0.3038,1.2291,GA
LN004392,2024-06-25,new_auto,9624.41,0.0564,72,157.87,780+,3401.21,0.3026,0.8757,PA
LN004393,2023-01-04,used_auto,46678.39,0.0853,84,739.93,700-739,9052.72,0.2536,0.8413,NC
LN004394,2023-01-31,used_auto,16197.73,0.2088,84,368.32,<580,3010.47,0.75,0.9863,PA
LN004395,2023-04-26,refi_auto,39130.21,0.0736,72,673.92,700-739,4517.25,0.6433,0.8604,NY
LN004396,2023-08-18,refi_auto,41555.98,0.1648,84,836.79,580-619,9800.16,0.1739,1.0516,CA
LN004397,2023-02-17,new_auto,51345.04,0.0516,72,830.72,740-779,4710.07,0.6779,1.1143,IL
LN004398,2024-07-22,used_auto,30945.97,0.0678,84,463.74,780+,7003.43,0.3706,0.8795,CA
LN004399,2024-12-10,refi_auto,11088.22,0.0808,84,173.27,700-739,5090.04,0.1844,0.8412,NY
LN004400,2024-12-03,new_auto,26162.98,0.1686,84,532.55,580-619,5335.19,0.1778,0.8258,NY
LN004401,2024-05-20,new_auto,32807.75,0.1634,48,935.5,580-619,5329.04,0.5409,1.1909,MI
LN004402,2023-04-30,used_auto,49025.68,0.081,60,996.41,700-739,2998.24,0.6262,1.1857,GA
LN004403,2023-02-13,refi_auto,15870.83,0.1019,48,403.97,660-699,2879.41,0.5421,0.8436,TX
LN004404,2024-10-14,used_auto,29605.13,0.0588,60,570.7,780+,9013.45,0.1234,0.9786,FL
LN004405,2024-10-30,used_auto,8846.23,0.1565,84,173.95,580-619,10630.92,0.0905,1.1828,PA
LN004406,2023-08-30,new_auto,36047.44,0.0391,72,562.49,780+,5982.97,0.3034,1.1894,GA
LN004407,2024-12-31,used_auto,14712.81,0.1947,48,443.57,<580,7988.7,0.1833,0.8219,IL
LN004408,2023-04-25,new_auto,42583.59,0.0659,72,717.65,780+,4675.26,0.6911,0.9631,GA
LN004409,2023-05-03,used_auto,23296.55,0.052,72,377.35,740-779,9713.28,0.2105,0.97,NC
LN004410,2024-08-28,refi_auto,25069.75,0.1222,72,492.99,620-659,3624.06,0.3808,0.8565,GA
LN004411,2024-10-15,new_auto,48645.57,0.1076,60,1051.86,660-699,5206.01,0.2789,0.9392,NY
LN004412,2024-11-07,used_auto,27721.54,0.1001,60,589.14,660-699,7420.41,0.1992,0.9728,PA
LN004413,2023-01-12,used_auto,21063.67,0.0456,48,480.89,780+,7621.96,0.3677,0.8087,TX
LN004414,2024-06-15,new_auto,26416.87,0.0704,84,399.22,740-779,5756.75,0.1742,0.9395,NY
LN004415,2024-01-15,new_auto,25047.98,0.094,48,628.09,700-739,4646.22,0.3423,1.0849,MI
LN004416,2025-02-20,used_auto,41772.33,0.0987,72,771.13,660-699,8071.23,0.1611,1.0259,AZ
LN004417,2024-09-10,new_auto,18039.62,0.0391,84,245.83,780+,10815.81,0.0811,1.035,TX
LN004418,2025-01-30,new_auto,35910.24,0.1155,72,693.68,660-699,3065.22,0.75,0.854,IL
LN004419,2024-02-05,used_auto,50469.51,0.0532,72,820.32,780+,9379.79,0.1959,0.8424,AZ
LN004420,2023-12-21,new_auto,37956.55,0.1655,72,834.88,580-619,10931.15,0.2606,1.1032,GA
LN004421,2023-01-04,used_auto,37913.54,0.0899,84,609.8,700-739,9233.59,0.1486,0.864,OH
LN004422,2023-08-21,refi_auto,54016.74,0.0524,48,1249.85,740-779,9592.92,0.2599,1.1031,OH
LN004423,2023-04-28,used_auto,12154.21,0.0987,60,257.46,660-699,8725.17,0.2545,1.1358,AZ
LN004424,2023-01-16,refi_auto,52070.12,0.0491,48,1197.02,780+,9881.75,0.2425,0.9657,PA
LN004425,2023-11-19,new_auto,37522.08,0.0659,84,558.82,780+,8694.97,0.1989,1.0117,GA
LN004426,2025-03-13,new_auto,46138.17,0.0596,72,763.77,780+,4465.65,0.5706,0.8171,IL
LN004427,2023-02-12,used_auto,15495.86,0.1897,48,463.08,<580,4965.75,0.3646,0.9337,FL
LN004428,2023-06-23,used_auto,28665.44,0.0534,48,664.57,740-779,9231.69,0.1184,0.8781,MI
LN004429,2023-07-11,refi_auto,39054.87,0.1224,72,768.41,620-659,8892.62,0.2427,0.8839,PA
LN004430,2024-04-04,used_auto,22060.93,0.1821,72,505.78,<580,4980.41,0.1958,0.9748,IL
LN004431,2025-05-18,used_auto,20603.62,0.1849,48,610.52,<580,6454.01,0.3657,0.8951,IL
LN004432,2023-12-29,used_auto,50478.85,0.0508,60,954.45,740-779,9371.09,0.2439,1.0974,GA
LN004433,2024-05-06,new_auto,10862.62,0.0642,84,160.88,780+,5136.11,0.2282,0.984,GA
LN004434,2024-11-27,used_auto,24713.32,0.1251,48,657.0,620-659,7351.66,0.4196,0.8261,CA
LN004435,2024-08-15,refi_auto,52303.84,0.0724,60,1041.61,700-739,5720.69,0.5915,1.1963,FL
LN004436,2024-11-23,new_auto,14779.96,0.1003,72,274.03,660-699,9070.62,0.1003,0.9073,FL
LN004437,2023-05-06,new_auto,8526.71,0.1256,84,153.09,620-659,5566.25,0.3224,1.0415,IL
LN004438,2025-05-20,used_auto,44610.76,0.0556,60,853.35,740-779,9436.44,0.3127,1.1968,MI
LN004439,2023-10-24,refi_auto,30982.35,0.1467,60,731.71,620-659,9457.21,0.1725,1.2056,TX
LN004440,2024-10-24,used_auto,30313.55,0.1738,60,759.58,580-619,8507.63,0.3615,1.0618,CA
LN004441,2025-02-16,new_auto,47696.13,0.0764,84,734.88,740-779,3087.03,0.6199,1.0183,OH
LN004442,2024-03-20,used_auto,9151.45,0.1031,48,233.47,660-699,10094.94,0.1166,1.0046,NC
LN004443,2024-09-14,used_auto,19547.11,0.1432,72,406.14,620-659,8909.91,0.1825,1.0229,MI
LN004444,2023-09-28,used_auto,15684.45,0.0763,84,241.58,700-739,4657.96,0.4759,0.8983,NY
LN004445,2024-02-20,new_auto,39790.31,0.109,48,1026.47,660-699,7482.0,0.4813,0.9469,MI
LN004446,2024-06-14,refi_auto,51424.25,0.073,60,1025.56,700-739,5327.17,0.2763,1.0017,AZ
LN004447,2025-02-05,new_auto,35133.08,0.0652,84,522.05,740-779,9447.41,0.225,1.0884,GA
LN004448,2023-07-10,used_auto,41885.92,0.1826,48,1236.1,<580,6660.49,0.2481,1.1063,NY
LN004449,2023-03-19,new_auto,19766.57,0.1098,84,338.24,660-699,4844.95,0.1729,0.898,PA
LN004450,2023-05-27,new_auto,11528.33,0.0493,84,162.56,780+,8669.13,0.2691,1.1373,GA
LN004451,2024-05-08,new_auto,54943.94,0.1638,60,1347.25,580-619,3006.41,0.7312,1.0076,NY
LN004452,2023-07-18,new_auto,21186.81,0.0789,72,370.34,740-779,9306.71,0.1815,0.9374,CA
LN004453,2023-01-20,used_auto,32057.22,0.0748,60,642.06,700-739,6117.1,0.2536,1.0867,TX
LN004454,2024-04-30,used_auto,49736.5,0.0731,60,992.13,700-739,3171.85,0.6457,1.1006,PA
LN004455,2025-03-22,refi_auto,27016.24,0.0771,48,655.87,740-779,7056.47,0.4514,1.2005,OH
LN004456,2023-07-09,used_auto,37178.59,0.0615,60,721.36,780+,5106.67,0.628,1.1629,PA
LN004457,2023-08-11,new_auto,11083.29,0.0712,84,167.93,700-739,3078.67,0.75,1.0453,GA
LN004458,2024-08-26,new_auto,34506.8,0.0707,48,827.43,740-779,4357.88,0.7415,1.1434,WA
LN004459,2025-01-26,used_auto,8324.94,0.1302,60,189.5,620-659,2826.94,0.75,1.0361,NY
LN004460,2024-07-28,new_auto,11802.66,0.1286,84,213.82,620-659,4891.59,0.2087,1.0148,WA
LN004461,2024-05-14,used_auto,12500.7,0.0653,84,185.81,780+,8121.6,0.3127,0.8726,WA
LN004462,2024-07-01,new_auto,11534.06,0.0604,60,223.2,740-779,8205.13,0.1257,1.1098,NY
LN004463,2023-03-16,new_auto,17404.59,0.1946,84,380.85,<580,3221.1,0.4053,1.0266,WA
LN004464,2024-02-28,used_auto,26972.23,0.0946,84,440.28,660-699,5340.12,0.5669,1.0124,WA
LN004465,2023-03-18,used_auto,11334.9,0.0752,48,274.17,700-739,4835.09,0.1795,1.0163,FL
LN004466,2023-03-01,used_auto,28878.79,0.084,72,512.0,700-739,10226.8,0.2112,1.2238,PA
LN004467,2023-11-21,refi_auto,45260.89,0.0626,48,1068.36,780+,5045.94,0.5405,0.9125,NY
LN004468,2024-06-07,used_auto,32279.39,0.0545,60,615.83,740-779,3150.45,0.4393,0.9352,GA
LN004469,2024-05-25,used_auto,24011.04,0.204,60,641.5,<580,4695.83,0.2461,1.1128,PA
LN004470,2024-07-28,used_auto,21133.6,0.1947,48,637.15,<580,5070.99,0.6313,1.1819,TX
LN004471,2023-05-12,used_auto,54618.68,0.1466,60,1289.65,620-659,3104.62,0.75,1.1408,OH
LN004472,2023-03-13,new_auto,23497.14,0.0706,84,355.32,700-739,7265.21,0.3993,0.9916,NC
LN004473,2024-09-17,used_auto,14106.9,0.0526,84,201.11,780+,3007.74,0.5041,1.1411,AZ
LN004474,2024-12-15,used_auto,41177.2,0.0772,48,999.85,700-739,6298.48,0.4921,0.9313,GA
LN004475,2025-01-29,new_auto,18307.3,0.0916,84,296.04,700-739,10438.21,0.118,0.911,MI
LN004476,2024-06-21,new_auto,48449.76,0.0982,60,1025.13,660-699,5609.76,0.4317,1.1215,MI
LN004477,2025-04-03,used_auto,20999.02,0.0752,60,420.98,700-739,6194.79,0.3228,1.1065,PA
LN004478,2023-02-08,new_auto,21706.94,0.0552,60,414.83,780+,4358.89,0.4996,1.2453,OH
LN004479,2024-05-05,new_auto,8204.29,0.1605,84,163.19,580-619,6871.56,0.1019,0.8542,PA
LN004480,2023-08-28,new_auto,53101.41,0.1667,48,1523.19,580-619,10287.74,0.3493,1.1255,NC
LN004481,2023-02-01,new_auto,15606.88,0.0588,60,300.85,740-779,9639.09,0.1886,1.1687,OH
LN004482,2023-05-04,new_auto,37381.4,0.1331,48,1008.61,620-659,7002.56,0.3191,0.9436,TX
LN004483,2025-01-12,used_auto,12778.64,0.0898,84,205.47,700-739,10327.12,0.0593,1.0232,WA
LN004484,2025-03-24,used_auto,17711.37,0.0924,60,369.73,660-699,7904.35,0.1064,1.1043,MI
LN004485,2023-11-05,new_auto,50383.61,0.067,84,753.06,700-739,5862.54,0.3334,0.9437,PA
LN004486,2024-02-08,used_auto,34096.47,0.1192,84,600.44,660-699,8291.03,0.3209,1.1529,TX
LN004487,2023-01-30,new_auto,22783.65,0.0453,72,361.98,780+,3749.54,0.539,0.803,WA
LN004488,2024-01-23,used_auto,13472.51,0.1164,48,352.41,660-699,8211.93,0.1435,0.8357,GA
LN004489,2023-03-28,used_auto,21784.3,0.2008,84,484.8,<580,7726.77,0.3145,0.8411,OH
LN004490,2023-09-27,used_auto,50116.06,0.1445,84,951.68,620-659,5490.75,0.3794,1.1564,GA
LN004491,2024-06-21,used_auto,16955.28,0.0732,60,338.3,740-779,6226.95,0.2502,0.906,PA
LN004492,2024-12-22,used_auto,36576.03,0.1677,84,742.61,580-619,7624.76,0.2587,0.8226,WA
LN004493,2024-03-05,new_auto,29913.88,0.0596,48,701.98,740-779,5165.27,0.3365,0.8088,NY
LN004494,2024-04-05,used_auto,20224.75,0.0422,84,278.5,780+,3791.71,0.506,0.9085,IL
LN004495,2023-10-29,new_auto,38782.87,0.2068,60,1042.24,<580,10009.23,0.2761,1.1095,NY
LN004496,2024-03-26,new_auto,15676.3,0.0627,72,261.8,780+,10947.8,0.2037,0.9487,IL
LN004497,2024-05-11,new_auto,9923.25,0.0706,84,150.06,700-739,5976.37,0.4057,1.1401,FL
LN004498,2024-12-15,new_auto,38109.85,0.0672,72,644.62,780+,6463.31,0.341,0.8891,CA
LN004499,2024-01-24,used_auto,53350.94,0.0666,48,1269.16,700-739,4736.38,0.578,1.0175,NC
LN004500,2024-01-28,used_auto,38852.11,0.0843,60,795.8,700-739,8700.01,0.171,1.1916,NC
LN004501,2025-05-07,new_auto,27818.78,0.1294,84,505.17,620-659,7577.49,0.1538,0.8595,IL
LN004502,2024-06-25,new_auto,9123.88,0.1249,72,180.71,620-659,10197.69,0.1008,1.2166,FL
LN004503,2025-02-23,used_auto,26973.07,0.0984,48,682.04,660-699,4731.49,0.4094,1.0191,PA
LN004504,2024-08-01,used_auto,36403.75,0.0825,48,893.0,700-739,7058.77,0.3324,0.9907,CA
LN004505,2023-02-24,new_auto,33343.85,0.0462,48,762.16,780+,8916.26,0.3522,0.9284,AZ
LN004506,2025-01-13,new_auto,29923.85,0.1256,48,796.26,620-659,6512.4,0.3061,0.9227,FL
LN004507,2023-02-26,used_auto,10862.88,0.1,84,180.34,660-699,9583.16,0.098,1.0139,NC
LN004508,2023-06-22,new_auto,36841.23,0.1383,72,755.79,620-659,5931.0,0.1976,1.002,PA
LN004509,2024-01-17,new_auto,22764.87,0.0547,48,529.12,780+,8342.91,0.1163,1.0935,PA
LN004510,2023-08-09,used_auto,49860.38,0.1041,48,1274.43,660-699,3671.76,0.75,1.1026,IL
LN004511,2024-02-08,refi_auto,26503.42,0.0935,84,431.14,700-739,8471.23,0.1772,1.1044,NY
LN004512,2025-02-22,refi_auto,44552.22,0.182,84,941.62,<580,4286.63,0.5215,0.9978,PA
LN004513,2023-07-22,used_auto,18924.32,0.0968,84,311.05,660-699,4502.56,0.4189,0.9088,FL
LN004514,2024-01-11,used_auto,22243.17,0.0746,84,340.73,740-779,5285.9,0.394,0.9811,OH
LN004515,2023-09-20,used_auto,44553.41,0.0717,72,763.23,700-739,5006.0,0.6523,0.9118,IL
LN004516,2025-05-18,new_auto,14201.93,0.0846,84,224.62,700-739,4197.17,0.6232,1.0935,CA
LN004517,2024-08-26,refi_auto,36939.92,0.0769,60,743.54,740-779,7167.61,0.441,1.1554,FL
LN004518,2024-03-04,used_auto,48349.13,0.0596,72,800.37,740-779,7990.47,0.2602,0.9918,IL
LN004519,2023-11-04,refi_auto,36252.15,0.2063,60,973.21,<580,3533.69,0.75,0.8599,TX
LN004520,2023-05-29,refi_auto,13773.06,0.0484,84,193.63,780+,5481.84,0.385,1.1128,NC
LN004521,2025-05-12,used_auto,47743.48,0.1095,60,1036.87,660-699,6739.07,0.479,1.1277,IL
LN004522,2023-06-08,new_auto,19350.91,0.0572,72,318.15,740-779,6374.29,0.4031,0.9398,TX
LN004523,2023-06-29,new_auto,45436.64,0.1934,84,991.0,<580,3488.59,0.75,1.1228,IL
LN004524,2023-11-11,refi_auto,44252.5,0.0516,84,628.79,740-779,5107.0,0.2074,0.835,CA
LN004525,2023-09-19,refi_auto,54590.43,0.0916,60,1137.45,700-739,8035.21,0.2923,0.8632,AZ
LN004526,2023-03-05,used_auto,49980.93,0.0499,84,706.19,780+,8931.7,0.1552,1.0966,NY
LN004527,2025-06-12,used_auto,42659.09,0.0623,60,829.29,740-779,6371.86,0.2974,0.8233,IL
LN004528,2023-08-06,used_auto,37029.66,0.0602,48,869.98,780+,10119.42,0.2733,1.1723,MI
LN004529,2024-03-08,used_auto,46800.92,0.0493,84,659.94,780+,3828.05,0.75,1.1008,WA
LN004530,2024-12-29,used_auto,54517.82,0.0675,60,1073.1,700-739,9213.8,0.3984,0.9277,NC
LN004531,2025-06-09,used_auto,19508.6,0.0729,48,469.79,740-779,6598.23,0.2229,0.8397,WA
LN004532,2023-11-19,used_auto,49216.06,0.1465,60,1161.82,620-659,8292.99,0.2021,0.9556,OH
LN004533,2024-10-01,used_auto,14163.58,0.102,48,360.59,660-699,8227.35,0.2648,0.8489,WA
LN004534,2024-07-01,used_auto,18270.67,0.1032,72,341.44,660-699,4754.89,0.1564,0.8535,OH
LN004535,2024-12-05,new_auto,43899.66,0.1135,72,843.48,660-699,10114.71,0.2879,1.0462,MI
LN004536,2024-04-28,new_auto,35469.48,0.1249,60,797.81,620-659,3681.22,0.5375,1.2162,PA
LN004537,2025-01-18,new_auto,48042.69,0.1105,48,1242.86,660-699,9762.88,0.2223,0.9222,AZ
LN004538,2024-12-27,new_auto,37269.5,0.1464,60,879.61,620-659,3005.89,0.6678,0.9639,MI
LN004539,2024-01-29,refi_auto,42066.82,0.0615,60,816.21,740-779,10082.53,0.1864,1.024,MI
LN004540,2023-08-01,used_auto,40497.8,0.075,60,811.49,740-779,7673.25,0.3306,1.1478,CA
LN004541,2023-07-11,used_auto,11734.03,0.1962,72,278.48,<580,9047.25,0.208,1.0388,PA
LN004542,2024-04-01,new_auto,47784.65,0.0492,60,900.0,780+,8753.55,0.3572,0.909,PA
LN004543,2025-02-24,used_auto,11345.73,0.1381,84,211.43,620-659,9471.71,0.2112,1.0648,AZ
LN004544,2024-03-05,used_auto,45293.07,0.0858,48,1118.11,700-739,9627.14,0.3299,0.9537,FL
LN004545,2025-04-06,used_auto,25727.88,0.079,60,520.44,700-739,10280.04,0.1853,1.2227,AZ
LN004546,2024-11-09,used_auto,29243.94,0.0998,48,741.42,660-699,8249.15,0.1476,0.9536,FL
LN004547,2024-02-13,used_auto,50028.15,0.2073,84,1133.03,<580,10843.15,0.1836,0.8094,OH
LN004548,2025-04-24,new_auto,54793.73,0.0447,60,1020.77,780+,3139.75,0.6612,1.1575,OH
LN004549,2023-01-01,used_auto,37866.19,0.1972,48,1146.64,<580,10253.19,0.2909,1.137,CA
LN004550,2024-02-09,new_auto,17205.34,0.1919,60,448.12,<580,7805.48,0.3822,0.8324,IL
LN004551,2023-01-30,new_auto,13890.29,0.063,84,204.92,740-779,6203.89,0.2466,1.0175,NC
LN004552,2023-09-11,new_auto,16598.68,0.0752,72,287.15,700-739,3908.46,0.5704,0.8112,CA
LN004553,2024-06-21,refi_auto,43808.22,0.0448,48,998.59,780+,3416.93,0.658,1.086,NY
LN004554,2025-01-26,new_auto,54491.0,0.178,48,1594.98,580-619,9680.8,0.318,0.8313,GA
LN004555,2024-11-10,used_auto,20586.23,0.0675,84,308.19,780+,2998.45,0.4539,1.0503,NY
LN004556,2024-04-30,used_auto,17976.21,0.2055,72,436.33,<580,5932.28,0.4152,1.2435,CA
LN004557,2024-09-25,new_auto,26492.4,0.1929,60,691.46,<580,6829.84,0.3058,1.0392,FL
LN004558,2024-04-27,new_auto,13540.28,0.1818,60,345.16,<580,9411.82,0.0851,1.0973,IL
LN004559,2023-10-05,used_auto,41839.72,0.0718,48,1005.4,740-779,6540.02,0.4621,1.1453,NC
LN004560,2023-08-19,used_auto,42789.35,0.0812,72,752.75,700-739,6527.25,0.2995,1.0667,WA
LN004561,2025-05-03,used_auto,48922.16,0.1296,72,981.04,620-659,9099.33,0.377,1.2397,TX
LN004562,2024-07-06,used_auto,41658.05,0.0675,60,819.97,740-779,8886.73,0.3704,1.0382,WA
LN004563,2025-06-17,new_auto,18208.98,0.0513,48,420.41,740-779,5169.9,0.5159,0.8871,NY
LN004564,2025-02-26,used_auto,33594.77,0.1808,84,707.67,<580,9759.0,0.114,0.8693,NC
LN004565,2024-03-10,new_auto,24319.22,0.1144,84,422.05,660-699,9400.54,0.2723,0.8402,NY
LN004566,2025-05-12,new_auto,12892.56,0.0906,60,268.0,700-739,9525.6,0.2167,0.8237,MI
LN004567,2024-07-11,new_auto,45670.86,0.0953,84,747.15,660-699,10644.59,0.2494,1.1895,TX
LN004568,2024-12-12,used_auto,20137.04,0.078,48,489.72,740-779,7189.18,0.3353,1.1211,CA
LN004569,2025-03-08,used_auto,31599.53,0.1591,60,766.93,580-619,3292.63,0.75,1.1066,NC
LN004570,2023-04-08,new_auto,12696.41,0.0524,84,180.89,780+,7035.57,0.0828,1.0389,AZ
LN004571,2024-05-10,refi_auto,50314.14,0.0682,72,853.46,780+,3855.3,0.5156,1.2194,NY
LN004572,2024-03-19,used_auto,11416.5,0.0636,48,270.01,740-779,10475.16,0.1761,1.0367,OH
LN004573,2024-07-16,used_auto,22435.42,0.0987,60,475.25,660-699,5669.33,0.3899,0.9399,IL
LN004574,2024-08-19,used_auto,21715.55,0.0956,60,456.7,660-699,5403.57,0.3394,0.9709,IL
LN004575,2023-08-18,used_auto,30672.12,0.0876,72,549.24,700-739,3525.19,0.6603,0.9736,WA
LN004576,2024-09-21,used_auto,19710.25,0.1644,48,563.05,580-619,3618.76,0.6773,0.8076,MI
LN004577,2024-09-16,refi_auto,39907.61,0.0739,48,962.87,740-779,5679.41,0.6256,0.8439,GA
LN004578,2024-08-28,used_auto,18457.51,0.0567,72,303.03,740-779,6798.85,0.2624,0.9516,GA
LN004579,2025-04-03,new_auto,38015.75,0.1993,72,909.04,<580,8430.92,0.3194,0.9035,PA
LN004580,2023-03-31,new_auto,13908.13,0.0727,48,334.79,740-779,6362.15,0.3048,1.1438,MI
LN004581,2023-12-26,used_auto,26687.45,0.0698,60,528.19,740-779,3019.04,0.75,1.0408,CA
LN004582,2024-12-10,new_auto,51759.71,0.0732,60,1032.74,700-739,6140.78,0.3486,1.0374,PA
LN004583,2023-09-24,used_auto,51199.52,0.119,60,1136.32,660-699,5131.87,0.3615,1.2059,CA
LN004584,2023-10-20,used_auto,14779.55,0.074,84,225.96,740-779,8910.55,0.1299,1.0778,NC
LN004585,2025-01-06,used_auto,17448.81,0.1317,60,398.53,620-659,8780.82,0.2218,0.8109,AZ
LN004586,2023-06-08,used_auto,12899.65,0.1702,48,372.35,580-619,7363.2,0.209,1.0368,GA
LN004587,2025-05-11,used_auto,17669.43,0.1531,60,423.24,580-619,5568.48,0.1858,1.1017,PA
LN004588,2025-01-30,used_auto,26914.07,0.047,72,429.71,780+,9339.17,0.2356,1.2386,OH
LN004589,2025-03-28,refi_auto,27990.3,0.1415,60,653.46,620-659,5287.48,0.5507,0.9805,MI
LN004590,2024-11-03,new_auto,35857.76,0.041,72,562.64,780+,3391.63,0.3515,0.9672,FL
LN004591,2024-03-26,new_auto,20245.88,0.0786,72,353.59,700-739,2858.26,0.2814,1.1625,OH
LN004592,2023-08-20,used_auto,52884.87,0.0795,84,822.96,700-739,5361.71,0.4167,0.9342,PA
LN004593,2024-10-14,new_auto,29438.44,0.0664,60,577.93,700-739,4411.36,0.5242,1.0433,FL
LN004594,2024-01-09,used_auto,21486.07,0.0676,48,512.12,780+,5972.59,0.1584,0.885,NY
LN004595,2025-02-23,used_auto,40907.86,0.1306,84,745.53,620-659,3674.39,0.4687,0.8464,IL
LN004596,2023-03-23,new_auto,12691.4,0.0852,84,201.11,700-739,9887.82,0.1872,1.0972,AZ
LN004597,2024-12-28,used_auto,46509.85,0.1571,72,1001.47,580-619,7062.18,0.2862,1.2425,TX
LN004598,2024-01-30,new_auto,30316.82,0.0691,84,456.23,700-739,10833.1,0.2206,1.2115,AZ
LN004599,2023-09-16,new_auto,46896.42,0.108,48,1207.51,660-699,8385.42,0.2656,1.0194,TX
LN004600,2023-09-25,new_auto,17038.06,0.0628,60,331.62,780+,4165.91,0.5111,1.188,CA
LN004601,2023-09-15,used_auto,23312.26,0.0875,48,577.36,700-739,4067.34,0.5459,1.0091,MI
LN004602,2025-06-18,used_auto,22992.33,0.1636,60,563.54,580-619,7102.37,0.4234,0.9071,GA
LN004603,2023-05-04,new_auto,27460.56,0.1496,48,763.69,620-659,5793.46,0.4073,1.1011,PA
LN004604,2024-07-13,used_auto,8325.56,0.0574,48,194.54,740-779,5523.87,0.1853,1.0421,GA
LN004605,2024-04-10,used_auto,37592.55,0.0736,60,750.78,740-779,3219.15,0.75,0.8858,CA
LN004606,2024-04-23,refi_auto,10938.5,0.2029,60,291.57,<580,10504.21,0.1088,1.1184,GA
LN004607,2024-07-28,used_auto,13303.88,0.0471,72,212.47,780+,9780.01,0.2194,1.239,TX
LN004608,2024-08-31,used_auto,39911.35,0.0938,60,835.87,660-699,7881.13,0.2033,1.1697,OH
LN004609,2023-06-21,refi_auto,39123.59,0.0623,72,652.65,740-779,7211.09,0.4059,0.9379,WA
LN004610,2024-09-15,new_auto,35383.42,0.0659,84,526.97,780+,8087.9,0.1879,0.9457,CA
LN004611,2024-04-11,new_auto,44371.71,0.1869,60,1143.47,<580,5747.54,0.5936,1.0269,FL
LN004612,2023-12-25,used_auto,20339.6,0.0586,48,476.37,780+,10077.38,0.1048,1.0699,MI
LN004613,2024-09-07,used_auto,25186.89,0.0396,60,463.4,780+,7613.56,0.1383,1.1238,AZ
LN004614,2024-11-05,refi_auto,49136.59,0.0757,72,851.24,740-779,3328.77,0.6852,0.9475,FL
LN004615,2023-03-24,new_auto,36002.53,0.0925,48,900.2,700-739,5053.68,0.6277,1.215,CA
LN004616,2024-05-10,used_auto,13686.52,0.0838,72,242.52,700-739,5564.93,0.3195,1.0412,OH
LN004617,2024-02-12,new_auto,10073.24,0.0911,84,162.63,700-739,4307.56,0.5961,1.0325,MI
LN004618,2024-11-08,used_auto,54062.39,0.0648,60,1057.29,740-779,10895.78,0.301,1.0509,TX
LN004619,2023-11-26,used_auto,11775.68,0.1171,72,228.44,660-699,9885.32,0.2782,1.0959,NC
LN004620,2025-06-13,new_auto,50658.75,0.1239,72,1000.69,620-659,10954.56,0.3095,1.1417,AZ
LN004621,2023-04-24,new_auto,40315.84,0.0981,48,1018.84,660-699,2811.78,0.75,1.094,FL
LN004622,2024-05-10,used_auto,15160.23,0.0711,72,259.27,740-779,7889.56,0.3572,0.9284,AZ
LN004623,2023-11-12,new_auto,50826.57,0.1835,48,1502.34,<580,6023.8,0.5535,1.2069,WA
LN004624,2024-06-29,used_auto,37210.19,0.1308,84,678.55,620-659,8450.59,0.3613,1.1769,NC
LN004625,2023-05-16,used_auto,19412.35,0.1169,48,508.25,660-699,10540.19,0.1971,0.95,AZ
LN004626,2023-10-01,new_auto,37044.71,0.0908,48,923.27,700-739,3103.02,0.75,0.9879,AZ
LN004627,2023-06-10,used_auto,39717.74,0.1051,72,746.06,660-699,10092.89,0.1429,1.1051,NY
LN004628,2024-07-22,used_auto,34492.55,0.2063,84,779.09,<580,4843.38,0.6904,1.1718,AZ
LN004629,2024-06-05,refi_auto,47901.74,0.0613,84,702.76,740-779,5751.34,0.3284,0.8625,GA
LN004630,2024-05-03,refi_auto,49209.67,0.0758,84,756.74,700-739,9050.08,0.1928,1.2355,PA
LN004631,2023-12-27,used_auto,49115.24,0.1653,48,1405.31,580-619,4638.15,0.4136,0.8791,OH
LN004632,2024-10-12,new_auto,47879.96,0.0972,84,787.95,660-699,7897.97,0.2477,1.0632,AZ
LN004633,2024-11-13,new_auto,29390.7,0.0476,48,673.66,780+,8453.36,0.208,0.8159,WA
LN004634,2024-08-27,used_auto,30671.98,0.1028,72,572.56,660-699,8119.83,0.3508,1.0352,GA
LN004635,2023-06-17,new_auto,38312.09,0.0907,72,691.93,700-739,8170.63,0.2274,1.0537,FL
LN004636,2025-05-17,refi_auto,39263.06,0.0724,60,781.91,700-739,5168.25,0.4909,1.0765,NC
LN004637,2025-04-17,new_auto,8273.01,0.0532,84,118.18,740-779,6420.19,0.3493,0.9325,NY
LN004638,2023-08-17,used_auto,33638.68,0.1192,72,656.24,660-699,7749.64,0.2608,1.2476,AZ
LN004639,2024-12-14,used_auto,30105.46,0.12,60,669.68,660-699,10748.15,0.1621,1.016,PA
LN004640,2024-04-15,new_auto,31765.26,0.0674,48,756.83,700-739,8545.01,0.2709,1.0162,GA
LN004641,2023-11-22,used_auto,32604.77,0.1217,72,640.32,620-659,4350.23,0.6384,0.9864,FL
LN004642,2024-11-10,refi_auto,29010.18,0.0669,48,690.52,740-779,8049.59,0.143,0.9446,CA
LN004643,2025-03-29,used_auto,25413.94,0.1709,84,520.68,580-619,5253.37,0.2339,1.0827,PA
LN004644,2025-05-10,new_auto,23792.5,0.061,84,348.72,740-779,6272.36,0.232,1.0544,CA
LN004645,2024-12-12,used_auto,12251.97,0.066,60,240.3,700-739,6498.38,0.1695,1.1516,WA
LN004646,2025-01-04,used_auto,22431.32,0.1251,60,504.77,620-659,9072.37,0.3396,0.9475,FL
LN004647,2023-04-15,used_auto,40572.71,0.1217,60,906.01,620-659,5169.6,0.3885,1.025,GA
LN004648,2024-06-10,used_auto,29865.79,0.0621,72,497.93,780+,3642.01,0.7197,1.0686,GA
LN004649,2024-06-21,used_auto,10571.38,0.1262,84,190.14,620-659,4902.77,0.5255,0.815,WA
LN004650,2023-08-01,refi_auto,8135.29,0.1989,84,180.12,<580,5980.54,0.4025,0.9232,OH
LN004651,2024-02-12,new_auto,38528.98,0.094,84,627.75,700-739,10758.08,0.1381,1.1261,OH
LN004652,2024-01-04,used_auto,16423.73,0.2041,84,368.77,<580,3109.38,0.3683,0.8678,WA
LN004653,2023-05-14,new_auto,39866.45,0.0787,60,805.87,740-779,10566.29,0.292,0.8429,AZ
LN004654,2025-02-08,used_auto,31844.84,0.1213,72,624.73,620-659,7195.07,0.1942,0.8231,FL
LN004655,2025-01-11,refi_auto,23688.67,0.0697,60,468.73,740-779,9993.42,0.1434,1.2012,MI
LN004656,2023-01-05,refi_auto,10136.55,0.0622,48,239.08,740-779,10681.83,0.2644,1.0758,OH
LN004657,2025-02-09,used_auto,36402.83,0.1042,60,781.0,660-699,4409.83,0.2935,1.0213,MI
LN004658,2024-06-05,used_auto,54069.83,0.1099,60,1175.34,660-699,5542.64,0.6613,0.9808,MI
LN004659,2025-03-20,new_auto,44196.46,0.0817,60,899.74,700-739,7822.7,0.3849,0.9337,GA
LN004660,2023-07-27,new_auto,49088.81,0.0865,84,781.1,700-739,8633.8,0.1899,1.1886,PA
LN004661,2023-09-15,used_auto,42516.24,0.1838,84,903.09,<580,2807.95,0.75,0.8045,NC
LN004662,2025-03-11,used_auto,12821.72,0.0632,48,303.0,780+,5531.81,0.3973,0.9763,MI
LN004663,2024-05-23,used_auto,37790.16,0.1124,84,651.84,660-699,5449.21,0.5698,1.1904,WA
LN004664,2024-12-07,new_auto,17491.91,0.0587,48,409.76,740-779,4866.87,0.1746,0.9797,CA
LN004665,2024-01-26,refi_auto,46850.95,0.0906,84,755.22,700-739,9672.65,0.1423,1.1815,NY
LN004666,2025-05-06,new_auto,39567.81,0.1141,72,761.47,660-699,10852.77,0.1368,0.8222,FL
LN004667,2023-10-04,new_auto,46339.21,0.0715,84,702.79,700-739,8370.47,0.3725,1.1421,TX
LN004668,2023-10-22,new_auto,21515.54,0.0599,60,415.86,740-779,3994.27,0.6109,0.8703,NY
LN004669,2024-09-10,new_auto,14180.55,0.2011,48,432.35,<580,3023.28,0.4141,1.0014,FL
LN004670,2025-01-01,used_auto,20443.59,0.0721,48,491.54,700-739,8053.69,0.3391,1.0552,NY
LN004671,2024-08-25,used_auto,36395.81,0.1192,48,957.01,660-699,8016.99,0.3023,0.9849,OH
LN004672,2025-05-31,used_auto,20915.43,0.0611,84,306.65,780+,5144.19,0.5221,1.0418,IL
LN004673,2024-10-19,used_auto,51895.19,0.0565,48,1210.45,740-779,10221.86,0.1583,0.8851,NC
LN004674,2023-05-05,new_auto,19561.24,0.2079,84,443.73,<580,3248.95,0.5882,0.8845,WA
LN004675,2024-03-15,used_auto,47457.17,0.0439,48,1079.84,780+,6817.04,0.518,1.1513,FL
LN004676,2025-01-13,new_auto,46147.65,0.0851,84,731.05,700-739,8603.09,0.3527,0.888,WA
LN004677,2023-06-14,new_auto,52478.19,0.1247,72,1038.83,620-659,6343.85,0.4328,0.8746,PA
LN004678,2023-01-29,new_auto,41873.86,0.0525,72,679.24,740-779,4248.13,0.3386,0.952,GA
LN004679,2025-01-06,used_auto,44256.31,0.1759,72,999.16,580-619,10338.84,0.3094,0.8191,AZ
LN004680,2024-01-14,new_auto,11497.28,0.1893,60,297.8,<580,4321.3,0.6641,0.9132,GA
LN004681,2024-10-21,new_auto,39271.09,0.1094,60,852.67,660-699,7517.31,0.233,1.1935,MI
LN004682,2023-12-27,used_auto,15344.6,0.209,60,414.26,<580,4412.25,0.6604,0.9253,NY
LN004683,2024-08-19,used_auto,46185.55,0.0765,60,928.76,740-779,4499.23,0.5507,1.0288,MI
LN004684,2025-02-01,new_auto,50565.36,0.0778,48,1229.23,740-779,5590.83,0.5914,1.0607,OH
LN004685,2023-07-06,used_auto,34807.98,0.0918,60,725.6,660-699,5631.98,0.555,0.8581,WA
LN004686,2025-04-12,new_auto,8266.84,0.0651,84,122.8,700-739,9966.61,0.0679,0.9961,OH
LN004687,2023-09-13,new_auto,40019.75,0.0986,72,738.58,660-699,4179.14,0.5987,0.921,WA
LN004688,2025-05-14,used_auto,48863.63,0.0912,84,789.15,660-699,7485.28,0.3542,0.8627,AZ
LN004689,2024-10-02,new_auto,46481.79,0.2003,72,1114.18,<580,9383.36,0.3103,1.1181,CA
LN004690,2023-03-15,used_auto,10918.7,0.0725,72,187.47,740-779,5711.71,0.261,1.094,FL
LN004691,2023-02-20,used_auto,27781.4,0.1093,48,717.08,660-699,9244.8,0.343,1.1723,WA
LN004692,2025-02-23,used_auto,30742.02,0.1275,84,555.09,620-659,9536.26,0.1395,0.9301,MI
LN004693,2024-02-22,refi_auto,15326.49,0.0629,72,256.11,740-779,9772.84,0.232,0.8631,AZ
LN004694,2024-12-29,refi_auto,22023.46,0.1818,60,561.41,<580,6723.34,0.256,1.2003,OH
LN004695,2025-01-24,new_auto,36608.74,0.1301,84,666.18,620-659,7174.67,0.3481,0.8136,MI
LN004696,2024-02-16,refi_auto,11667.4,0.1496,60,277.32,620-659,10929.45,0.0949,1.187,OH
LN004697,2023-06-17,new_auto,33804.11,0.0669,84,505.09,700-739,8134.31,0.2919,0.9307,PA
LN004698,2023-03-12,refi_auto,18939.55,0.104,48,484.0,660-699,6573.66,0.161,0.8179,WA
LN004699,2023-05-12,new_auto,54978.5,0.2091,48,1699.79,<580,5849.74,0.5869,0.9338,CA
LN004700,2023-02-25,used_auto,22447.35,0.1676,48,644.94,580-619,3009.25,0.5345,0.8313,AZ
LN004701,2023-06-27,used_auto,28648.1,0.06,48,672.8,780+,8802.12,0.3232,1.2129,TX
LN004702,2023-03-02,used_auto,8764.99,0.1487,72,184.72,620-659,3264.11,0.3577,0.8585,NC
LN004703,2023-04-01,used_auto,40197.72,0.1862,48,1193.87,<580,9365.86,0.2572,0.8042,MI
LN004704,2024-01-02,used_auto,33832.81,0.0512,84,480.1,740-779,2926.44,0.6245,1.235,AZ
LN004705,2023-09-30,new_auto,32552.17,0.1604,48,923.2,580-619,5523.48,0.2479,0.958,WA
LN004706,2023-12-09,used_auto,10432.27,0.1547,72,223.26,580-619,9183.18,0.1972,0.8517,CA
LN004707,2024-09-23,refi_auto,28418.03,0.176,84,590.64,580-619,9737.77,0.1596,1.1381,NY
LN004708,2024-05-25,new_auto,12936.81,0.1457,72,270.54,620-659,2885.42,0.4266,1.1139,FL
LN004709,2023-01-08,new_auto,13709.86,0.06,84,200.28,780+,4440.56,0.5794,0.8841,NC
LN004710,2023-01-21,used_auto,33649.79,0.1797,72,766.91,580-619,9472.21,0.2968,0.9353,PA
LN004711,2024-02-22,used_auto,9620.67,0.1083,60,208.36,660-699,5404.33,0.4974,1.1657,TX
LN004712,2023-04-11,new_auto,51741.88,0.2021,60,1376.9,<580,9213.54,0.3918,1.0659,WA
LN004713,2024-12-25,used_auto,9209.79,0.0679,48,219.64,740-779,4150.88,0.5303,1.0809,CA
LN004714,2025-01-20,used_auto,39102.99,0.0644,60,764.0,780+,7034.05,0.3054,1.2044,CA
LN004715,2025-04-20,used_auto,50481.14,0.1087,72,957.5,660-699,4970.45,0.358,1.1185,TX
LN004716,2023-10-13,used_auto,38304.44,0.1644,84,770.44,580-619,7927.88,0.3847,1.1779,PA
LN004717,2024-04-24,new_auto,23710.91,0.2086,60,639.59,<580,7437.32,0.3556,1.1145,FL
LN004718,2024-04-14,new_auto,42588.6,0.0648,84,632.0,740-779,7863.75,0.1966,0.9734,PA
LN004719,2024-10-10,used_auto,32001.99,0.2067,72,779.02,<580,10677.23,0.2141,1.1566,MI
LN004720,2024-07-29,used_auto,49661.28,0.1857,48,1473.63,<580,10945.6,0.2625,0.8803,FL
LN004721,2023-06-04,used_auto,26111.19,0.0899,84,419.97,700-739,8072.04,0.106,1.0008,IL
LN004722,2024-03-04,new_auto,13505.35,0.0542,84,193.56,740-779,3275.16,0.6393,1.2123,IL
LN004723,2024-08-04,new_auto,12109.47,0.1189,72,236.05,660-699,2813.49,0.4132,0.8121,FL
LN004724,2024-03-03,used_auto,54972.26,0.0767,84,847.8,700-739,4574.1,0.471,1.1485,NY
LN004725,2024-05-20,new_auto,46362.56,0.0569,72,761.6,780+,3161.16,0.6396,0.982,GA
LN004726,2024-11-26,used_auto,24648.38,0.1958,48,744.55,<580,8118.56,0.233,1.2147,IL
LN004727,2025-04-29,new_auto,27556.21,0.1987,72,657.97,<580,3193.24,0.75,1.1427,TX
LN004728,2023-10-22,refi_auto,25426.18,0.1029,72,474.77,660-699,5355.36,0.1953,1.0583,CA
LN004729,2024-08-21,new_auto,27635.67,0.0618,72,460.35,740-779,2905.38,0.4325,1.0861,IL
LN004730,2024-07-03,used_auto,12333.98,0.0425,48,279.87,780+,8884.2,0.2994,1.0751,NY
LN004731,2024-12-13,used_auto,36665.97,0.0971,48,924.85,660-699,6489.33,0.2988,1.1751,CA
LN004732,2023-10-13,used_auto,28466.31,0.049,48,654.27,780+,10746.17,0.3022,1.1556,NY
LN004733,2024-11-11,new_auto,48927.53,0.0721,48,1176.4,740-779,5525.72,0.4628,1.0901,FL
LN004734,2023-08-07,used_auto,10464.55,0.0552,84,150.48,780+,3093.38,0.3187,1.0625,GA
LN004735,2025-03-24,used_auto,28778.88,0.1008,84,478.95,660-699,6670.25,0.2529,0.8915,MI
LN004736,2023-01-02,refi_auto,19671.65,0.0588,84,286.24,780+,5132.53,0.3902,0.8615,PA
LN004737,2023-04-29,new_auto,33647.45,0.1729,48,975.95,580-619,4501.4,0.5695,1.1853,TX
LN004738,2023-01-10,new_auto,48675.54,0.1351,60,1120.27,620-659,4908.08,0.3532,1.1458,IL
LN004739,2023-01-19,new_auto,29809.79,0.0797,72,522.23,700-739,3732.92,0.4831,0.838,NC
LN004740,2024-12-24,new_auto,20495.48,0.057,72,336.77,780+,4631.76,0.4393,1.1352,GA
LN004741,2023-05-16,used_auto,38402.23,0.0538,60,731.4,740-779,10878.56,0.2435,1.1967,GA
LN004742,2023-07-04,new_auto,44684.56,0.1737,48,1297.94,580-619,4188.86,0.6057,1.1355,PA
LN004743,2024-01-28,refi_auto,27376.66,0.0866,60,563.79,700-739,10203.27,0.247,1.0645,PA
LN004744,2023-10-09,used_auto,19758.25,0.1193,60,438.81,660-699,9768.45,0.2365,1.0024,MI
LN004745,2025-03-14,used_auto,10979.37,0.1213,60,244.95,620-659,7236.98,0.2583,0.9848,AZ
LN004746,2023-02-07,new_auto,42400.14,0.1454,84,807.28,620-659,10212.78,0.1996,1.0898,IL
LN004747,2023-04-18,new_auto,23476.55,0.0492,84,330.93,780+,7743.37,0.2202,1.1392,PA
LN004748,2024-05-13,used_auto,16446.91,0.0672,48,391.71,740-779,4099.27,0.6936,0.8747,PA
LN004749,2023-06-13,new_auto,47806.61,0.0479,48,1096.41,780+,5402.23,0.5985,1.2039,CA
LN004750,2024-03-13,used_auto,26952.37,0.0501,84,381.07,740-779,3162.64,0.2607,1.2254,MI
LN004751,2024-07-19,used_auto,31595.75,0.0948,72,577.09,660-699,3861.36,0.4636,0.9897,FL
LN004752,2023-12-11,new_auto,46445.35,0.0575,48,1085.45,740-779,7949.22,0.27,0.9326,TX
LN004753,2024-02-04,refi_auto,33875.13,0.0708,60,672.05,700-739,8921.33,0.2131,1.2268,IL
LN004754,2025-03-23,used_auto,54950.81,0.0588,84,799.59,740-779,10970.75,0.1369,1.12,MI
LN004755,2023-01-18,new_auto,34126.97,0.0658,48,810.58,780+,5625.34,0.5811,0.81,NC
LN004756,2023-01-24,used_auto,12907.02,0.0403,72,202.11,780+,8584.81,0.2485,1.0324,CA
LN004757,2023-07-03,used_auto,43961.93,0.1141,60,964.85,660-699,10425.21,0.1894,0.9434,IL
LN004758,2024-05-23,used_auto,38342.92,0.0725,72,658.32,700-739,8979.29,0.2423,0.8897,PA
LN004759,2023-11-12,new_auto,31098.3,0.0922,72,563.97,700-739,3986.59,0.435,1.006,NY
LN004760,2024-03-14,new_auto,46576.67,0.0828,48,1143.2,700-739,8132.99,0.4068,0.9995,NC
LN004761,2025-05-20,new_auto,8027.57,0.1133,60,175.86,660-699,10768.76,0.1186,1.1579,AZ
LN004762,2023-03-11,used_auto,41510.04,0.0846,84,656.54,700-739,9840.75,0.1541,1.2488,OH
LN004763,2023-11-20,new_auto,21199.52,0.1499,48,589.89,620-659,9614.0,0.2711,0.8674,GA
LN004764,2023-11-05,new_auto,20936.88,0.1164,60,461.93,660-699,10678.06,0.1352,0.9089,PA
LN004765,2024-02-01,used_auto,15612.27,0.1035,72,291.99,660-699,8905.56,0.1948,0.8271,CA
LN004766,2025-01-13,refi_auto,9385.69,0.1348,72,190.8,620-659,9080.29,0.2093,0.938,TX
LN004767,2024-11-01,used_auto,15288.96,0.1924,60,398.63,<580,10220.39,0.2238,1.2172,GA
LN004768,2023-05-18,used_auto,19722.09,0.0742,84,301.72,740-779,6716.15,0.2298,0.9173,NY
LN004769,2023-01-07,refi_auto,43809.62,0.1285,48,1172.04,620-659,10064.77,0.2549,1.0964,FL
LN004770,2024-11-14,used_auto,27653.09,0.0757,84,425.11,700-739,10705.71,0.1142,0.9002,GA
LN004771,2023-11-09,used_auto,29350.94,0.1128,72,562.89,660-699,8328.52,0.1839,0.9055,IL
LN004772,2024-11-03,used_auto,54402.4,0.0822,84,853.9,700-739,5762.24,0.3543,0.9066,OH
LN004773,2024-05-21,new_auto,40234.44,0.0907,72,726.65,700-739,6391.88,0.2904,1.1984,GA
LN004774,2024-01-30,refi_auto,40820.17,0.1083,48,1051.65,660-699,3358.11,0.75,1.0948,WA
LN004775,2025-06-05,new_auto,28974.93,0.0472,60,543.08,780+,6993.83,0.239,1.1252,PA
LN004776,2023-08-19,refi_auto,24599.68,0.1107,60,535.72,660-699,5025.64,0.6119,1.1502,TX
LN004777,2023-06-30,used_auto,40390.87,0.164,60,990.83,580-619,7302.74,0.2841,1.1928,OH
LN004778,2024-12-20,used_auto,54786.48,0.1878,48,1631.77,<580,5272.66,0.5624,1.0363,WA
LN004779,2025-05-10,used_auto,53013.17,0.0581,48,1240.4,780+,7221.95,0.3646,0.8897,OH
LN004780,2023-07-18,new_auto,15781.22,0.0522,84,224.69,780+,3649.52,0.3827,1.0474,NC
LN004781,2024-04-30,used_auto,24044.73,0.0622,84,353.8,740-779,4086.25,0.5832,0.8952,CA
LN004782,2024-08-05,used_auto,31276.56,0.1219,48,826.55,620-659,8529.33,0.3969,1.2076,WA
LN004783,2024-02-11,used_auto,27523.39,0.0732,48,663.18,740-779,6278.42,0.2782,1.1034,IL
LN004784,2023-03-19,used_auto,35127.57,0.072,84,533.61,740-779,10015.11,0.1796,1.2211,PA
LN004785,2024-07-19,new_auto,34766.4,0.1689,60,861.98,580-619,3832.86,0.6128,1.0935,GA
LN004786,2024-01-03,refi_auto,29424.74,0.1018,84,491.23,660-699,3554.42,0.4164,1.0995,NC
LN004787,2023-02-26,new_auto,33228.51,0.0858,60,683.02,700-739,10644.16,0.3077,1.0689,TX
LN004788,2023-10-20,new_auto,43647.87,0.0567,84,630.75,740-779,4761.25,0.3741,0.8579,NC
LN004789,2023-03-09,used_auto,12506.59,0.052,72,202.58,740-779,7046.73,0.1435,0.8813,PA
LN004790,2024-10-30,used_auto,11959.52,0.1528,48,334.54,580-619,6497.76,0.1219,1.0053,GA
LN004791,2023-11-17,used_auto,46855.26,0.0425,48,1063.2,780+,9305.48,0.2497,1.1886,NY
LN004792,2023-09-08,new_auto,49816.33,0.0698,72,848.84,700-739,10899.3,0.2872,1.2324,NY
LN004793,2024-12-15,used_auto,42048.6,0.0702,48,1007.3,700-739,3071.13,0.5732,1.2266,GA
LN004794,2024-04-27,used_auto,36000.9,0.0988,72,664.77,660-699,9762.41,0.281,1.1405,TX
LN004795,2023-09-30,used_auto,30564.17,0.1308,60,696.68,620-659,5831.47,0.2621,0.8185,NY
LN004796,2025-04-02,used_auto,45816.58,0.1459,84,873.61,620-659,9973.28,0.2636,1.032,NY
LN004797,2024-08-16,used_auto,27709.76,0.1156,72,535.41,660-699,10860.36,0.1493,0.9392,PA
LN004798,2024-08-01,new_auto,26978.85,0.0676,60,531.16,780+,9228.68,0.3058,1.1426,FL
LN004799,2024-09-16,used_auto,41355.91,0.0657,60,810.53,700-739,9913.9,0.2509,0.8661,FL
LN004800,2023-12-16,new_auto,46986.87,0.058,72,774.28,740-779,10647.47,0.243,1.1562,TX
LN004801,2023-05-22,used_auto,33450.27,0.0951,60,702.68,660-699,6921.64,0.202,0.8534,TX
LN004802,2025-03-10,new_auto,35826.13,0.1352,48,970.4,620-659,3659.81,0.75,1.1515,AZ
LN004803,2025-01-10,used_auto,52190.95,0.0537,84,746.77,780+,3444.73,0.6898,1.1384,AZ
LN004804,2024-12-14,used_auto,52650.97,0.0401,48,1189.04,780+,2850.28,0.75,1.107,OH
LN004805,2023-09-04,used_auto,11724.5,0.06,60,226.67,780+,3771.74,0.6731,0.9234,GA
LN004806,2023-12-07,used_auto,20313.53,0.1856,48,602.67,<580,3781.68,0.75,0.9197,IL
LN004807,2025-05-12,used_auto,37295.79,0.0823,84,585.58,700-739,7680.93,0.4058,1.0683,IL
LN004808,2024-12-17,new_auto,48621.34,0.057,72,798.93,740-779,3339.26,0.75,0.9426,IL
LN004809,2024-08-06,refi_auto,46854.35,0.1793,72,1066.79,580-619,7244.67,0.2644,0.9791,TX
LN004810,2024-11-08,refi_auto,27765.64,0.0546,48,645.22,780+,9001.84,0.1993,1.242,NY
LN004811,2023-10-01,used_auto,37331.18,0.0478,72,597.41,780+,5784.13,0.4937,0.888,IL
LN004812,2025-04-03,new_auto,8140.18,0.1075,48,209.4,660-699,10556.55,0.1352,0.9506,AZ
LN004813,2024-11-24,used_auto,24864.16,0.0444,72,394.01,780+,10714.9,0.2271,1.2172,PA
LN004814,2023-02-14,refi_auto,38402.57,0.0857,48,947.83,700-739,9886.06,0.2032,1.0682,OH
LN004815,2025-01-04,used_auto,40946.32,0.0997,48,1037.91,660-699,8401.87,0.3204,0.8946,OH
LN004816,2024-01-14,new_auto,43944.32,0.2068,72,1069.98,<580,3617.89,0.75,1.0546,NY
LN004817,2024-03-27,used_auto,19018.96,0.0843,48,468.16,700-739,8487.62,0.3134,0.9802,AZ
LN004818,2025-06-15,refi_auto,54246.77,0.1847,72,1251.71,<580,8346.9,0.422,0.9704,WA
LN004819,2024-06-27,used_auto,16889.36,0.1878,48,503.04,<580,3068.22,0.75,1.1046,IL
LN004820,2025-04-18,new_auto,50847.25,0.0552,72,831.21,780+,6769.36,0.4389,1.0739,PA
LN004821,2024-07-22,used_auto,18074.62,0.1941,48,544.35,<580,4057.92,0.4323,1.0483,GA
LN004822,2023-03-21,used_auto,32410.01,0.0712,48,777.9,700-739,6546.69,0.3548,1.2263,NY
LN004823,2023-03-15,new_auto,35848.74,0.1407,48,980.88,620-659,10378.44,0.1361,0.8258,PA
LN004824,2024-01-02,used_auto,41345.79,0.1522,48,1155.3,580-619,2819.31,0.75,1.0316,OH
LN004825,2023-04-17,new_auto,47965.55,0.079,60,970.27,740-779,8392.55,0.3377,1.0279,TX
LN004826,2023-11-27,used_auto,39884.07,0.044,72,631.29,780+,10049.51,0.2558,0.9733,MI
LN004827,2023-07-15,new_auto,12753.03,0.0947,84,208.24,660-699,3302.21,0.75,0.8264,AZ
LN004828,2024-06-11,new_auto,35674.22,0.1532,84,694.82,580-619,3698.64,0.3532,1.183,NY
LN004829,2025-04-12,used_auto,9775.85,0.1622,72,213.24,580-619,10410.24,0.0875,1.1045,CA
LN004830,2023-03-03,used_auto,45030.68,0.1799,72,1026.8,580-619,7033.37,0.4897,1.1804,TX
LN004831,2023-12-12,new_auto,17730.48,0.2093,48,548.37,<580,3805.01,0.5122,1.1715,MI
LN004832,2023-07-16,used_auto,29840.95,0.0724,60,594.27,700-739,7296.49,0.3314,1.243,GA
LN004833,2023-09-28,new_auto,19319.71,0.0984,60,408.97,660-699,4236.77,0.4533,1.1375,AZ
LN004834,2025-02-20,new_auto,54125.98,0.0804,48,1322.39,700-739,5610.46,0.5477,0.8033,WA
LN004835,2023-07-03,new_auto,38130.63,0.0521,60,723.25,780+,6057.47,0.3058,1.0005,CA
LN004836,2023-03-23,used_auto,16696.17,0.1886,48,497.98,<580,10618.09,0.2571,0.9677,MI
LN004837,2024-08-30,refi_auto,34910.72,0.0724,48,839.87,740-779,5859.63,0.3378,1.0483,MI
LN004838,2023-07-23,used_auto,15870.91,0.0627,60,308.83,740-779,7940.74,0.1282,0.8432,FL
LN004839,2023-06-08,new_auto,44513.59,0.0794,60,901.3,700-739,7445.5,0.1924,0.8729,IL
LN004840,2023-02-03,refi_auto,54482.29,0.1915,48,1633.34,<580,8160.92,0.3149,0.9182,OH
LN004841,2024-01-24,used_auto,32237.62,0.0683,60,635.76,700-739,3674.85,0.4991,1.1429,FL
LN004842,2023-04-26,new_auto,18277.95,0.0765,72,317.36,740-779,9768.84,0.1229,0.8068,NY
LN004843,2025-06-14,used_auto,47143.39,0.1855,72,1089.95,<580,4836.34,0.6002,1.026,AZ
LN004844,2023-01-25,used_auto,23783.4,0.2073,60,639.81,<580,8859.68,0.3388,1.2346,AZ
LN004845,2024-04-05,new_auto,22371.46,0.164,84,449.46,580-619,7823.12,0.3156,1.0332,WA
LN004846,2024-04-03,used_auto,35807.57,0.1394,72,736.69,620-659,3438.42,0.466,0.8069,WA
LN004847,2024-06-02,new_auto,37260.49,0.1036,84,625.52,660-699,8593.68,0.168,1.0541,TX
LN004848,2023-12-31,used_auto,50804.65,0.0575,72,836.0,780+,6892.64,0.1946,1.227,AZ
LN004849,2023-05-26,new_auto,11104.34,0.1465,84,212.1,620-659,9479.39,0.2904,1.1295,FL
LN004850,2023-08-26,used_auto,34786.19,0.0457,60,649.63,780+,4523.87,0.5004,1.1637,NY
LN004851,2023-11-11,refi_auto,52649.72,0.1629,84,1054.45,580-619,8856.92,0.3186,1.099,AZ
LN004852,2024-08-16,refi_auto,35364.1,0.1212,48,933.36,620-659,3718.44,0.75,1.1632,MI
LN004853,2024-05-21,used_auto,13532.09,0.0538,84,193.69,780+,3852.74,0.4869,1.2111,CA
LN004854,2023-07-02,used_auto,51350.31,0.132,60,1173.64,620-659,6099.22,0.305,0.9814,WA
LN004855,2024-04-01,new_auto,31945.67,0.0716,72,547.1,740-779,8632.34,0.2985,1.1828,CA
LN004856,2024-04-15,used_auto,33916.87,0.0604,48,797.16,740-779,7057.11,0.1768,1.0908,AZ
LN004857,2025-01-20,refi_auto,46499.71,0.1949,72,1100.1,<580,7983.48,0.2648,0.8272,NC
LN004858,2024-02-20,used_auto,36311.93,0.0551,72,593.43,740-779,10484.94,0.1874,1.1716,GA
LN004859,2023-03-11,new_auto,22549.24,0.1127,84,389.31,660-699,3757.17,0.5254,0.8342,PA
LN004860,2024-06-14,used_auto,28704.94,0.1566,84,564.59,580-619,6601.94,0.3421,0.9972,WA
LN004861,2025-04-29,used_auto,29752.19,0.1271,60,672.55,620-659,8066.19,0.3075,1.0883,PA
LN004862,2024-10-10,used_auto,23373.33,0.1585,60,566.53,580-619,9287.35,0.1698,1.1454,MI
LN004863,2024-03-28,used_auto,29468.29,0.1142,84,511.1,660-699,7729.25,0.3226,1.0143,AZ
LN004864,2023-04-17,new_auto,38075.28,0.1901,60,987.9,<580,3019.77,0.474,1.0182,OH
LN004865,2024-01-27,used_auto,53192.31,0.1676,48,1528.27,580-619,8034.18,0.3974,1.0494,NC
LN004866,2023-10-23,new_auto,25236.24,0.0753,60,506.04,700-739,5477.43,0.5021,1.0241,AZ
LN004867,2023-08-10,used_auto,15332.61,0.0845,72,272.21,700-739,10282.79,0.2278,1.137,NC
LN004868,2023-10-27,used_auto,14356.58,0.1246,60,322.7,620-659,3842.91,0.3456,0.8016,IL
LN004869,2023-10-13,used_auto,25671.59,0.0947,48,644.58,660-699,10622.51,0.2798,0.8481,PA
LN004870,2023-06-14,new_auto,27326.27,0.1185,84,480.19,660-699,4195.97,0.2274,1.0581,CA
LN004871,2024-03-08,new_auto,41871.6,0.0797,60,848.4,740-779,9271.6,0.1487,1.1296,WA
LN004872,2024-07-07,used_auto,34711.35,0.1173,48,909.49,660-699,8318.82,0.3605,0.9511,PA
LN004873,2023-02-04,used_auto,13950.48,0.1319,72,281.44,620-659,3391.96,0.75,0.8123,AZ
LN004874,2023-09-08,used_auto,25638.98,0.1621,48,729.38,580-619,5239.3,0.6135,0.9854,FL
LN004875,2023-07-03,used_auto,40736.75,0.2049,72,987.37,<580,3821.79,0.5796,1.0656,IL
LN004876,2023-07-03,new_auto,28229.25,0.097,72,518.71,660-699,8365.7,0.1655,1.2045,TX
LN004877,2024-07-28,new_auto,21479.67,0.0924,48,536.97,660-699,10440.52,0.1861,0.8747,NC
LN004878,2024-07-07,refi_auto,36080.16,0.13,60,820.93,620-659,8817.75,0.2599,0.9319,WA
LN004879,2024-05-29,new_auto,44366.39,0.1195,84,782.0,660-699,8274.97,0.2837,1.2299,PA
LN004880,2023-08-01,new_auto,45907.76,0.181,72,1049.65,<580,4211.42,0.75,0.8677,PA
LN004881,2025-04-01,refi_auto,15726.75,0.1263,84,282.95,620-659,5550.49,0.23,1.158,TX
LN004882,2023-04-23,new_auto,16794.44,0.0984,84,277.42,660-699,7300.88,0.2163,0.9254,WA
LN004883,2024-08-25,new_auto,42026.22,0.161,72,913.94,580-619,3864.33,0.6734,0.8884,IL
LN004884,2025-02-15,new_auto,49733.24,0.0989,84,822.81,660-699,3434.67,0.603,1.1732,TX
LN004885,2023-09-27,used_auto,11424.44,0.1245,84,204.43,620-659,8228.37,0.2468,1.2445,OH
LN004886,2024-02-29,used_auto,43606.37,0.188,84,937.07,<580,6612.33,0.2132,1.0781,NC
LN004887,2025-02-10,new_auto,8498.69,0.0486,60,159.84,780+,4748.84,0.3269,0.8841,OH
LN004888,2024-01-01,new_auto,23298.39,0.1197,84,410.91,660-699,2878.8,0.6923,1.2037,CA
LN004889,2024-02-18,used_auto,50836.4,0.1896,84,1097.27,<580,8802.8,0.2141,0.8838,NC
LN004890,2024-11-28,used_auto,11616.01,0.0797,72,203.5,700-739,3735.24,0.3663,1.1201,NC
LN004891,2023-05-26,refi_auto,11627.38,0.1679,60,287.66,580-619,9054.63,0.1077,1.1816,MI
LN004892,2024-01-19,new_auto,33942.07,0.1299,84,617.29,620-659,10726.5,0.1749,1.0205,AZ
LN004893,2025-06-02,new_auto,20142.63,0.1174,72,391.07,660-699,9693.35,0.2855,1.0342,NY
LN004894,2023-07-19,new_auto,35509.42,0.0965,72,651.59,660-699,3190.74,0.4682,1.1661,NC
LN004895,2024-10-21,used_auto,37868.95,0.1006,60,805.72,660-699,9785.58,0.2164,0.9826,PA
LN004896,2023-05-27,refi_auto,30622.49,0.1911,72,717.78,<580,4756.37,0.2467,0.8839,NC
LN004897,2024-07-27,new_auto,17480.52,0.0513,48,403.59,780+,5103.49,0.5341,1.0785,TX
LN004898,2023-06-30,new_auto,45681.0,0.1279,48,1220.75,620-659,4570.54,0.5819,1.0023,NC
LN004899,2025-06-14,new_auto,16244.93,0.0543,84,232.9,740-779,10912.76,0.1998,1.0799,IL
LN004900,2024-02-09,new_auto,46691.67,0.1422,60,1091.77,620-659,7808.1,0.3964,1.1424,WA
LN004901,2023-03-29,refi_auto,18070.51,0.0876,48,447.63,700-739,8368.18,0.147,1.2124,IL
LN004902,2025-03-29,used_auto,12926.39,0.0773,84,199.74,740-779,10345.38,0.1993,0.8115,PA
LN004903,2023-07-01,new_auto,33110.21,0.0717,72,567.2,740-779,2959.19,0.4814,0.9773,NC
LN004904,2024-05-15,new_auto,22200.19,0.1749,60,557.6,580-619,6768.01,0.3373,0.8612,NY
LN004905,2023-12-23,used_auto,41411.11,0.0645,60,809.29,740-779,10144.34,0.1413,0.9419,NY
LN004906,2024-03-29,new_auto,12527.73,0.1686,60,310.4,580-619,9173.99,0.122,1.2196,OH
LN004907,2023-10-31,new_auto,39259.78,0.1001,48,995.92,660-699,6261.08,0.415,0.8781,IL
LN004908,2023-12-16,refi_auto,18562.69,0.0674,84,277.81,740-779,9469.44,0.0727,1.131,NC
LN004909,2023-04-06,new_auto,35023.22,0.1319,72,706.58,620-659,10235.44,0.211,1.2393,PA
LN004910,2023-03-31,refi_auto,14326.56,0.1801,60,363.88,<580,4385.13,0.4618,1.0623,PA
LN004911,2025-05-28,used_auto,51542.03,0.1458,84,982.49,620-659,10485.55,0.2226,1.1128,PA
LN004912,2025-02-09,refi_auto,10977.5,0.1013,84,182.98,660-699,8120.2,0.1695,1.079,IL
LN004913,2024-01-23,refi_auto,25817.35,0.2047,84,580.63,<580,6128.98,0.4259,0.8621,OH
LN004914,2025-01-25,used_auto,34947.51,0.063,48,825.56,780+,9749.88,0.1786,1.1,OH
LN004915,2024-05-24,used_auto,53770.25,0.1289,48,1439.59,620-659,9782.82,0.223,0.8889,NC
LN004916,2024-10-23,new_auto,50332.07,0.0944,60,1055.59,660-699,3609.87,0.5165,0.9357,CA
LN004917,2023-01-29,used_auto,47545.89,0.0558,48,1107.48,740-779,8278.85,0.4143,1.1071,NY
LN004918,2024-07-26,new_auto,29323.96,0.123,60,656.75,620-659,7645.56,0.2433,0.9064,MI
LN004919,2023-03-31,used_auto,19052.05,0.1942,48,573.89,<580,5247.05,0.2725,1.2302,NY
LN004920,2023-03-21,used_auto,17482.56,0.1402,72,360.43,620-659,10969.06,0.0824,0.9978,IL
LN004921,2024-04-01,used_auto,11031.85,0.095,60,231.69,700-739,10424.08,0.1019,0.9567,AZ
LN004922,2023-06-20,used_auto,20242.02,0.2097,60,547.27,<580,10481.65,0.2234,1.2253,MI
LN004923,2024-07-06,used_auto,27277.85,0.1371,60,630.61,620-659,8452.57,0.1602,0.9791,FL
LN004924,2024-04-16,used_auto,50409.84,0.0726,48,1213.22,700-739,4224.54,0.6486,0.9366,CA
LN004925,2024-09-03,used_auto,52845.19,0.0944,48,1326.12,700-739,6303.21,0.3353,1.2236,IL
LN004926,2024-03-20,refi_auto,23145.42,0.1419,72,479.29,620-659,3618.47,0.3749,1.0328,CA
LN004927,2023-10-07,used_auto,40539.6,0.0755,48,981.15,740-779,6334.82,0.3671,0.8049,NY
LN004928,2023-09-23,used_auto,30752.69,0.14,60,715.56,620-659,5936.94,0.2169,1.0242,NC
LN004929,2024-06-25,used_auto,50977.54,0.1912,60,1325.75,<580,9397.62,0.2244,1.004,IL
LN004930,2023-05-25,new_auto,40311.01,0.1387,84,752.54,620-659,3951.5,0.6224,1.0008,TX
LN004931,2024-10-09,used_auto,15976.05,0.1259,48,425.35,620-659,8087.87,0.3438,1.0484,NC
LN004932,2023-04-30,used_auto,34235.39,0.1407,84,642.9,620-659,10709.48,0.1003,1.1506,IL
LN004933,2024-02-05,used_auto,24192.45,0.0763,84,372.62,740-779,10790.89,0.1381,0.8005,CA
LN004934,2025-05-15,new_auto,18996.67,0.1154,72,366.86,660-699,3200.68,0.6541,1.0097,GA
LN004935,2024-11-06,new_auto,28680.34,0.1146,48,747.68,660-699,7571.35,0.1774,0.8583,TX
LN004936,2025-02-12,used_auto,27208.22,0.0869,60,560.71,700-739,6977.51,0.3415,0.8722,PA
LN004937,2023-11-13,new_auto,17875.8,0.1385,84,333.51,620-659,6786.77,0.1782,1.1703,NY
LN004938,2024-02-24,used_auto,40106.99,0.0499,48,923.45,780+,9945.89,0.2355,1.1488,NY
LN004939,2023-10-04,used_auto,26415.0,0.114,60,579.61,660-699,3962.43,0.6429,1.1139,NY
LN004940,2025-04-07,used_auto,27783.88,0.0953,84,454.53,660-699,3595.02,0.5201,0.8521,GA
LN004941,2024-01-14,new_auto,37935.29,0.1079,72,717.99,660-699,5646.19,0.2741,0.9212,TX
LN004942,2025-04-01,used_auto,36920.77,0.1051,60,793.75,660-699,7776.71,0.3057,0.906,TX
LN004943,2023-07-29,used_auto,41082.26,0.0806,72,721.51,700-739,8494.74,0.2037,1.001,WA
LN004944,2023-11-14,used_auto,50881.52,0.0526,48,1177.77,740-779,4959.13,0.7222,0.9603,WA
LN004945,2024-01-05,refi_auto,35250.31,0.0529,84,503.04,780+,4005.66,0.7251,1.0476,NC
LN004946,2023-01-21,new_auto,52578.41,0.1311,84,959.65,620-659,8020.27,0.2971,1.2178,NY
LN004947,2024-03-28,refi_auto,28257.27,0.118,60,625.72,660-699,3209.94,0.6299,1.2341,IL
LN004948,2023-04-11,used_auto,11615.16,0.0693,48,277.76,740-779,6040.89,0.351,1.1449,IL
LN004949,2025-01-13,new_auto,15970.34,0.074,60,319.25,740-779,5100.02,0.4882,0.8461,TX
LN004950,2025-04-22,used_auto,10939.58,0.1215,60,244.17,620-659,7421.43,0.1281,1.0644,MI
LN004951,2024-03-27,used_auto,37054.67,0.1801,72,845.34,<580,3167.05,0.75,0.8422,OH
LN004952,2023-09-04,used_auto,28951.04,0.0575,48,676.6,780+,8608.01,0.3804,0.9449,NC
LN004953,2024-01-21,used_auto,9311.98,0.1084,84,158.66,660-699,5628.44,0.3737,0.9318,PA
LN004954,2023-11-11,new_auto,25962.26,0.1259,60,585.29,620-659,9170.09,0.3116,1.0511,WA
LN004955,2023-10-29,new_auto,34824.4,0.0513,72,562.95,740-779,7403.92,0.3654,1.0516,CA
LN004956,2023-02-12,new_auto,45348.47,0.1322,72,915.6,620-659,8224.14,0.3577,1.162,NY
LN004957,2024-10-02,used_auto,19425.05,0.1199,48,511.44,660-699,10714.56,0.2253,1.1327,NY
LN004958,2024-04-09,used_auto,38616.2,0.1481,48,1071.0,620-659,10648.36,0.2835,1.2125,CA
LN004959,2024-03-20,used_auto,47102.45,0.068,60,928.25,700-739,3554.58,0.6107,0.8076,AZ
LN004960,2024-11-22,new_auto,18327.86,0.1358,84,339.23,620-659,6582.71,0.3244,1.0345,CA
LN004961,2024-07-24,used_auto,33569.28,0.0934,48,840.8,700-739,4064.86,0.75,1.2133,NY
LN004962,2024-09-14,refi_auto,39956.45,0.0663,60,784.23,780+,9341.54,0.2846,0.9601,MI
LN004963,2025-03-10,used_auto,22551.62,0.1398,48,616.03,620-659,7766.94,0.3239,0.9569,NC
LN004964,2023-08-26,used_auto,19703.63,0.0944,84,321.43,700-739,4132.84,0.6043,1.0986,PA
LN004965,2023-01-11,refi_auto,14762.88,0.0568,84,213.41,740-779,7996.14,0.2481,0.9176,IL
LN004966,2024-09-22,used_auto,38780.13,0.1987,72,925.97,<580,9090.26,0.1794,1.2027,NY
LN004967,2023-08-14,new_auto,52686.12,0.0885,48,1307.35,700-739,3001.38,0.75,1.0164,NY
LN004968,2025-05-29,new_auto,26047.95,0.0686,60,514.06,780+,10573.9,0.1479,1.1014,FL
LN004969,2025-01-11,used_auto,26386.88,0.0835,60,539.46,700-739,4730.85,0.4578,1.0465,MI
LN004970,2025-05-19,new_auto,8075.92,0.0777,72,140.69,740-779,8364.14,0.1443,0.9387,OH
LN004971,2024-04-22,new_auto,28989.41,0.0917,48,723.75,660-699,9348.01,0.314,1.0472,TX
LN004972,2023-12-19,used_auto,15992.89,0.0607,84,234.17,780+,6541.36,0.3039,0.8246,OH
LN004973,2024-12-08,used_auto,52095.69,0.0659,48,1237.61,740-779,3013.64,0.75,0.8792,OH
LN004974,2024-09-03,new_auto,38075.49,0.1539,48,1067.21,580-619,3249.28,0.5532,1.1386,NC
LN004975,2024-04-19,new_auto,47132.66,0.1598,72,1021.88,580-619,10053.9,0.1665,0.9941,TX
LN004976,2023-12-24,used_auto,36540.72,0.0881,60,755.16,700-739,4504.35,0.2677,0.8813,CA
LN004977,2023-06-14,used_auto,47277.18,0.1087,60,1024.86,660-699,3768.25,0.474,0.9286,CA
LN004978,2024-02-12,new_auto,25127.81,0.0767,72,436.53,740-779,7406.08,0.3028,1.2261,MI
LN004979,2024-08-03,new_auto,52856.16,0.1079,72,1000.39,660-699,9728.83,0.1514,1.2033,OH
LN004980,2024-04-07,new_auto,22031.92,0.0499,60,415.67,780+,9040.23,0.1943,0.8882,PA
LN004981,2023-11-16,refi_auto,16242.59,0.0678,72,275.21,780+,9111.11,0.1596,0.9928,NC
LN004982,2024-02-21,used_auto,50236.71,0.0997,84,833.21,660-699,6786.02,0.1832,0.8529,MI
LN004983,2024-01-19,new_auto,29806.08,0.0609,84,436.71,780+,10371.72,0.264,0.83,IL
LN004984,2023-06-19,new_auto,14455.38,0.0949,72,264.1,700-739,6185.21,0.2697,0.9397,GA
LN004985,2025-05-09,refi_auto,31477.4,0.1307,48,845.55,620-659,9238.29,0.2061,0.9788,TX
LN004986,2024-03-03,used_auto,18357.49,0.0861,60,377.61,700-739,6937.15,0.1221,0.9331,FL
LN004987,2023-06-28,new_auto,48369.43,0.0689,60,955.26,740-779,3026.34,0.75,0.8812,CA
LN004988,2025-06-18,used_auto,18538.02,0.1204,72,362.81,620-659,4976.73,0.5158,1.2406,FL
LN004989,2024-10-07,used_auto,23236.55,0.0606,72,385.76,780+,6994.26,0.1952,1.1838,CA
LN004990,2025-01-17,new_auto,39627.5,0.1484,72,834.48,620-659,5831.56,0.5156,1.0692,PA
LN004991,2024-09-20,refi_auto,54526.09,0.1268,72,1085.38,620-659,7477.94,0.3832,1.0713,CA
LN004992,2024-11-26,new_auto,52367.44,0.1177,72,1017.54,660-699,3973.85,0.6613,1.0131,MI
LN004993,2023-09-13,refi_auto,34853.07,0.1813,48,1026.18,<580,6871.62,0.3042,1.0588,CA
LN004994,2023-04-09,new_auto,36540.14,0.1572,84,719.95,580-619,9775.01,0.2416,1.0746,TX
LN004995,2024-10-26,new_auto,39610.17,0.1425,84,747.78,620-659,8007.91,0.1714,1.0945,OH
LN004996,2024-09-06,used_auto,25020.96,0.1947,60,655.55,<580,4946.15,0.5125,0.9309,WA
LN004997,2024-10-04,new_auto,41656.02,0.1249,72,825.04,620-659,9471.88,0.3329,0.8841,GA
LN004998,2023-05-03,used_auto,47158.49,0.1364,60,1088.51,620-659,5460.34,0.2866,0.968,MI
LN004999,2025-05-06,new_auto,10263.36,0.0452,72,163.02,780+,9646.29,0.2315,1.2416,NC
LN005000,2023-04-26,used_auto,25816.47,0.0771,84,398.66,740-779,3559.94,0.6387,1.0641,NY
